customerID,tenure,Contract,PaymentMethod,MonthlyCharges,TotalCharges,Churn,ChurnProbability,RiskLevel,PriorityScore,HighValue
7590-VHVEG,1,Month-to-month,Electronic check,29.85,29.85,No,0.68297064,High,55.35,False
5575-GNVDE,34,One year,Mailed check,56.95,1889.5,No,0.02882144,Low,16.4,False
3668-QPYBK,2,Month-to-month,Mailed check,53.85,108.15,Yes,0.4001917,Medium,41.62,False
7795-CFOCW,45,One year,Bank transfer (automatic),42.3,1840.75,No,0.030117862,Low,12.79,False
9237-HQITU,2,Month-to-month,Electronic check,70.7,151.65,Yes,0.6472359,High,63.17,False
9305-CDSKC,8,Month-to-month,Electronic check,99.65,820.5,Yes,0.8972285,High,87.98,True
1452-KIOVK,22,Month-to-month,Credit card (automatic),89.1,1949.4,No,0.3978321,Medium,50.36,False
6713-OKOMC,10,Month-to-month,Mailed check,29.75,301.9,No,0.17212315,Low,19.56,False
7892-POOKP,28,Month-to-month,Electronic check,104.8,3046.05,Yes,0.64984757,High,71.97,True
6388-TABGU,62,One year,Bank transfer (automatic),56.15,3487.95,No,0.01994816,Low,15.58,False
9763-GRSKD,13,Month-to-month,Mailed check,49.95,587.45,No,0.15249948,Low,23.29,False
7469-LKBCI,16,Two year,Credit card (automatic),18.95,326.8,No,0.0076562357,Low,5.32,False
8091-TTVAX,58,One year,Credit card (automatic),100.35,5681.1,No,0.22785497,Low,41.3,True
0280-XJGEX,49,Month-to-month,Bank transfer (automatic),103.7,5036.3,Yes,0.5190426,Medium,62.53,True
5129-JLPIS,25,Month-to-month,Electronic check,105.5,2686.05,No,0.6247879,High,70.39,True
3655-SNQYZ,69,Two year,Credit card (automatic),113.25,7895.15,No,0.029985897,Low,30.71,True
8191-XWSZG,52,One year,Mailed check,20.65,1022.95,No,0.011777132,Low,6.04,False
9959-WOFKT,71,Two year,Bank transfer (automatic),106.7,7382.25,No,0.09481647,Low,33.59,True
4190-MFLUW,10,Month-to-month,Credit card (automatic),55.2,528.35,Yes,0.23406269,Low,30.33,False
4183-MYFRB,21,Month-to-month,Electronic check,90.05,1862.9,No,0.4632384,Medium,55.18,True
8779-QRDMV,1,Month-to-month,Electronic check,39.65,39.65,Yes,0.88097435,High,71.69,False
1680-VDCWW,12,One year,Bank transfer (automatic),19.8,202.25,No,0.057493217,Low,9.03,False
1066-JKSGK,1,Month-to-month,Mailed check,20.15,20.15,Yes,0.3723154,Medium,31.15,False
3638-WEABW,58,Two year,Credit card (automatic),59.9,3505.1,No,0.024682084,Low,16.86,False
6322-HRPFA,49,Month-to-month,Credit card (automatic),59.6,2970.3,No,0.077027164,Low,20.45,False
6865-JZNKO,30,Month-to-month,Bank transfer (automatic),55.3,1530.6,No,0.14654014,Low,24.23,False
6467-CHFZW,47,Month-to-month,Electronic check,99.35,4749.15,Yes,0.58170426,Medium,65.82,True
8665-UTDHZ,1,Month-to-month,Electronic check,30.2,30.2,Yes,0.5360216,Medium,45.15,False
5248-YGIJN,72,Two year,Credit card (automatic),90.25,6369.45,No,0.005170649,Low,23.16,True
8773-HHUOZ,17,Month-to-month,Mailed check,64.7,1093.1,Yes,0.3039314,Medium,37.62,False
3841-NFECX,71,Two year,Credit card (automatic),96.35,6766.95,No,0.011780157,Low,25.17,True
4929-XIHVW,2,Month-to-month,Credit card (automatic),95.5,181.65,No,0.77232236,High,78.19,True
6827-IEAUQ,27,One year,Mailed check,66.15,1874.45,No,0.03178344,Low,18.94,False
7310-EGVHZ,1,Month-to-month,Bank transfer (automatic),20.2,20.2,No,0.29109502,Low,25.48,False
3413-BMNZE,1,Month-to-month,Bank transfer (automatic),45.25,45.25,No,0.59886813,Medium,53.35,False
6234-RAAPL,72,Two year,Bank transfer (automatic),99.9,7251.7,No,0.0076232804,Low,25.77,True
6047-YHPVI,5,Month-to-month,Electronic check,69.7,316.9,Yes,0.58681077,Medium,58.69,False
6572-ADKRS,46,Month-to-month,Credit card (automatic),74.8,3548.3,No,0.21567342,Low,33.99,False
5380-WJKOV,34,Month-to-month,Electronic check,106.35,3549.25,Yes,0.4804593,Medium,60.5,True
8168-UQWWF,11,Month-to-month,Bank transfer (automatic),97.85,1105.4,Yes,0.8794106,High,86.28,True
8865-TNMNX,10,One year,Mailed check,49.55,475.7,No,0.102780215,Low,19.71,False
9489-DEDVP,70,Two year,Credit card (automatic),69.2,4872.35,No,0.03971842,Low,20.26,False
9867-JCZSP,17,One year,Mailed check,20.75,418.25,No,0.020134075,Low,6.65,False
4671-VJLCL,63,Two year,Credit card (automatic),79.85,4861.45,No,0.017801762,Low,21.42,False
4080-IIARD,13,Month-to-month,Electronic check,76.2,981.45,No,0.24203199,Low,36.19,False
3714-NTNFO,49,Month-to-month,Electronic check,84.5,3906.7,No,0.46861503,Medium,54.15,False
5948-UJZLF,2,Month-to-month,Mailed check,49.25,97.0,No,0.38731214,Medium,39.55,False
7760-OYPDY,2,Month-to-month,Electronic check,80.65,144.15,Yes,0.72321,High,71.0,False
7639-LIAYI,52,Two year,Credit card (automatic),79.75,4217.8,No,0.027827121,Low,22.1,False
2954-PIBKO,69,Two year,Credit card (automatic),64.15,4254.1,No,0.012054263,Low,17.05,False
8012-SOUDQ,43,Month-to-month,Electronic check,90.25,3838.75,No,0.44758192,Medium,54.13,True
9420-LOJKX,15,Month-to-month,Credit card (automatic),99.1,1426.4,Yes,0.623342,High,68.67,True
6575-SUVOI,25,Month-to-month,Credit card (automatic),69.5,1752.65,No,0.11687251,Low,25.74,False
7495-OOKFY,8,Month-to-month,Credit card (automatic),80.65,633.3,Yes,0.71444356,High,70.39,False
4667-QONEA,60,One year,Credit card (automatic),74.85,4456.35,No,0.04188851,Low,21.84,False
1658-BYGOY,18,Month-to-month,Electronic check,95.45,1752.55,Yes,0.7034606,High,73.36,True
8769-KKTPH,63,One year,Credit card (automatic),99.65,6311.2,No,0.15685,Low,36.15,True
5067-XJQFU,66,One year,Electronic check,108.45,7076.35,No,0.23628941,Low,43.94,True
3957-SQXML,34,Two year,Credit card (automatic),24.95,894.3,No,0.0095587,Low,6.97,False
5954-BDFSG,72,Two year,Credit card (automatic),107.5,7853.7,No,0.0670338,Low,31.85,True
0434-CSFON,47,Month-to-month,Electronic check,100.5,4707.1,No,0.5601756,Medium,64.6,True
1215-FIGMP,60,Month-to-month,Bank transfer (automatic),89.9,5450.7,No,0.20247312,Low,36.88,True
0526-SXDJP,72,Two year,Bank transfer (automatic),42.1,2962.0,No,0.010105796,Low,11.34,False
0557-ASKVU,18,One year,Credit card (automatic),54.4,957.1,No,0.098019466,Low,20.6,False
5698-BQJOH,9,Month-to-month,Electronic check,94.4,857.25,Yes,0.7604165,High,77.08,True
5122-CYFXA,3,Month-to-month,Electronic check,75.3,244.1,No,0.32536262,Medium,41.8,False
8627-ZYGSZ,47,One year,Electronic check,78.9,3650.35,No,0.14594567,Low,30.15,False
3410-YOQBQ,31,Two year,Mailed check,79.2,2497.2,No,0.035028137,Low,22.46,False
3170-NMYVV,50,Two year,Bank transfer (automatic),20.15,930.9,No,0.010481052,Low,5.82,False
7410-OIEDU,10,Month-to-month,Mailed check,79.85,887.35,No,0.41005102,Medium,48.88,False
2273-QCKXA,1,Month-to-month,Mailed check,49.05,49.05,No,0.31188077,Medium,34.22,False
0731-EBJQB,52,One year,Electronic check,20.4,1090.65,No,0.02635309,Low,7.0,False
1891-QRQSA,64,Two year,Bank transfer (automatic),111.6,7099.0,No,0.112891525,Low,36.1,True
8028-PNXHQ,62,Two year,Bank transfer (automatic),24.25,1424.6,No,0.009772952,Low,6.81,False
5630-AHZIL,3,Month-to-month,Bank transfer (automatic),64.5,177.4,No,0.22197595,Low,31.83,False
2673-CXQEU,56,One year,Electronic check,110.5,6139.5,No,0.2074373,Low,42.44,True
6416-JNVRK,46,One year,Credit card (automatic),55.65,2688.85,No,0.10342878,Low,21.3,False
5590-ZSKRV,8,Month-to-month,Mailed check,54.65,482.25,No,0.11401987,Low,21.79,False
0191-ZHSKZ,30,Month-to-month,Electronic check,74.75,2111.3,No,0.19522682,Low,32.55,False
3887-PBQAO,45,One year,Credit card (automatic),25.9,1216.6,No,0.023213424,Low,8.17,False
5919-TMRGD,1,Month-to-month,Electronic check,79.35,79.35,Yes,0.8573718,High,80.06,False
8108-UXRQN,11,Month-to-month,Electronic check,50.55,565.35,No,0.27933258,Low,32.32,False
9191-MYQKX,7,Month-to-month,Bank transfer (automatic),75.15,496.9,Yes,0.5995339,Medium,60.95,False
9919-YLNNG,42,Month-to-month,Bank transfer (automatic),103.8,4327.5,No,0.4015887,Medium,54.33,True
0318-ZOPWS,49,Two year,Bank transfer (automatic),20.15,973.35,No,0.012919366,Low,5.99,False
4445-ZJNMU,9,Month-to-month,Credit card (automatic),99.3,918.75,No,0.8573902,High,85.1,True
4808-YNLEU,35,One year,Bank transfer (automatic),62.15,2215.45,No,0.052146204,Low,19.35,False
1862-QRWPE,48,Two year,Bank transfer (automatic),20.65,1057.0,No,0.009647911,Low,5.89,False
2796-NNUFI,46,Two year,Mailed check,19.95,927.1,No,0.007785733,Low,5.59,False
3016-KSVCP,29,Month-to-month,Mailed check,33.75,1009.25,No,0.20966375,Low,23.2,False
4767-HZZHQ,30,Month-to-month,Bank transfer (automatic),82.05,2570.2,No,0.2050463,Low,35.08,False
2424-WVHPL,1,Month-to-month,Electronic check,74.7,74.7,No,0.56793547,Medium,58.63,False
7233-PAHHL,66,Two year,Mailed check,84.0,5714.25,No,0.024744997,Low,22.95,False
6067-NGCEU,65,Month-to-month,Credit card (automatic),111.05,7107.0,No,0.1714285,Low,40.05,True
9848-JQJTX,72,Two year,Bank transfer (automatic),100.9,7459.05,No,0.089389026,Low,31.75,True
8637-XJIVR,12,Month-to-month,Electronic check,78.95,927.35,Yes,0.5440158,Medium,58.03,False
9803-FTJCG,71,One year,Credit card (automatic),66.85,4748.7,No,0.020694725,Low,18.34,False
0278-YXOOG,5,Month-to-month,Mailed check,21.05,113.85,Yes,0.116158985,Low,13.45,False
3212-KXOCR,52,Two year,Bank transfer (automatic),21.0,1107.2,No,0.017493086,Low,6.53,False
4598-XLKNJ,25,Month-to-month,Electronic check,98.5,2514.5,Yes,0.69294405,High,73.39,True
6380-ARCEH,1,Month-to-month,Mailed check,20.2,20.2,No,0.35319927,Medium,29.83,False
3679-XASPY,1,Month-to-month,Electronic check,19.45,19.45,No,0.36158672,Medium,30.22,False
7123-WQUHX,38,One year,Bank transfer (automatic),95.0,3605.6,No,0.07638605,Low,29.35,True
5386-THSLQ,66,One year,Bank transfer (automatic),45.55,3027.25,No,0.06462169,Low,16.03,False
3192-NQECA,68,Two year,Bank transfer (automatic),110.0,7611.85,Yes,0.29058933,Low,48.13,True
6180-YBIQI,5,Month-to-month,Mailed check,24.3,100.2,No,0.3711747,Medium,32.12,False
6728-DKUCO,72,One year,Electronic check,104.15,7303.05,No,0.057659637,Low,30.35,True
9750-BOOHV,32,One year,Mailed check,30.15,927.65,No,0.045338597,Low,10.79,False
8597-CWYHH,43,One year,Mailed check,94.35,3921.3,No,0.17196338,Low,35.87,True
2848-YXSMW,72,Two year,Credit card (automatic),19.4,1363.25,No,0.005746464,Low,5.3,False
0486-HECZI,55,Month-to-month,Electronic check,96.75,5238.9,Yes,0.35603508,Medium,49.36,True
4549-ZDQYY,52,One year,Credit card (automatic),57.95,3042.25,No,0.04410042,Low,17.73,False
5712-AHQNN,43,Month-to-month,Electronic check,91.65,3954.1,No,0.3079332,Medium,44.71,True
4846-WHAFZ,37,Month-to-month,Electronic check,76.5,2868.15,Yes,0.54515773,Medium,57.49,False
5256-SKJGO,64,Two year,Electronic check,54.6,3423.5,No,0.040422004,Low,16.62,False
3071-VBYPO,3,Month-to-month,Electronic check,89.85,248.4,No,0.39385393,Medium,50.27,True
9560-BBZXK,36,Two year,Bank transfer (automatic),31.05,1126.35,No,0.029923212,Low,9.94,False
5299-RULOA,10,Month-to-month,Electronic check,100.25,1064.65,Yes,0.8344067,High,83.73,True
8402-OOOHJ,41,Two year,Mailed check,20.65,835.15,No,0.006929608,Low,5.7,False
9445-ZUEQE,27,Month-to-month,Credit card (automatic),85.2,2151.6,No,0.21428584,Low,36.52,False
1091-SOZGA,56,One year,Credit card (automatic),99.8,5515.45,No,0.18302402,Low,38.02,True
2928-HLDBA,6,Month-to-month,Mailed check,20.7,112.75,No,0.07803854,Low,10.69,False
0404-SWRVG,3,Month-to-month,Electronic check,74.4,229.55,Yes,0.7527996,High,71.49,False
6497-TILVL,7,Month-to-month,Mailed check,50.7,350.35,No,0.16890514,Low,24.63,False
7219-TLZHO,4,Month-to-month,Mailed check,20.85,62.9,No,0.107601404,Low,12.8,False
4622-YNKIJ,33,Two year,Electronic check,88.95,3027.65,No,0.042754427,Low,25.46,False
4412-YLTKF,27,Month-to-month,Electronic check,78.05,2135.5,Yes,0.51373947,Medium,55.68,False
6734-PSBAW,72,Two year,Bank transfer (automatic),23.55,1723.95,No,0.006886904,Low,6.43,False
3930-ZGWVE,1,Month-to-month,Mailed check,19.75,19.75,No,0.35100788,Medium,29.56,False
2639-UGMAZ,71,One year,Electronic check,56.45,3985.35,No,0.073731005,Low,19.42,False
2876-GZYZC,13,Month-to-month,Electronic check,85.95,1215.65,No,0.6734671,High,68.86,False
6207-WIOLX,25,Month-to-month,Credit card (automatic),58.6,1502.65,Yes,0.24250092,Low,31.78,False
8587-XYZSF,67,Two year,Bank transfer (automatic),50.55,3260.1,No,0.022882193,Low,14.37,False
3091-FYHKI,1,Month-to-month,Electronic check,35.45,35.45,Yes,0.79450095,High,64.57,False
2372-HWUHI,2,Month-to-month,Electronic check,44.35,81.25,Yes,0.49465296,Medium,45.83,False
7799-LGRDP,43,Two year,Credit card (automatic),25.7,1188.2,No,0.017352216,Low,7.71,False
7850-VWJUU,23,Month-to-month,Bank transfer (automatic),75.0,1778.5,No,0.20677796,Low,33.42,False
3774-VBNXY,64,Two year,Mailed check,20.2,1277.75,No,0.00816328,Low,5.67,False
6217-KDYWC,57,Two year,Mailed check,19.6,1170.55,No,0.027224796,Low,6.86,False
0390-DCFDQ,1,Month-to-month,Mailed check,70.45,70.45,Yes,0.80953443,High,74.47,False
3146-MSEGF,72,Two year,Credit card (automatic),88.05,6425.65,No,0.00655789,Low,22.7,False
4080-OGPJL,8,Month-to-month,Electronic check,71.15,563.65,Yes,0.2461845,Low,35.21,False
1095-WGNGG,61,Two year,Bank transfer (automatic),101.05,5971.25,No,0.086920045,Low,31.61,True
2636-SJDOU,64,One year,Credit card (automatic),84.3,5289.05,No,0.04367601,Low,24.35,False
1131-QQZEB,71,Two year,Bank transfer (automatic),23.95,1756.2,No,0.010353147,Low,6.78,False
5716-EZXZN,65,Two year,Credit card (automatic),99.05,6416.7,No,0.027001966,Low,26.91,True
6837-BJYDQ,3,One year,Mailed check,19.6,61.35,No,0.032413855,Low,7.22,False
2135-RXIHG,1,Month-to-month,Electronic check,45.65,45.65,Yes,0.6762401,High,58.87,False
6440-DKQGE,30,One year,Credit card (automatic),64.5,1929.95,No,0.051290993,Low,19.89,False
3466-BYAVD,15,Month-to-month,Mailed check,69.5,1071.4,No,0.15074511,Low,28.11,False
3780-YVMFA,8,Month-to-month,Electronic check,68.55,564.35,No,0.2837196,Low,37.18,False
3874-EQOEP,7,Month-to-month,Mailed check,95.0,655.5,Yes,0.76577425,High,77.6,True
1679-JRFBR,70,One year,Credit card (automatic),108.15,7930.55,No,0.11917767,Low,35.66,True
9073-ZZIAY,62,Two year,Electronic check,86.1,5215.25,No,0.016150888,Low,22.88,False
3077-RSNTJ,6,Month-to-month,Mailed check,19.7,113.5,No,0.11050633,Low,12.71,False
6551-GNYDG,14,Month-to-month,Bank transfer (automatic),80.9,1152.8,No,0.4922446,Medium,54.9,False
9167-APMXZ,22,Month-to-month,Bank transfer (automatic),84.15,1821.95,No,0.43163878,Medium,51.47,False
2749-CTKAJ,22,One year,Mailed check,20.15,419.9,No,0.020344045,Low,6.51,False
6371-NZYEG,16,Two year,Mailed check,64.25,1024.0,No,0.020090874,Low,17.64,False
7554-NEWDD,10,Two year,Bank transfer (automatic),25.7,251.6,No,0.018583741,Low,7.79,False
8992-VONJD,13,Month-to-month,Electronic check,56.0,764.55,No,0.20640744,Low,28.6,False
0867-MKZVY,20,Month-to-month,Electronic check,82.4,1592.35,Yes,0.34762242,Medium,45.15,False
4482-EWFMI,2,Month-to-month,Electronic check,69.7,135.2,No,0.5951823,Medium,59.27,False
4648-YPBTM,53,Two year,Bank transfer (automatic),73.9,3958.25,No,0.029574707,Low,20.74,False
2907-ILJBN,11,One year,Mailed check,20.6,233.9,No,0.02523106,Low,6.97,False
6345-FZOQH,69,Two year,Mailed check,19.9,1363.45,No,0.006090307,Low,5.45,False
3376-BMGFE,4,Month-to-month,Bank transfer (automatic),70.9,273.0,Yes,0.5762665,Medium,58.25,False
5997-OPVFA,72,Two year,Bank transfer (automatic),89.05,6254.45,No,0.0059523922,Low,22.91,False
3445-HXXGF,58,Month-to-month,Electronic check,45.3,2651.2,Yes,0.5638303,Medium,50.91,False
1159-WFSGR,16,Month-to-month,Electronic check,20.4,321.4,No,0.094608285,Low,11.78,False
7654-YWJUF,43,One year,Bank transfer (automatic),84.25,3539.25,No,0.062016025,Low,25.63,False
1875-QIVME,2,Month-to-month,Electronic check,104.4,242.8,Yes,0.8807631,High,88.03,True
6727-IOTLZ,14,Two year,Mailed check,81.95,1181.75,No,0.03706676,Low,23.3,False
0691-JVSYA,53,One year,Bank transfer (automatic),94.85,5000.2,Yes,0.20028973,Low,37.98,True
5918-VUKWP,32,One year,Bank transfer (automatic),20.55,654.55,No,0.025800943,Low,7.0,False
1744-JHKYS,34,Month-to-month,Electronic check,24.7,780.2,No,0.06549556,Low,10.82,False
2656-FMOKZ,15,Month-to-month,Mailed check,74.45,1145.7,Yes,0.61739767,High,62.03,False
2070-FNEXE,7,Month-to-month,Bank transfer (automatic),76.45,503.6,Yes,0.330305,Medium,42.44,False
5947-SGKCL,15,Month-to-month,Bank transfer (automatic),105.35,1559.25,No,0.50082153,Medium,61.67,True
3712-PKXZA,61,One year,Credit card (automatic),20.55,1252.0,No,0.013972951,Low,6.17,False
6317-YPKDH,1,Month-to-month,Bank transfer (automatic),29.95,29.95,Yes,0.48320696,Medium,41.39,False
6582-OIVSP,1,Month-to-month,Mailed check,45.3,45.3,No,0.49220267,Medium,45.9,False
9367-WXLCH,8,Month-to-month,Bank transfer (automatic),84.5,662.65,Yes,0.6447067,High,66.48,False
5524-KHNJP,33,One year,Credit card (automatic),74.75,2453.3,No,0.09744861,Low,25.71,False
1918-ZBFQJ,13,Month-to-month,Electronic check,79.25,1111.65,Yes,0.61037636,High,62.75,False
1024-GUALD,1,Month-to-month,Electronic check,24.8,24.8,Yes,0.7005425,High,55.3,False
4827-USJHP,20,Month-to-month,Mailed check,51.8,1023.85,No,0.17089742,Low,25.05,False
8167-GJLRN,3,Month-to-month,Electronic check,30.4,82.15,No,0.37876627,Medium,34.19,False
0956-SYCWG,13,One year,Electronic check,19.65,244.8,No,0.03553546,Low,7.45,False
8017-UVSZU,40,Month-to-month,Credit card (automatic),56.6,2379.1,No,0.20344672,Low,28.54,False
7100-FQPRV,43,One year,Credit card (automatic),71.9,3173.35,No,0.0899106,Low,24.46,False
2472-OVKUP,6,Month-to-month,Electronic check,91.0,531.0,Yes,0.7191504,High,73.33,True
2984-RGEYA,69,Two year,Bank transfer (automatic),19.75,1375.4,No,0.01056975,Low,5.73,False
9680-NIAUV,72,Two year,Credit card (automatic),109.7,8129.3,No,0.013845348,Low,28.68,True
2146-EGVDT,59,Two year,Credit card (automatic),19.3,1192.7,No,0.02183809,Low,6.4,False
2604-IJPDU,20,Month-to-month,Electronic check,96.55,1901.65,No,0.4944785,Medium,59.01,True
9178-JHUVJ,24,Two year,Bank transfer (automatic),24.1,587.4,No,0.01807515,Low,7.35,False
6168-YBYNP,59,Month-to-month,Electronic check,111.35,6519.75,No,0.2999462,Low,49.13,True
7255-SSFBC,72,Two year,Bank transfer (automatic),112.25,8041.65,No,0.02913261,Low,30.4,True
3645-DEYGF,1,Month-to-month,Mailed check,20.75,20.75,No,0.31162673,Medium,27.06,False
9323-HGFWY,27,One year,Credit card (automatic),101.9,2681.15,No,0.26377064,Low,44.21,True
8544-GOQSH,14,Month-to-month,Credit card (automatic),80.05,1112.3,No,0.45640644,Medium,52.17,False
3363-DTIVD,71,Two year,Electronic check,105.55,7405.5,No,0.07011912,Low,31.57,True
7018-WBJNK,13,Month-to-month,Credit card (automatic),78.3,1033.95,No,0.48026147,Medium,53.4,False
9142-KZXOP,44,Month-to-month,Credit card (automatic),68.85,2958.95,No,0.22347312,Low,33.04,False
7674-YTAFD,33,One year,Bank transfer (automatic),79.95,2684.85,No,0.110429764,Low,27.93,False
6348-SNFUS,72,Two year,Credit card (automatic),55.45,4179.2,No,0.004288827,Low,14.31,False
1285-OKIPP,1,Month-to-month,Electronic check,79.9,79.9,Yes,0.8294271,High,78.25,False
7825-ECJRF,19,Month-to-month,Electronic check,106.6,1934.45,Yes,0.59285283,Medium,68.43,True
1347-KTTTA,64,One year,Credit card (automatic),102.45,6654.1,No,0.11177221,Low,33.71,True
7841-TZDMQ,2,Month-to-month,Credit card (automatic),46.0,84.5,Yes,0.5423351,Medium,49.58,False
4195-NZGTA,1,Month-to-month,Electronic check,25.25,25.25,No,0.5498848,Medium,44.87,False
7157-SMCFK,61,Two year,Mailed check,19.75,1124.2,No,0.018215965,Low,6.26,False
4709-LKHYG,29,One year,Electronic check,20.0,540.05,No,0.022036107,Low,6.6,False
2504-DSHIH,23,Month-to-month,Electronic check,86.8,1975.85,No,0.4577688,Medium,53.97,False
0699-NDKJM,57,Month-to-month,Bank transfer (automatic),58.75,3437.45,No,0.15969472,Low,26.02,False
9286-BHDQG,72,Two year,Credit card (automatic),45.25,3139.8,No,0.0076880367,Low,11.97,False
0230-WEQUW,66,Two year,Bank transfer (automatic),56.6,3789.2,No,0.010610551,Low,15.04,False
2040-LDIWQ,65,Two year,Bank transfer (automatic),84.2,5324.5,No,0.038592715,Low,23.97,False
6496-JDSSB,8,Month-to-month,Bank transfer (automatic),80.0,624.6,No,0.61941445,High,63.57,False
9408-SSNVZ,4,Month-to-month,Electronic check,70.15,268.35,Yes,0.60939956,High,60.38,False
4443-EMBNA,71,Two year,Bank transfer (automatic),24.75,1836.9,No,0.005501403,Low,6.64,False
6469-MRVET,1,One year,Electronic check,20.2,20.2,No,0.1047604,Low,12.44,False
0742-MOABM,4,Month-to-month,Mailed check,50.05,179.35,Yes,0.2543749,Low,30.45,False
5961-VUSRV,12,One year,Bank transfer (automatic),19.35,219.35,No,0.044797275,Low,8.02,False
6778-JFCMK,24,One year,Mailed check,50.6,1288.75,No,0.08653824,Low,18.84,False
6341-JVQGF,31,One year,Mailed check,81.15,2545.75,No,0.08340269,Low,26.34,False
2232-DMLXU,1,Month-to-month,Mailed check,55.2,55.2,Yes,0.60702217,High,56.44,False
4811-JBUVU,30,Month-to-month,Credit card (automatic),89.9,2723.15,No,0.32941565,Medium,45.77,True
0945-TSONX,47,Two year,Credit card (automatic),85.3,4107.25,No,0.019838756,Low,22.94,False
2651-ZCBXV,54,Two year,Credit card (automatic),108.0,5760.65,No,0.21611649,Low,42.41,True
3316-UWXUY,50,Month-to-month,Credit card (automatic),93.5,4747.5,No,0.13706045,Low,33.22,True
8937-RDTHP,1,Month-to-month,Mailed check,84.6,84.6,Yes,0.71435577,High,71.38,False
7083-MIOPC,72,Two year,Credit card (automatic),20.25,1566.9,No,0.003231148,Low,5.34,False
1984-GPTEH,29,Month-to-month,Electronic check,25.15,702.0,No,0.09572244,Low,13.05,False
1251-KRREG,2,Month-to-month,Mailed check,54.4,114.1,Yes,0.5695632,Medium,53.61,False
0621-JFHOL,10,Two year,Mailed check,29.6,299.05,No,0.073250614,Low,12.61,False
9903-LYSAB,18,Month-to-month,Electronic check,73.15,1305.95,No,0.5338634,Medium,55.85,False
0094-OIFMO,11,Month-to-month,Electronic check,95.0,1120.3,Yes,0.76578444,High,77.6,True
9227-UAQFT,16,Two year,Mailed check,19.75,284.35,No,0.020675806,Low,6.44,False
7301-ABVAD,72,Two year,Bank transfer (automatic),86.6,6350.5,No,0.007676376,Low,22.42,False
6614-FHDBO,72,Two year,Bank transfer (automatic),109.2,7878.3,No,0.061155465,Low,31.87,True
7576-ASEJU,41,One year,Credit card (automatic),74.7,3187.65,No,0.124916784,Low,27.62,False
9058-HRZSV,65,Month-to-month,Electronic check,94.4,6126.15,No,0.16026312,Low,35.07,True
4522-AKYLR,13,Month-to-month,Electronic check,54.8,731.3,No,0.3065737,Medium,35.3,False
0221-WMXNQ,4,Month-to-month,Electronic check,75.35,273.4,No,0.39068708,Medium,46.38,False
0303-UNCIP,41,One year,Mailed check,65.0,2531.8,No,0.14641368,Low,26.67,False
9947-OTFQU,15,Month-to-month,Electronic check,74.4,1074.3,Yes,0.6151236,High,61.85,False
0322-YINQP,1,Month-to-month,Mailed check,48.55,48.55,Yes,0.45185262,Medium,43.89,False
0959-WHOKV,42,One year,Electronic check,99.0,4298.45,No,0.24706705,Low,42.31,True
4075-JFPGR,51,One year,Electronic check,93.5,4619.55,No,0.14120427,Low,33.51,True
4629-NRXKX,2,Month-to-month,Electronic check,70.4,147.15,Yes,0.5549865,Medium,56.63,False
9514-JDSKI,1,Month-to-month,Electronic check,40.2,40.2,Yes,0.7755393,High,64.44,False
3282-ZISZV,32,One year,Credit card (automatic),83.7,2633.3,No,0.1228392,Low,29.74,False
3675-YDUPJ,10,Month-to-month,Mailed check,19.85,193.05,No,0.1296145,Low,14.09,False
4111-BNXIF,67,Two year,Electronic check,59.55,4103.9,No,0.03594956,Low,17.56,False
7017-VFHAY,61,Two year,Credit card (automatic),115.1,7008.15,No,0.034249157,Low,31.48,True
6655-LHBYW,50,One year,Credit card (automatic),114.35,5791.1,No,0.21098173,Low,43.66,True
4959-JOSRX,2,Month-to-month,Credit card (automatic),44.6,80.55,Yes,0.51763344,Medium,47.5,False
5046-NUHWD,29,Month-to-month,Electronic check,45.0,1228.65,No,0.25480267,Low,29.2,False
7273-TEFQD,3,Month-to-month,Electronic check,41.15,132.2,Yes,0.7642078,High,63.89,False
3606-TWKGI,13,Month-to-month,Electronic check,106.9,1364.3,Yes,0.74796426,High,79.36,True
7529-ZDFXI,57,Month-to-month,Electronic check,89.85,4925.35,No,0.3727806,Medium,48.79,True
7605-BDWDC,31,Two year,Bank transfer (automatic),49.85,1520.1,No,0.016996523,Low,13.78,False
1950-KSVVJ,45,One year,Mailed check,113.3,5032.25,No,0.15690443,Low,39.61,True
0123-CRBRT,61,Two year,Mailed check,88.1,5526.75,No,0.011486016,Low,23.06,False
6292-TOSSS,50,Two year,Bank transfer (automatic),24.9,1195.25,No,0.01837214,Low,7.58,False
3197-ARFOY,19,Month-to-month,Mailed check,105.0,2007.25,No,0.54998475,Medium,65.03,True
6323-AYBRX,59,Two year,Mailed check,19.35,1099.6,Yes,0.052620903,Low,8.57,False
7014-ZZXAW,71,Two year,Credit card (automatic),24.25,1732.95,No,0.005854635,Low,6.54,False
4385-GZQXV,16,Month-to-month,Electronic check,94.45,1511.2,Yes,0.5834378,Medium,64.7,True
7633-MVPUY,57,Two year,Electronic check,59.75,3450.15,No,0.019064201,Low,16.43,False
6366-ZGQGL,1,Month-to-month,Bank transfer (automatic),24.8,24.8,Yes,0.5291202,Medium,43.3,False
4716-HHKQH,20,Month-to-month,Electronic check,107.05,2172.05,No,0.49499086,Medium,61.69,True
5940-AHUHD,1,Month-to-month,Mailed check,70.6,70.6,Yes,0.7031258,High,67.05,False
6432-TWQLB,5,Month-to-month,Electronic check,85.4,401.1,Yes,0.7533416,High,74.31,False
4484-GLZOU,52,Month-to-month,Electronic check,105.05,5624.85,Yes,0.53508425,Medium,63.99,True
3179-GBRWV,21,Month-to-month,Bank transfer (automatic),64.95,1339.8,No,0.15906237,Low,27.54,False
8645-KWHJO,14,Month-to-month,Electronic check,55.0,771.95,No,0.46274573,Medium,46.29,False
4130-MZLCC,5,Month-to-month,Bank transfer (automatic),50.55,244.75,No,0.23653783,Low,29.33,False
0314-TKOSI,6,Month-to-month,Mailed check,55.15,322.9,No,0.15406995,Low,24.72,False
8229-MYEJZ,10,Month-to-month,Electronic check,51.2,498.25,No,0.2006736,Low,26.98,False
2080-SRCDE,1,Month-to-month,Mailed check,25.4,25.4,No,0.25138223,Low,24.01,False
9577-WJVCQ,68,Month-to-month,Mailed check,54.45,3687.75,No,0.044183332,Low,16.85,False
9512-UIBFX,18,Month-to-month,Mailed check,95.15,1779.95,Yes,0.32301986,Medium,46.65,True
6202-DYYFX,22,One year,Credit card (automatic),76.0,1783.6,No,0.08652088,Low,25.26,False
3808-HFKDE,20,Month-to-month,Electronic check,44.35,927.15,No,0.28046775,Low,30.84,False
5583-SXDAG,1,Month-to-month,Electronic check,70.0,70.0,Yes,0.7671241,High,71.38,False
3488-PGMQJ,8,Month-to-month,Electronic check,74.5,606.55,Yes,0.59486675,Medium,60.46,False
3580-REOAC,10,Month-to-month,Credit card (automatic),44.85,435.4,Yes,0.24132635,Low,28.22,False
7534-BFESC,24,Month-to-month,Electronic check,76.1,1712.7,Yes,0.4541422,Medium,51.02,False
3727-OWVYD,35,One year,Mailed check,61.2,2021.2,No,0.02973971,Low,17.54,False
2294-SALNE,23,One year,Mailed check,86.8,1940.8,No,0.07638882,Low,27.28,False
4847-TAJYI,6,Month-to-month,Electronic check,89.35,567.8,No,0.7330588,High,73.89,False
1563-IWQEX,12,Month-to-month,Mailed check,19.7,220.35,No,0.11207879,Low,12.82,False
8203-XJZRC,1,Month-to-month,Mailed check,20.25,20.25,No,0.27970508,Low,24.7,False
6556-DBKZF,71,Two year,Electronic check,76.05,5436.45,No,0.06240546,Low,23.58,False
6851-WEFYX,35,Month-to-month,Electronic check,100.8,3437.5,No,0.6283542,High,69.45,True
2985-JUUBZ,40,Month-to-month,Electronic check,74.55,3015.75,No,0.3932949,Medium,46.36,False
6390-DSAZX,1,Month-to-month,Mailed check,73.6,73.6,Yes,0.6486078,High,64.0,False
0895-LMRSF,23,One year,Bank transfer (automatic),64.9,1509.8,No,0.14031085,Low,26.22,False
8098-LLAZX,4,Month-to-month,Electronic check,95.45,396.1,Yes,0.87261146,High,85.2,True
8266-VBFQL,4,Month-to-month,Electronic check,90.4,356.65,No,0.6652505,High,69.41,True
8181-YHCMF,68,Two year,Credit card (automatic),60.3,4109.0,No,0.0128653515,Low,16.13,False
2240-HSJQD,38,Month-to-month,Mailed check,81.85,3141.7,No,0.30560675,Medium,42.07,False
1248-DYXUB,52,Two year,Mailed check,24.8,1229.1,No,0.009034156,Low,6.9,False
0265-EDXBD,32,Month-to-month,Electronic check,74.9,2303.35,Yes,0.5829444,Medium,59.73,False
4115-BNPJY,29,Two year,Mailed check,75.55,2054.4,No,0.017684363,Low,20.32,False
3167-SNQPL,38,Month-to-month,Electronic check,101.15,3741.85,No,0.4294482,Medium,55.62,True
4091-TVOCN,48,One year,Credit card (automatic),78.75,3682.45,No,0.084580526,Low,25.82,False
1098-TDVUQ,1,Month-to-month,Bank transfer (automatic),19.25,19.25,No,0.24390006,Low,21.94,False
7277-OZCGZ,22,Month-to-month,Electronic check,89.05,1886.25,No,0.2880091,Low,42.66,False
1557-EMYVT,43,Two year,Credit card (automatic),115.05,4895.1,No,0.13686398,Low,38.65,True
2799-ARNLO,5,Month-to-month,Electronic check,69.35,341.6,No,0.583715,Medium,58.38,False
7563-BIUPC,5,Month-to-month,Electronic check,80.6,415.55,Yes,0.6757572,High,67.67,False
5027-YOCXN,51,One year,Credit card (automatic),110.05,5686.4,No,0.18849778,Low,41.0,True
3973-SKMLN,71,Two year,Credit card (automatic),19.9,1355.1,No,0.00547177,Low,5.41,False
2321-OMBXY,38,One year,Credit card (automatic),80.3,3058.65,Yes,0.1100224,Low,27.99,False
2840-XANRC,24,Month-to-month,Electronic check,93.15,2231.05,Yes,0.50611967,Medium,58.96,True
6745-JEFZB,35,Month-to-month,Credit card (automatic),91.5,3236.35,No,0.2776548,Low,42.55,True
5020-ZSTTY,54,One year,Bank transfer (automatic),82.45,4350.1,Yes,0.10085696,Low,27.89,False
9880-TDQAC,72,Two year,Electronic check,60.0,4264.0,No,0.029504124,Low,17.22,False
8705-WZCYL,1,Month-to-month,Electronic check,44.8,44.8,No,0.5607945,Medium,50.57,False
7102-JJVTX,9,One year,Mailed check,48.6,422.3,No,0.056442846,Low,16.23,False
8626-PTQGE,69,Two year,Bank transfer (automatic),60.05,4176.7,No,0.01356929,Low,16.12,False
4983-CLMLV,52,Month-to-month,Credit card (automatic),102.7,5138.1,No,0.34392932,Medium,50.02,True
5701-YVSVF,11,Month-to-month,Electronic check,82.9,880.05,No,0.57772905,Medium,61.38,False
5804-LEPIM,2,Month-to-month,Electronic check,70.35,139.05,Yes,0.6038185,High,60.04,False
5697-GOMBF,28,Month-to-month,Electronic check,35.9,973.65,No,0.37404156,Medium,35.25,False
2739-CACDQ,17,Month-to-month,Credit card (automatic),82.65,1470.05,No,0.44773695,Medium,52.22,False
9385-EHGDO,35,Two year,Mailed check,19.85,739.35,No,0.011429755,Low,5.81,False
9498-FIMXL,8,One year,Mailed check,19.2,161.95,No,0.017397678,Low,6.07,False
2379-GYFLQ,46,One year,Credit card (automatic),94.9,4422.95,No,0.15423778,Low,34.77,True
0122-OAHPZ,7,Month-to-month,Electronic check,73.85,511.25,Yes,0.7477682,High,71.0,False
2868-SNELZ,2,Month-to-month,Mailed check,80.6,155.8,Yes,0.690658,High,68.71,False
4322-RCYMT,68,One year,Bank transfer (automatic),75.8,5293.95,Yes,0.15978077,Low,30.33,False
6680-NENYN,43,Two year,Electronic check,104.6,4759.85,Yes,0.30185044,Medium,47.55,True
2088-IEBAU,68,Two year,Electronic check,88.15,6148.45,No,0.028227944,Low,24.25,False
7982-VCELR,36,Month-to-month,Credit card (automatic),94.8,3565.65,No,0.2759631,Low,43.27,True
1343-EHPYB,63,Month-to-month,Electronic check,103.4,6603.0,Yes,0.4040261,Medium,54.4,True
6035-BXTTY,32,Month-to-month,Bank transfer (automatic),54.65,1830.1,No,0.1098001,Low,21.49,False
6885-PKOAM,71,Two year,Credit card (automatic),85.75,6223.8,No,0.006245052,Low,22.1,False
7520-HQWJU,66,Month-to-month,Bank transfer (automatic),67.45,4508.65,No,0.082728095,Low,22.83,False
9639-BUJXT,63,One year,Mailed check,20.5,1328.15,No,0.012756365,Low,6.07,False
5924-SNGKP,41,One year,Credit card (automatic),20.25,865.0,No,0.015287493,Low,6.19,False
0021-IKXGC,1,Month-to-month,Electronic check,72.1,72.1,No,0.87487596,High,79.46,False
2034-GDRCN,2,Month-to-month,Electronic check,90.4,168.2,Yes,0.79645056,High,78.59,True
8966-SNIZF,70,Two year,Bank transfer (automatic),19.45,1303.5,No,0.010614791,Low,5.66,False
6243-OZGFH,23,Month-to-month,Electronic check,44.95,996.85,No,0.42737505,Medium,41.27,False
4654-DLAMQ,64,One year,Bank transfer (automatic),97.0,6430.9,No,0.06052524,Low,28.74,True
0513-RBGPE,37,Two year,Credit card (automatic),62.8,2278.75,No,0.019080788,Low,17.2,False
5160-UXJED,17,One year,Mailed check,44.6,681.4,No,0.10751032,Low,18.79,False
4115-NZRKS,7,Month-to-month,Electronic check,89.15,574.35,No,0.6858898,High,70.53,False
0219-YTZUE,4,Month-to-month,Bank transfer (automatic),84.8,371.9,Yes,0.790844,High,76.78,False
0623-IIHUG,21,Month-to-month,Electronic check,41.9,840.1,Yes,0.53545606,Medium,48.07,False
4572-DVCGN,10,Month-to-month,Bank transfer (automatic),80.25,846.0,Yes,0.5954465,Medium,61.95,False
3351-NGXYI,16,Month-to-month,Electronic check,54.1,889.0,No,0.39322388,Medium,41.19,False
8984-EYLLL,64,Two year,Electronic check,105.25,6823.4,No,0.0735145,Low,31.74,True
9057-MSWCO,27,Month-to-month,Credit card (automatic),30.75,805.1,Yes,0.24374741,Low,24.83,False
9833-TGFHX,42,One year,Electronic check,97.1,4016.75,No,0.17701282,Low,36.92,True
9294-TDIPC,5,Month-to-month,Mailed check,20.2,83.75,No,0.07245954,Low,10.18,False
5229-DTFYB,41,Two year,Bank transfer (automatic),98.8,3959.15,No,0.042213596,Low,27.91,True
0104-PPXDV,58,One year,Credit card (automatic),50.3,2878.55,No,0.05075352,Low,16.26,False
5176-LMJXE,47,Two year,Mailed check,20.55,945.7,No,0.007845994,Low,5.74,False
3583-KRKMD,18,Month-to-month,Bank transfer (automatic),75.9,1373.05,No,0.17703256,Low,31.57,False
1010-DIAUQ,5,Month-to-month,Bank transfer (automatic),96.5,492.55,Yes,0.69483775,High,73.02,True
9069-LGEUL,23,Month-to-month,Bank transfer (automatic),59.95,1406.0,No,0.12071101,Low,23.6,False
7302-ZHMHP,1,Month-to-month,Mailed check,19.15,19.15,No,0.1519027,Low,15.47,False
9571-EDEBV,71,One year,Credit card (automatic),98.65,6962.85,No,0.15914702,Low,36.06,True
3520-FJGCV,72,Two year,Credit card (automatic),112.6,8126.65,No,0.012452291,Low,29.32,True
6563-VRERX,33,One year,Mailed check,20.6,690.25,No,0.016415477,Low,6.35,False
0259-GBZSH,2,Month-to-month,Electronic check,85.65,181.5,Yes,0.8423341,High,80.6,False
6122-EFVKN,24,Two year,Mailed check,35.75,830.8,No,0.016191429,Low,10.16,False
2805-EDJPQ,56,One year,Credit card (automatic),99.75,5608.4,No,0.089769565,Low,31.48,True
6862-CQUMB,37,Month-to-month,Credit card (automatic),96.1,3646.8,No,0.32922524,Medium,47.32,True
7156-MXBJE,43,One year,Credit card (automatic),85.1,3662.25,No,0.08333793,Low,27.33,False
6158-HDPXZ,1,Month-to-month,Mailed check,25.35,25.35,No,0.501538,Medium,41.51,False
9601-BRXPO,25,Month-to-month,Bank transfer (automatic),104.95,2566.5,Yes,0.57761043,Medium,66.95,True
2863-IMQDR,61,Two year,Electronic check,89.65,5308.7,No,0.01881247,Low,23.97,False
5686-CMAWK,17,One year,Electronic check,86.75,1410.25,No,0.123815574,Low,30.58,False
5651-CRHKQ,41,One year,Bank transfer (automatic),86.2,3339.05,No,0.08369772,Low,27.64,False
6905-NIQIN,1,Month-to-month,Mailed check,50.65,50.65,Yes,0.4630286,Medium,45.21,False
8204-YJCLA,72,Two year,Bank transfer (automatic),64.8,4732.35,No,0.009108036,Low,17.01,False
5167-ZFFMM,1,Month-to-month,Credit card (automatic),90.85,90.85,Yes,0.8871314,High,85.05,True
6583-SZVGP,48,Two year,Bank transfer (automatic),108.1,5067.45,No,0.3152385,Medium,49.38,True
4895-TMWIR,11,Month-to-month,Mailed check,19.95,214.75,Yes,0.15718691,Low,16.04,False
0533-BNWKF,55,Month-to-month,Electronic check,85.45,4874.7,Yes,0.43529382,Medium,52.06,False
1708-PBBOA,42,One year,Electronic check,54.75,2348.45,No,0.11605323,Low,21.96,False
8782-LKFPK,44,Month-to-month,Mailed check,90.4,4063.0,No,0.273172,Low,41.96,True
5522-JBWMO,1,Month-to-month,Electronic check,44.0,44.0,No,0.45652804,Medium,43.07,False
3597-MVHJT,27,Month-to-month,Bank transfer (automatic),95.6,2595.25,No,0.52741724,Medium,61.07,True
9774-NRNAU,27,Month-to-month,Bank transfer (automatic),84.8,2309.55,No,0.18981238,Low,34.71,False
0224-RLWWD,2,Month-to-month,Electronic check,44.3,89.3,No,0.60274464,High,53.38,False
9967-ATRFS,19,Month-to-month,Mailed check,19.9,367.55,No,0.07519981,Low,10.29,False
3951-NJCVI,42,Month-to-month,Electronic check,95.05,3944.5,No,0.5080603,Medium,59.58,True
2977-CEBSX,66,Two year,Credit card (automatic),90.05,5965.95,No,0.022550521,Low,24.33,True
0177-PXBAT,33,Month-to-month,Bank transfer (automatic),109.9,3694.7,No,0.29587474,Low,48.48,True
6599-CEBNN,34,Month-to-month,Credit card (automatic),73.95,2524.45,Yes,0.46840537,Medium,51.47,False
2519-ERQOJ,33,Month-to-month,Electronic check,54.6,1803.7,No,0.2065617,Low,28.25,False
5876-QMYLD,23,One year,Mailed check,20.05,415.1,No,0.01652696,Low,6.22,False
2277-AXSDC,32,One year,Bank transfer (automatic),19.75,624.15,No,0.027772104,Low,6.93,False
9442-JTWDL,11,One year,Credit card (automatic),20.05,237.7,No,0.028606892,Low,7.07,False
0979-PHULV,69,Month-to-month,Credit card (automatic),99.45,7007.6,Yes,0.48742467,Medium,59.24,True
3067-SVMTC,68,One year,Bank transfer (automatic),55.9,3848.8,No,0.019533955,Low,15.49,False
5495-GPSRW,20,Two year,Mailed check,19.7,419.4,No,0.015325267,Low,6.05,False
7606-BPHHN,72,Two year,Credit card (automatic),19.8,1468.75,No,0.006105879,Low,5.43,False
4742-DRORA,60,One year,Bank transfer (automatic),95.4,5812.0,No,0.07761378,Low,29.53,True
0111-KLBQG,32,Month-to-month,Mailed check,93.95,2861.45,No,0.42131892,Medium,53.23,True
4800-VHZKI,1,Month-to-month,Mailed check,19.9,19.9,Yes,0.5449385,Medium,43.17,False
7989-CHGTL,1,Month-to-month,Mailed check,19.6,19.6,Yes,0.47461182,Medium,38.17,False
0334-GDDSO,3,Month-to-month,Electronic check,81.35,233.7,Yes,0.7817463,High,75.27,False
4163-NCJAK,46,One year,Bank transfer (automatic),24.45,1066.15,No,0.044408794,Low,9.29,False
5233-AOZUF,29,Month-to-month,Electronic check,74.95,2149.05,No,0.4927336,Medium,53.43,False
5973-EJGDP,51,Month-to-month,Electronic check,87.35,4473.0,No,0.29473177,Low,42.7,False
1996-DBMUS,48,Month-to-month,Bank transfer (automatic),70.65,3545.05,No,0.23067929,Low,34.0,False
7916-VCCPB,16,Month-to-month,Bank transfer (automatic),73.25,1195.75,No,0.26734003,Low,37.22,False
4686-GEFRM,70,Two year,Bank transfer (automatic),98.7,6858.9,No,0.04777421,Low,28.28,True
5249-QYHEX,40,Two year,Mailed check,24.8,1024.7,No,0.013541012,Low,7.21,False
0578-SKVMF,22,Month-to-month,Electronic check,83.3,1845.9,Yes,0.3584993,Medium,46.14,False
5564-NEMQO,1,Month-to-month,Bank transfer (automatic),75.3,75.3,Yes,0.83002496,High,77.12,False
2233-FAGXV,5,Month-to-month,Mailed check,24.3,132.25,No,0.14068039,Low,15.99,False
5605-IYGFG,7,Month-to-month,Bank transfer (automatic),69.85,515.45,No,0.5096785,Medium,53.32,False
7663-ZTEGJ,29,One year,Credit card (automatic),100.55,2830.45,No,0.12983146,Low,34.49,True
3935-TBRZZ,44,One year,Mailed check,25.7,1110.5,No,0.028849477,Low,8.51,False
8111-BKVDS,10,Month-to-month,Bank transfer (automatic),40.7,449.3,No,0.16251189,Low,21.66,False
2055-SIFSS,55,Month-to-month,Bank transfer (automatic),51.65,2838.55,No,0.13018882,Low,22.16,False
2806-MLNTI,52,One year,Bank transfer (automatic),105.1,5376.4,No,0.35814157,Medium,51.62,True
8734-DKSTZ,10,Month-to-month,Electronic check,85.95,858.6,No,0.5534725,Medium,60.46,False
4360-PNRQB,18,Month-to-month,Bank transfer (automatic),75.6,1395.05,No,0.30015844,Medium,40.11,False
6152-ONASV,68,One year,Bank transfer (automatic),58.25,3975.7,No,0.02070647,Low,16.17,False
9063-ZGTUY,61,Month-to-month,Mailed check,19.4,1182.55,Yes,0.113286816,Low,12.83,False
7781-HVGMK,72,Two year,Credit card (automatic),65.2,4784.45,No,0.006105251,Low,16.9,False
2181-UAESM,2,Month-to-month,Electronic check,53.45,119.5,No,0.33152243,Medium,36.71,False
2957-LOLHO,12,Month-to-month,Bank transfer (automatic),45.4,518.9,Yes,0.22422884,Low,27.17,False
6048-NJXHX,41,Two year,Electronic check,19.75,899.45,No,0.023776883,Low,6.65,False
2320-SLKMB,26,Month-to-month,Credit card (automatic),44.45,1183.8,No,0.1663239,Low,22.87,False
4980-URKXC,36,One year,Bank transfer (automatic),20.85,720.05,No,0.029751642,Low,7.35,False
4376-KFVRS,72,Two year,Credit card (automatic),114.05,8468.2,No,0.013491002,Low,29.76,True
5886-VLQVU,35,Month-to-month,Bank transfer (automatic),89.85,3161.2,No,0.24935265,Low,40.15,True
3577-AMVUX,1,Month-to-month,Mailed check,55.05,55.05,No,0.4130483,Medium,42.82,False
0771-WLCLA,16,Month-to-month,Electronic check,112.95,1882.55,No,0.43576473,Medium,59.04,True
5628-RKIFK,49,Month-to-month,Credit card (automatic),101.55,5070.4,No,0.312458,Medium,47.53,True
0206-TBWLC,54,One year,Mailed check,114.65,6049.5,No,0.15702635,Low,39.96,True
2937-FTHUR,18,Month-to-month,Electronic check,64.8,1166.7,No,0.25451642,Low,34.19,False
1910-FMXJM,36,Month-to-month,Electronic check,80.4,2937.65,No,0.39599562,Medium,48.03,False
7752-XUSCI,60,Month-to-month,Electronic check,105.9,6396.45,Yes,0.3991493,Medium,54.69,True
4110-PFEUZ,1,Month-to-month,Mailed check,69.55,69.55,Yes,0.78859603,High,72.77,False
0732-OCQOC,52,Two year,Bank transfer (automatic),25.05,1270.25,No,0.012741703,Low,7.22,False
5168-MSWXT,8,Month-to-month,Electronic check,94.75,759.55,No,0.6697728,High,70.82,True
1090-ESELR,72,Two year,Bank transfer (automatic),105.5,7611.55,No,0.018058265,Low,27.92,True
8592-PLTMQ,64,One year,Mailed check,24.7,1642.75,No,0.014677558,Low,7.27,False
5760-WRAHC,22,Month-to-month,Mailed check,69.75,1545.4,No,0.12374932,Low,26.28,False
8847-GEOOQ,60,Month-to-month,Bank transfer (automatic),60.2,3582.4,No,0.080399305,Low,20.84,False
0256-LTHVJ,28,Month-to-month,Electronic check,81.05,2227.1,Yes,0.40192726,Medium,48.61,False
4785-FCIFB,61,Two year,Mailed check,24.4,1417.9,No,0.008860427,Low,6.78,False
8313-NDOIA,24,Month-to-month,Electronic check,104.15,2494.65,No,0.70494825,High,75.66,True
5149-CUZUJ,28,One year,Bank transfer (automatic),92.9,2768.35,No,0.07324241,Low,28.6,True
0942-KOWSM,30,Two year,Bank transfer (automatic),80.8,2369.3,No,0.029443828,Low,22.47,False
4237-CLSMM,2,Month-to-month,Mailed check,20.0,38.0,No,0.11082106,Low,12.81,False
1452-VOQCH,1,Month-to-month,Electronic check,75.1,75.1,No,0.89635,High,81.72,False
4719-UMSIY,6,Month-to-month,Mailed check,19.65,100.9,No,0.08080135,Low,10.62,False
6614-VBEGU,24,Month-to-month,Bank transfer (automatic),69.45,1614.05,No,0.16587314,Low,29.16,False
0880-TKATG,4,Month-to-month,Electronic check,101.15,385.9,Yes,0.77242386,High,79.62,True
3811-VBYBZ,7,Month-to-month,Electronic check,99.8,673.25,Yes,0.8704894,High,86.15,True
1480-BKXGA,72,Two year,Bank transfer (automatic),116.05,8404.9,No,0.031489782,Low,31.52,True
2996-XAUVF,70,Two year,Mailed check,40.05,2799.75,No,0.029634323,Low,12.19,False
9076-AXYIK,64,Two year,Electronic check,102.1,6538.45,No,0.07349418,Low,30.94,True
5968-XQIVE,72,One year,Electronic check,89.7,6588.95,No,0.0991074,Low,29.6,False
8896-RAZCR,44,Two year,Mailed check,19.9,868.1,No,0.0071155545,Low,5.53,False
4640-UHDOS,13,Month-to-month,Electronic check,55.95,734.35,Yes,0.2375595,Low,30.76,False
4933-IKULF,17,One year,Mailed check,20.65,330.6,No,0.033116996,Low,7.54,False
3583-EKAPL,1,Month-to-month,Electronic check,55.0,55.0,Yes,0.7420537,High,65.84,False
1304-BCCFO,9,Month-to-month,Mailed check,70.05,564.4,No,0.2594625,Low,35.86,False
4104-PVRPS,24,Month-to-month,Mailed check,53.6,1315.35,No,0.061734512,Low,17.86,False
9399-APLBT,1,Month-to-month,Electronic check,74.7,74.7,Yes,0.79831517,High,74.75,False
2359-KMGLI,24,Month-to-month,Electronic check,80.25,1861.5,Yes,0.5355503,Medium,57.76,False
3780-DDGSE,35,Month-to-month,Electronic check,76.05,2747.2,No,0.1535852,Low,29.96,False
4431-EDMIQ,7,Month-to-month,Electronic check,75.7,554.05,No,0.19217625,Low,32.58,False
0306-JAELE,5,Month-to-month,Electronic check,96.1,453.4,Yes,0.741232,High,76.16,True
6227-HWPWX,15,Month-to-month,Bank transfer (automatic),69.0,994.8,Yes,0.24960646,Low,34.9,False
0486-LGCCH,11,Two year,Mailed check,19.65,225.75,No,0.014403453,Low,5.97,False
0447-BEMNG,48,Month-to-month,Bank transfer (automatic),45.3,2145.0,Yes,0.16817743,Low,23.22,False
4612-SSVHJ,20,Month-to-month,Electronic check,81.45,1671.6,No,0.42200926,Medium,50.12,False
5168-MQQCA,72,One year,Bank transfer (automatic),108.5,8003.8,No,0.09259515,Low,33.89,True
5949-XIKAE,8,Month-to-month,Electronic check,83.55,680.05,Yes,0.6467755,High,66.38,False
7971-HLVXI,72,Two year,Credit card (automatic),84.5,6130.85,No,0.04066135,Low,24.19,False
9094-AZPHK,15,Month-to-month,Electronic check,100.15,1415.0,No,0.7421942,High,77.25,True
3649-JPUGY,72,Two year,Bank transfer (automatic),88.6,6201.95,No,0.01164885,Low,23.2,False
4472-LVYGI,0,Two year,Bank transfer (automatic),52.55,0.0,No,0.030699484,Low,15.42,False
8372-JUXUI,1,Month-to-month,Electronic check,74.35,74.35,Yes,0.8533598,High,78.52,False
3552-CTCYF,63,Two year,Bank transfer (automatic),104.8,6597.25,No,0.0909093,Low,32.84,True
6778-YSNIH,2,Month-to-month,Electronic check,59.0,114.15,No,0.4954203,Medium,49.58,False
0388-EOPEX,2,Month-to-month,Electronic check,74.4,139.4,Yes,0.49962696,Medium,53.77,False
5756-OZRIO,61,One year,Bank transfer (automatic),64.05,3902.6,No,0.059207007,Low,20.33,False
6579-JPICP,1,Month-to-month,Mailed check,20.4,20.4,No,0.26371711,Low,23.61,False
8205-OTCHB,22,One year,Bank transfer (automatic),43.75,903.6,Yes,0.33271685,Medium,34.34,False
4134-BSXLX,28,Month-to-month,Mailed check,60.9,1785.65,No,0.04846887,Low,18.78,False
0505-SPOOW,70,Two year,Bank transfer (automatic),19.8,1397.65,No,0.009767859,Low,5.69,False
6235-VDHOM,5,Month-to-month,Electronic check,28.45,131.05,Yes,0.44332904,Medium,38.22,False
7783-YKGDV,12,Month-to-month,Bank transfer (automatic),99.7,1238.45,Yes,0.6991479,High,74.13,True
4374-YMUSQ,34,One year,Credit card (automatic),116.25,3899.05,No,0.1522495,Low,40.03,True
4513-CXYIX,71,Two year,Credit card (automatic),80.7,5676.0,No,0.021916796,Low,21.92,False
3957-HHLMR,70,One year,Bank transfer (automatic),65.2,4543.15,No,0.05792506,Low,20.53,False
7803-XOCCZ,52,Month-to-month,Bank transfer (automatic),84.05,4326.8,No,0.14294544,Low,31.24,False
5736-YEJAX,69,Two year,Credit card (automatic),79.45,5502.55,No,0.03773241,Low,22.71,False
5609-CEBID,20,Month-to-month,Electronic check,94.1,1782.4,Yes,0.60417676,High,66.07,True
8981-FJGLA,11,Month-to-month,Mailed check,78.0,851.8,No,0.45378453,Medium,51.47,False
7218-HKQFK,2,Month-to-month,Electronic check,94.2,167.5,Yes,0.73359656,High,75.15,True
4636-QRJKY,6,Month-to-month,Electronic check,80.5,502.85,Yes,0.74890465,High,72.76,False
1135-LMECX,1,Month-to-month,Mailed check,19.85,19.85,No,0.34665406,Medium,29.28,False
4332-MUOEZ,20,One year,Credit card (automatic),94.3,1818.3,No,0.1318307,Low,33.05,True
8535-SFUTN,61,Month-to-month,Electronic check,106.45,6300.15,No,0.43948534,Medium,57.66,True
5956-VKDTT,5,Month-to-month,Electronic check,74.35,334.8,Yes,0.7696053,High,72.66,False
8677-HDZEE,56,Month-to-month,Bank transfer (automatic),105.45,5916.95,No,0.27705696,Low,46.03,True
2475-MROZF,30,Month-to-month,Credit card (automatic),95.0,2852.4,No,0.19539024,Low,37.68,True
9412-GHEEC,40,Month-to-month,Bank transfer (automatic),104.8,4131.95,Yes,0.5205801,Medium,62.92,True
3482-ABPKK,28,One year,Mailed check,54.3,1546.3,No,0.02812677,Low,15.69,False
6705-LXORM,5,Month-to-month,Electronic check,70.05,302.6,No,0.527616,Medium,54.63,False
0257-ZESQC,27,Month-to-month,Bank transfer (automatic),75.2,1929.35,Yes,0.25869873,Low,37.11,False
7531-GQHME,12,Month-to-month,Credit card (automatic),20.05,265.45,No,0.08200841,Low,10.81,False
5174-ITUMV,67,One year,Electronic check,105.4,6989.45,No,0.32140398,Medium,49.13,True
4109-CYRBD,29,Month-to-month,Electronic check,51.6,1442.0,No,0.29698053,Low,33.82,False
0913-XWSCN,55,Month-to-month,Bank transfer (automatic),85.5,4713.4,No,0.27092552,Low,40.56,False
6825-UYPFK,23,Month-to-month,Bank transfer (automatic),75.6,1758.6,Yes,0.18447307,Low,32.01,False
8397-MVTAZ,34,Month-to-month,Electronic check,100.05,3480.0,Yes,0.65505797,High,71.13,True
0750-EBAIU,52,One year,Electronic check,91.25,4738.3,No,0.11727027,Low,31.26,True
8606-CIQUL,72,Two year,Credit card (automatic),115.75,8399.15,No,0.017714432,Low,30.48,True
3571-DPYUH,58,One year,Credit card (automatic),94.7,5430.35,No,0.08218166,Low,29.68,True
7601-GNDYK,35,Two year,Mailed check,19.6,686.95,No,0.012504034,Low,5.83,False
0356-OBMAC,56,Two year,Bank transfer (automatic),99.9,5706.3,No,0.055362985,Low,29.11,True
8067-NIOYM,24,Two year,Credit card (automatic),21.1,490.65,No,0.008963177,Low,5.96,False
1403-GYAFU,70,Two year,Credit card (automatic),20.05,1360.25,No,0.0056660785,Low,5.46,False
4234-XTNEA,2,Month-to-month,Electronic check,79.95,174.45,No,0.7405387,High,72.04,False
1297-VQDRP,68,One year,Credit card (automatic),107.15,7379.8,No,0.256601,Low,45.03,True
9282-IZGQK,1,Month-to-month,Electronic check,85.0,85.0,Yes,0.9110785,High,85.25,False
5348-CAGXB,12,Month-to-month,Electronic check,89.55,1021.75,No,0.7076838,High,72.16,False
0621-HJWXJ,63,Month-to-month,Bank transfer (automatic),81.55,5029.05,No,0.14530194,Low,30.77,False
5844-QVTAT,33,One year,Mailed check,58.45,1955.4,No,0.04949249,Low,18.23,False
8905-IAZPF,69,One year,Credit card (automatic),95.65,6744.2,No,0.14447503,Low,34.28,True
5394-MEITZ,60,Two year,Bank transfer (automatic),80.6,4946.7,No,0.016986217,Low,21.55,False
6859-QNXIQ,72,Two year,Bank transfer (automatic),113.1,8248.5,No,0.013964901,Low,29.55,True
2782-LFZVW,11,Month-to-month,Mailed check,58.95,601.6,No,0.29109114,Low,35.27,False
2866-IKBTM,1,Month-to-month,Mailed check,19.55,19.55,No,0.33187324,Medium,28.17,False
1342-JPNKI,10,Month-to-month,Bank transfer (automatic),86.05,834.1,Yes,0.73399556,High,73.12,False
2817-NTQDO,13,Month-to-month,Credit card (automatic),45.55,597.0,Yes,0.24703111,Low,28.8,False
7129-AZJDE,34,One year,Bank transfer (automatic),78.95,2647.2,No,0.19298136,Low,33.45,False
6986-IJDHX,39,Month-to-month,Mailed check,86.3,3266.0,Yes,0.36803213,Medium,47.56,False
2560-PPCHE,65,One year,Bank transfer (automatic),105.05,6744.25,No,0.13779323,Low,36.18,True
4676-MQUEA,50,One year,Bank transfer (automatic),101.9,5265.5,No,0.19395043,Low,39.32,True
8138-EALND,15,Month-to-month,Mailed check,19.75,311.6,No,0.13180085,Low,14.22,False
3580-HYCSP,72,Two year,Bank transfer (automatic),110.3,7966.9,No,0.022227569,Low,29.42,True
1352-HNSAW,72,Two year,Bank transfer (automatic),115.6,8220.4,No,0.017621418,Low,30.44,True
2075-PUEPR,55,Two year,Bank transfer (automatic),19.35,1153.25,No,0.040861383,Low,7.75,False
1982-FEBTD,23,Two year,Credit card (automatic),25.6,514.75,No,0.013728342,Low,7.43,False
5301-GAUUY,32,Month-to-month,Bank transfer (automatic),80.35,2596.15,Yes,0.36483458,Medium,45.84,False
5791-KAJFD,56,One year,Bank transfer (automatic),68.75,3808.0,No,0.041732796,Low,20.29,False
2654-VBVPB,1,Month-to-month,Bank transfer (automatic),19.9,19.9,No,0.37932676,Medium,31.58,False
1154-HYWWO,38,One year,Mailed check,70.6,2708.2,No,0.051031567,Low,21.41,False
2501-XWWTZ,11,Month-to-month,Electronic check,70.2,760.05,No,0.38927868,Medium,44.98,False
3716-UVSPD,1,Month-to-month,Electronic check,49.3,49.3,No,0.43997088,Medium,43.25,False
6815-ABQFQ,56,One year,Electronic check,107.25,6033.3,No,0.32971537,Medium,50.17,True
7343-EOBEU,3,Month-to-month,Mailed check,23.6,89.05,No,0.20129067,Low,20.05,False
3701-SFMUH,7,Month-to-month,Credit card (automatic),69.7,516.15,No,0.15477093,Low,28.44,False
6103-LIANB,59,Two year,Credit card (automatic),99.5,5861.75,No,0.12205298,Low,33.68,True
7319-VENRZ,7,Month-to-month,Bank transfer (automatic),64.3,445.95,No,0.1711049,Low,28.22,False
5846-NEQVZ,71,Two year,Credit card (automatic),70.85,4973.4,No,0.011056909,Low,18.67,False
6967-QIQRV,15,One year,Electronic check,101.9,1667.25,No,0.16595659,Low,37.36,True
5781-RFZRP,71,Two year,Credit card (automatic),73.5,5357.75,No,0.013405399,Low,19.51,False
0939-YAPAF,35,Month-to-month,Electronic check,100.25,3527.6,Yes,0.60144883,High,67.43,True
0308-IVGOK,11,One year,Credit card (automatic),40.4,422.6,No,0.12021458,Low,18.62,False
7293-LSCDV,60,Two year,Credit card (automatic),19.25,1103.25,No,0.013487778,Low,5.81,False
7025-WCBNE,47,Two year,Bank transfer (automatic),59.6,2754.0,No,0.040206805,Low,17.87,False
5756-JYOJT,11,One year,Credit card (automatic),64.9,697.25,No,0.12775263,Low,25.34,False
4710-FDUIZ,56,One year,Credit card (automatic),100.3,5614.45,Yes,0.21008882,Low,40.05,True
6030-REHUX,28,Month-to-month,Electronic check,110.85,3204.4,No,0.42467764,Medium,57.73,True
9548-LIGTA,61,Two year,Mailed check,81.05,4747.65,No,0.010556977,Low,21.21,False
5150-LJNSR,31,One year,Bank transfer (automatic),98.05,3082.1,No,0.11329484,Low,32.7,True
8270-RKSAP,9,Month-to-month,Electronic check,70.5,597.9,No,0.54068637,Medium,55.66,False
6522-YRBXD,35,Month-to-month,Electronic check,94.55,3365.4,No,0.25937217,Low,42.04,True
2640-LYMOV,2,Month-to-month,Mailed check,19.65,38.8,No,0.13820952,Low,14.64,False
1218-VKFPE,12,Month-to-month,Mailed check,19.0,233.55,Yes,0.036504857,Low,7.36,False
3627-FHKBK,1,Month-to-month,Mailed check,75.3,75.3,Yes,0.5615022,Medium,58.33,False
2865-TCHJW,4,Month-to-month,Electronic check,89.2,346.2,Yes,0.80907923,High,79.17,False
1423-BMPBQ,1,Month-to-month,Mailed check,19.0,19.0,No,0.28242084,Low,24.57,False
2393-DIVAI,3,Month-to-month,Mailed check,20.0,61.7,No,0.14782718,Low,15.4,False
5192-EBGOV,1,Month-to-month,Electronic check,85.7,85.7,Yes,0.9225209,High,86.23,False
4568-KNYWR,52,Two year,Credit card (automatic),63.25,3342.45,No,0.018583316,Low,17.28,False
8752-IMQOS,5,One year,Mailed check,20.1,85.1,No,0.024543302,Low,6.8,False
0742-LAFQK,72,Two year,Electronic check,99.15,7422.1,No,0.028630655,Low,27.05,True
0795-LAFGP,71,Two year,Electronic check,90.4,6668.05,No,0.010786516,Low,23.59,True
0619-OLYUR,72,Two year,Credit card (automatic),111.9,8071.05,No,0.020378238,Low,29.7,True
5512-IDZEI,46,One year,Electronic check,24.9,1174.8,No,0.041894123,Low,9.22,False
0459-SPZHJ,63,Two year,Credit card (automatic),83.5,5435.0,No,0.018714994,Low,22.4,False
0215-BQKGS,30,Month-to-month,Credit card (automatic),84.3,2438.6,No,0.26532587,Low,39.87,False
9244-ZVAPM,1,Month-to-month,Mailed check,45.6,45.6,No,0.49371657,Medium,46.08,False
0719-SYFRB,12,Month-to-month,Mailed check,61.65,713.75,Yes,0.1623945,Low,26.94,False
8208-EUMTE,16,Two year,Mailed check,54.85,916.15,No,0.0196981,Low,15.24,False
5172-MIGPM,4,Month-to-month,Mailed check,65.55,237.2,No,0.22881748,Low,32.58,False
1710-RCXUS,51,One year,Credit card (automatic),90.35,4614.55,No,0.15239298,Low,33.49,True
0374-FIUCA,65,Two year,Credit card (automatic),20.4,1414.45,No,0.007105586,Low,5.65,False
5839-SUYVZ,16,Month-to-month,Credit card (automatic),74.55,1170.5,No,0.3924971,Medium,46.31,False
5173-ZXXXL,2,One year,Mailed check,19.95,47.7,No,0.02902065,Low,7.07,False
1096-ADRUX,66,One year,Bank transfer (automatic),74.25,4859.25,No,0.12944579,Low,27.82,False
2001-MCUUW,46,Two year,Electronic check,108.65,4903.2,No,0.23158292,Low,43.66,True
2731-GJRDG,32,One year,Bank transfer (automatic),109.55,3608.0,No,0.20233697,Low,41.84,True
4723-BEGSG,72,Two year,Credit card (automatic),86.65,6094.25,No,0.005926025,Low,22.31,False
6516-NKQBO,38,Two year,Credit card (automatic),81.0,3084.9,No,0.01943543,Low,21.82,False
8672-OAUPW,51,One year,Credit card (automatic),47.85,2356.75,No,0.062421612,Low,16.46,False
8207-DMRVL,72,Two year,Bank transfer (automatic),114.55,8306.05,No,0.020125985,Low,30.35,True
3419-SNJJD,65,Month-to-month,Bank transfer (automatic),105.25,6786.4,Yes,0.26219758,Low,44.94,True
6543-CPZMK,9,Month-to-month,Electronic check,29.95,248.95,Yes,0.36914605,Medium,33.41,False
4765-OXPPD,9,Month-to-month,Mailed check,65.0,663.05,Yes,0.1360587,Low,25.95,False
2804-ETQDK,66,Two year,Mailed check,20.55,1357.1,No,0.004576325,Low,5.51,False
6689-VRRTK,44,One year,Credit card (automatic),109.8,4860.35,No,0.26772702,Low,46.48,True
7138-GIRSH,50,Two year,Bank transfer (automatic),69.5,3418.2,No,0.020845514,Low,19.02,False
9396-ZSFLL,15,Month-to-month,Mailed check,48.85,631.4,No,0.20448652,Low,26.66,False
6464-KEXXH,8,Month-to-month,Credit card (automatic),25.25,186.3,No,0.3410568,Medium,30.25,False
7134-MJPDY,66,One year,Credit card (automatic),102.85,6976.75,No,0.23336834,Low,42.32,True
5240-CAOYT,57,Month-to-month,Bank transfer (automatic),87.55,4884.85,No,0.09532471,Low,28.79,False
4059-IIEBK,7,Month-to-month,Bank transfer (automatic),78.55,522.95,No,0.6825346,High,67.62,False
4881-JVQOD,10,Month-to-month,Bank transfer (automatic),34.55,362.6,No,0.34651512,Medium,32.98,False
0516-UXRMT,62,One year,Electronic check,92.05,5755.8,No,0.075983696,Low,28.57,True
4851-BQDNX,40,One year,Electronic check,85.05,3355.65,No,0.17951061,Low,34.05,False
5148-HKFIR,20,Two year,Mailed check,19.7,406.95,No,0.016240021,Low,6.11,False
1009-IRMNA,7,Month-to-month,Bank transfer (automatic),20.0,137.6,Yes,0.14189358,Low,14.99,False
3003-CMDUU,25,Month-to-month,Electronic check,95.15,2395.7,No,0.4534514,Medium,55.78,True
5016-IBERQ,23,Month-to-month,Electronic check,84.25,1968.1,No,0.40146703,Medium,49.39,False
6797-UCJHZ,66,One year,Credit card (automatic),104.6,6819.45,No,0.19731076,Low,40.24,True
2469-DTSGX,72,Two year,Electronic check,111.65,7943.45,No,0.028065851,Low,30.17,True
4554-YGZIH,49,Month-to-month,Credit card (automatic),90.05,4547.25,Yes,0.31587005,Medium,44.86,True
5099-BAILX,43,Month-to-month,Bank transfer (automatic),110.75,4687.9,Yes,0.49515307,Medium,62.64,True
9931-KGHOA,46,Month-to-month,Bank transfer (automatic),55.0,2473.95,No,0.1415255,Low,23.8,False
1775-KWJKQ,72,Two year,Credit card (automatic),89.85,6562.9,No,0.0049995272,Low,23.05,True
7665-VIGUD,10,One year,Mailed check,20.35,176.3,No,0.024186881,Low,6.83,False
9411-TPQQV,40,One year,Bank transfer (automatic),54.55,2236.2,No,0.06875568,Low,18.59,False
7207-RMRDB,65,Month-to-month,Electronic check,105.5,6985.65,Yes,0.4051562,Medium,55.01,True
7954-MLBUN,31,Two year,Bank transfer (automatic),99.45,3109.9,No,0.05685037,Low,29.1,True
2077-DDHJK,68,Two year,Credit card (automatic),70.9,4911.35,No,0.028978404,Low,19.94,False
4913-EHYUI,56,One year,Bank transfer (automatic),104.55,5794.65,Yes,0.29304484,Low,46.93,True
0195-IESCP,10,Month-to-month,Electronic check,85.25,855.3,Yes,0.77030176,High,75.46,False
9574-BOSMD,68,Two year,Bank transfer (automatic),25.4,1620.2,No,0.006164208,Low,6.85,False
4580-TMHJU,43,Month-to-month,Electronic check,56.15,2499.3,Yes,0.27254614,Low,33.26,False
0970-ETWGE,1,Month-to-month,Electronic check,89.55,89.55,Yes,0.8608721,High,82.88,False
4908-XAXAY,49,One year,Bank transfer (automatic),89.85,4287.2,No,0.10680809,Low,30.18,True
8404-VLQFB,15,Month-to-month,Electronic check,25.25,394.85,No,0.15996116,Low,17.58,False
1626-ERCMM,20,Month-to-month,Electronic check,94.55,1899.65,Yes,0.6872765,High,72.0,True
0887-HJGAR,1,Month-to-month,Mailed check,45.7,45.7,Yes,0.57595545,Medium,51.86,False
2391-IPLOP,50,One year,Electronic check,69.65,3442.15,No,0.08641536,Low,23.64,False
5644-PDMZC,2,Month-to-month,Electronic check,89.5,161.5,Yes,0.7382812,High,74.29,False
3509-GWQGF,24,Month-to-month,Credit card (automatic),70.0,1732.6,No,0.17950661,Low,30.25,False
9576-ANLXO,3,Month-to-month,Bank transfer (automatic),69.55,222.3,Yes,0.5704135,Medium,57.5,False
2024-BASKD,1,Month-to-month,Mailed check,74.6,74.6,Yes,0.81993383,High,76.24,False
5845-BZZIB,35,Two year,Mailed check,20.1,655.3,No,0.009527263,Low,5.74,False
1140-UKVZG,17,Month-to-month,Mailed check,24.8,475.25,No,0.088498026,Low,12.46,False
4160-AMJTL,8,Month-to-month,Electronic check,19.65,164.3,Yes,0.19091938,Low,18.33,False
5183-SNMJQ,10,Month-to-month,Credit card (automatic),95.1,865.1,No,0.64248747,High,69.0,True
8100-PNJMH,68,Two year,Credit card (automatic),88.85,6132.7,No,0.020107185,Low,23.85,False
7838-LAZFO,45,One year,Bank transfer (automatic),78.8,3597.5,No,0.06455736,Low,24.43,False
4464-JCOLN,2,One year,Mailed check,19.85,35.9,Yes,0.032335833,Low,7.28,False
2085-JVGAD,37,Month-to-month,Bank transfer (automatic),20.35,697.65,No,0.05706492,Low,9.14,False
5650-VDUDS,4,Month-to-month,Mailed check,24.25,96.05,Yes,0.48903477,Medium,40.36,False
8095-WANWK,10,Month-to-month,Mailed check,45.25,428.7,No,0.20422848,Low,25.73,False
3030-ZKIWL,1,Month-to-month,Mailed check,20.05,20.05,No,0.3918267,Medium,32.49,False
9565-FLVCG,65,Two year,Mailed check,69.55,4459.15,No,0.012921494,Low,18.48,False
8755-OGKNA,57,Two year,Bank transfer (automatic),19.5,1167.6,No,0.02486367,Low,6.67,False
2800-VEQXM,3,Month-to-month,Mailed check,74.75,238.1,No,0.59667206,Medium,60.65,False
7538-GWHML,2,Month-to-month,Electronic check,69.65,145.15,Yes,0.5321793,Medium,54.85,False
5533-RJFTJ,49,Month-to-month,Bank transfer (automatic),30.2,1453.1,No,0.20198378,Low,21.77,False
3859-CVCET,4,Month-to-month,Mailed check,45.65,191.05,Yes,0.33605582,Medium,35.06,False
0214-JHPFW,70,Two year,Bank transfer (automatic),57.8,4039.3,No,0.016743086,Low,15.77,False
5642-MHDQT,53,One year,Bank transfer (automatic),19.85,1039.45,No,0.044771634,Low,8.15,False
3088-FVYWK,53,Two year,Credit card (automatic),25.55,1336.1,No,0.011563963,Low,7.26,False
3276-HDUEG,1,Month-to-month,Mailed check,75.05,75.05,Yes,0.8724741,High,80.03,False
9092-GDZKO,22,Month-to-month,Credit card (automatic),24.85,493.4,No,0.089320615,Low,12.53,False
0823-HSCDJ,52,Month-to-month,Electronic check,49.15,2550.9,Yes,0.51109976,Medium,48.19,False
3729-OWRVL,65,Two year,Electronic check,110.35,7246.15,No,0.20454581,Low,42.2,True
2324-AALNO,48,One year,Bank transfer (automatic),24.55,1203.95,No,0.031557154,Low,8.41,False
0822-GAVAP,2,Month-to-month,Electronic check,34.7,62.25,Yes,0.7712471,High,62.75,False
5760-IFJOZ,3,Month-to-month,Mailed check,107.95,313.6,No,0.5511707,Medium,65.85,True
2826-UWHIS,45,Month-to-month,Bank transfer (automatic),81.4,3775.85,No,0.17476755,Low,32.8,False
1448-PWKYE,1,Month-to-month,Electronic check,80.0,80.0,Yes,0.79869854,High,76.12,False
7501-IWUNG,61,Two year,Bank transfer (automatic),73.8,4616.05,No,0.02841743,Low,20.63,False
4957-TREIR,3,Month-to-month,Credit card (automatic),64.4,195.65,No,0.17895013,Low,28.8,False
7251-LJBQN,40,One year,Credit card (automatic),103.75,4188.4,No,0.434987,Medium,56.66,True
8040-MNRTF,1,Month-to-month,Mailed check,71.1,71.1,No,0.7218041,High,68.49,False
1536-HBSWP,1,Month-to-month,Electronic check,49.9,49.9,No,0.41425157,Medium,41.6,False
5313-FPXWG,51,One year,Bank transfer (automatic),24.6,1266.4,No,0.033542607,Low,8.56,False
0067-DKWBL,2,Month-to-month,Electronic check,49.25,91.1,Yes,0.6308262,High,56.6,False
0946-FKYTX,52,One year,Mailed check,30.1,1623.4,No,0.05347785,Low,11.35,False
5076-YVXCM,51,Month-to-month,Bank transfer (automatic),83.4,4149.45,No,0.30839717,Medium,42.66,False
8262-COGGB,1,Month-to-month,Mailed check,20.45,20.45,No,0.3245188,Medium,27.88,False
6663-JOCQO,31,One year,Bank transfer (automatic),75.25,2344.5,No,0.08863205,Low,25.21,False
9620-QJREV,47,One year,Credit card (automatic),20.55,1013.05,No,0.012716326,Low,6.08,False
2276-YDAVZ,3,Month-to-month,Credit card (automatic),75.1,270.7,Yes,0.7204861,High,69.41,False
2682-KEVRP,22,One year,Mailed check,20.05,417.0,No,0.028245287,Low,7.04,False
2480-JZOSN,1,Month-to-month,Mailed check,20.65,20.65,No,0.4525455,Medium,36.9,False
0078-XZMHT,72,Two year,Bank transfer (automatic),85.15,6316.2,No,0.0109332325,Low,22.28,False
5896-NPFWW,3,Month-to-month,Electronic check,50.15,168.15,Yes,0.5807448,Medium,53.32,False
9978-HYCIN,47,One year,Bank transfer (automatic),84.95,4018.05,No,0.102385625,Low,28.63,False
8338-QIUNR,72,Two year,Credit card (automatic),66.5,4811.6,No,0.0065604663,Low,17.26,False
1525-LNLOJ,66,Two year,Bank transfer (automatic),63.3,4189.7,No,0.030500593,Low,18.13,False
9450-TRJUU,35,Month-to-month,Electronic check,83.15,2848.45,No,0.49609223,Medium,55.73,False
1766-GKNMI,29,Month-to-month,Electronic check,84.9,2516.2,No,0.5901104,Medium,62.76,False
6942-LBFDP,2,Month-to-month,Mailed check,20.55,33.6,No,0.1669848,Low,16.88,False
1456-TWCGB,4,Month-to-month,Mailed check,49.25,208.45,No,0.26993093,Low,31.34,False
7133-VBDCG,25,Month-to-month,Bank transfer (automatic),79.85,2015.35,Yes,0.26764932,Low,38.91,False
7596-ZYWBB,65,Two year,Mailed check,59.6,3739.8,No,0.009472626,Low,15.72,False
8329-UTMVM,27,One year,Bank transfer (automatic),104.65,2964.0,No,0.27312592,Low,45.56,True
3014-WJKSM,29,Month-to-month,Credit card (automatic),75.3,2263.4,No,0.2316435,Low,35.24,False
3347-YJZZE,29,Month-to-month,Credit card (automatic),80.1,2211.8,No,0.12564433,Low,29.03,False
1029-QFBEN,1,Month-to-month,Mailed check,19.55,19.55,Yes,0.31715816,Medium,27.14,False
7929-DMBCV,20,Month-to-month,Mailed check,81.0,1683.7,No,0.20783678,Low,35.01,False
9661-JALZV,58,Two year,Credit card (automatic),24.7,1519.0,No,0.014454834,Low,7.25,False
5433-KYGHE,14,Month-to-month,Mailed check,86.0,1164.05,No,0.36498705,Medium,47.28,False
4312-KFRXN,72,Two year,Mailed check,25.4,1710.9,No,0.0044315495,Low,6.73,False
5575-TPIZQ,46,Month-to-month,Credit card (automatic),89.15,4245.55,No,0.2572678,Low,40.53,False
0114-IGABW,71,Two year,Bank transfer (automatic),58.25,4145.9,No,0.012402601,Low,15.58,False
9944-AEXBM,32,Month-to-month,Bank transfer (automatic),85.65,2664.3,No,0.42655143,Medium,51.5,False
1853-ARAAQ,26,Month-to-month,Credit card (automatic),50.35,1277.5,No,0.21146098,Low,27.52,False
6952-OMNWB,68,Month-to-month,Credit card (automatic),80.35,5589.3,No,0.28266537,Low,40.09,False
4697-LUPSU,2,One year,Mailed check,20.2,34.75,No,0.02471377,Low,6.83,False
8434-VGEQQ,61,Two year,Credit card (automatic),20.55,1305.95,No,0.0061454326,Low,5.62,False
4952-YSOGZ,4,Month-to-month,Electronic check,85.95,381.3,Yes,0.8057168,High,78.11,False
1589-AGTLK,3,Month-to-month,Electronic check,45.35,141.5,Yes,0.5476644,Medium,49.79,False
5244-IRFIH,33,Month-to-month,Electronic check,94.5,3105.55,Yes,0.6288093,High,67.89,True
6549-YMFAW,9,Month-to-month,Mailed check,21.25,204.55,No,0.15290485,Low,16.07,False
4950-HKQTE,22,Two year,Mailed check,26.25,605.9,No,0.014437903,Low,7.64,False
6786-OBWQR,5,Month-to-month,Electronic check,80.85,356.1,No,0.66731775,High,67.14,False
2684-EIWEO,30,Month-to-month,Credit card (automatic),91.7,2758.15,Yes,0.32117376,Medium,45.65,True
2753-JMMCV,65,Two year,Credit card (automatic),74.2,4805.65,No,0.0497214,Low,22.23,False
6439-GTPCA,45,Month-to-month,Electronic check,87.25,3941.7,Yes,0.32079473,Medium,44.5,False
6621-YOBKI,5,Month-to-month,Mailed check,20.35,92.75,No,0.08675931,Low,11.21,False
1216-JWVUX,25,Month-to-month,Electronic check,75.5,1901.05,No,0.3507416,Medium,43.63,False
7564-GHCVB,72,Two year,Bank transfer (automatic),79.05,5730.7,No,0.009756874,Low,20.65,False
1173-NOEYG,27,Month-to-month,Bank transfer (automatic),90.15,2423.4,No,0.28753364,Low,42.9,True
7595-EHCDL,32,Month-to-month,Credit card (automatic),50.6,1653.45,No,0.12830809,Low,21.76,False
6647-ZEDXT,30,One year,Credit card (automatic),110.45,3327.05,No,0.17503357,Low,40.16,True
2521-NPUZR,70,Two year,Credit card (automatic),101.0,7085.5,No,0.03652592,Low,28.07,True
1307-TVUFB,42,Month-to-month,Bank transfer (automatic),79.35,3344.1,No,0.32556504,Medium,42.84,False
7503-MIOGA,72,Two year,Bank transfer (automatic),89.85,6697.35,No,0.0069886795,Low,23.19,True
4381-MHQDC,47,Two year,Mailed check,65.0,2879.9,No,0.01967223,Low,17.8,False
6923-JHPMP,2,Month-to-month,Electronic check,80.45,137.1,No,0.5016637,Medium,55.44,False
5138-WVKYJ,10,Month-to-month,Electronic check,98.55,1008.55,Yes,0.70709425,High,74.39,True
4018-PPNDW,61,Two year,Mailed check,24.1,1551.6,No,0.009574006,Low,6.76,False
1635-FJFCC,5,Month-to-month,Credit card (automatic),44.05,202.15,No,0.36856335,Medium,36.93,False
2499-AJYUA,72,Two year,Credit card (automatic),110.8,7882.25,No,0.017199062,Low,29.2,True
6919-ELBGL,72,Two year,Bank transfer (automatic),114.95,8196.4,No,0.024056507,Low,30.72,True
3966-HRMZA,3,Month-to-month,Mailed check,75.05,202.9,No,0.5690402,Medium,58.79,False
6425-JWTDV,48,Two year,Mailed check,19.25,855.1,No,0.010314339,Low,5.59,False
8405-IGQFX,63,One year,Credit card (automatic),90.05,5817.0,No,0.041463077,Low,25.65,True
8224-IVVPA,27,Month-to-month,Mailed check,56.7,1652.95,No,0.11348687,Low,22.27,False
9477-LGWQI,70,Two year,Credit card (automatic),80.15,5600.15,No,0.027293563,Low,22.16,False
1410-RSCMR,7,Month-to-month,Credit card (automatic),71.35,515.75,No,0.12515713,Low,26.79,False
3115-CZMZD,0,Two year,Mailed check,20.25,0.0,No,0.0132632805,Low,6.04,False
0139-IVFJG,2,Month-to-month,Electronic check,90.35,190.5,No,0.41281545,Medium,51.72,True
6683-VLCTZ,20,Month-to-month,Electronic check,98.55,1842.8,Yes,0.7665937,High,78.56,True
5730-DBDSI,66,Two year,Bank transfer (automatic),19.7,1253.8,No,0.011215122,Low,5.76,False
0030-FNXPP,3,Month-to-month,Mailed check,19.85,57.2,No,0.15635179,Low,15.96,False
2189-WWOEW,15,Month-to-month,Bank transfer (automatic),85.9,1269.55,Yes,0.42201954,Medium,51.24,False
5684-FJVYR,72,Two year,Bank transfer (automatic),90.35,6563.4,No,0.0059644463,Low,23.24,True
4013-GUXND,1,Month-to-month,Mailed check,20.8,20.8,No,0.35001844,Medium,29.76,False
1894-IGFSG,22,Month-to-month,Electronic check,89.25,1907.85,Yes,0.3977687,Medium,50.39,False
7379-POKDZ,3,Month-to-month,Electronic check,70.3,208.85,Yes,0.61532885,High,60.83,False
1266-NZYUI,72,Two year,Bank transfer (automatic),66.85,4758.8,No,0.0065873805,Low,17.35,False
7969-FFOWG,65,Two year,Mailed check,19.9,1292.6,No,0.008010516,Low,5.59,False
4718-DHSMV,11,Month-to-month,Mailed check,35.8,363.15,No,0.34766522,Medium,33.38,False
5175-WLYXL,22,Month-to-month,Mailed check,78.85,1600.25,No,0.3673131,Medium,45.63,False
7817-OMJNA,14,One year,Bank transfer (automatic),20.4,275.7,No,0.032537017,Low,7.43,False
8728-SKJLR,41,Month-to-month,Electronic check,74.25,3089.1,No,0.37614357,Medium,45.09,False
3137-NYQQI,17,One year,Mailed check,64.8,1175.6,No,0.08878412,Low,22.59,False
7706-DZNKK,11,Month-to-month,Credit card (automatic),20.45,237.3,No,0.07634586,Low,10.51,False
0236-HFWSV,15,Month-to-month,Electronic check,93.35,1444.65,Yes,0.71454126,High,73.6,True
3900-AQPHZ,1,Month-to-month,Mailed check,19.9,19.9,Yes,0.4324953,Medium,35.3,False
5842-POCOP,5,Month-to-month,Mailed check,88.9,454.15,Yes,0.5555271,Medium,61.35,False
2037-XJFUP,33,One year,Electronic check,95.8,3036.75,Yes,0.34038347,Medium,48.03,True
8823-RLPWL,72,Two year,Credit card (automatic),110.65,8065.65,No,0.010311039,Low,28.68,True
9505-SQFSW,3,Month-to-month,Mailed check,40.3,92.5,No,0.43939814,Medium,40.94,False
7314-OXENN,2,Month-to-month,Electronic check,82.0,184.65,Yes,0.79320055,High,76.24,False
3758-CKOQL,59,One year,Credit card (automatic),107.0,6152.3,No,0.19255775,Low,40.51,True
0322-CHQRU,2,Month-to-month,Electronic check,45.35,89.5,Yes,0.51668435,Medium,47.62,False
5676-CFLYY,71,Two year,Credit card (automatic),73.35,5154.5,No,0.020676585,Low,19.98,False
7521-AFHAB,5,Month-to-month,Mailed check,44.8,220.45,No,0.31578872,Medium,33.42,False
0285-INHLN,27,Month-to-month,Credit card (automatic),54.75,1510.3,No,0.12283128,Low,22.43,False
4678-DVQEO,1,Month-to-month,Electronic check,52.2,52.2,Yes,0.5127872,Medium,49.08,False
5125-CNDSP,63,One year,Bank transfer (automatic),40.6,2588.95,No,0.026556375,Low,12.12,False
0691-IFBQW,46,One year,Electronic check,110.0,4874.8,Yes,0.32370383,Medium,50.45,True
4992-LTJNE,72,Two year,Bank transfer (automatic),55.3,3983.6,No,0.005798011,Low,14.38,False
2202-OUTMO,34,Month-to-month,Bank transfer (automatic),60.85,2003.6,No,0.07057054,Low,20.31,False
0810-BDHAW,24,One year,Electronic check,78.4,1832.4,No,0.074617654,Low,25.03,False
0229-LFJAF,72,Two year,Bank transfer (automatic),69.65,4908.25,No,0.0053142714,Low,17.97,False
7131-ZQZNK,60,Two year,Credit card (automatic),59.85,3590.2,No,0.012181423,Low,15.97,False
3442-ZHHCC,68,One year,Credit card (automatic),76.9,5023.0,No,0.122140646,Low,27.98,False
5726-CVNYA,8,Two year,Mailed check,19.85,146.6,No,0.021439997,Low,6.52,False
9871-ELEYA,34,Two year,Credit card (automatic),67.65,2339.3,No,0.018644743,Low,18.4,False
4257-GAESD,6,Month-to-month,Credit card (automatic),45.0,298.7,No,0.349412,Medium,35.83,False
5173-WXOQV,2,Month-to-month,Mailed check,64.2,143.65,No,0.23968898,Low,33.0,False
2040-OBMLJ,31,One year,Credit card (automatic),81.7,2548.65,No,0.07825675,Low,26.12,False
6286-ZHAOK,20,Month-to-month,Bank transfer (automatic),25.55,507.4,No,0.098443694,Low,13.35,False
3807-XHCJH,1,Month-to-month,Electronic check,20.0,20.0,No,0.44913068,Medium,36.49,False
3009-JWMPU,62,One year,Electronic check,96.75,6125.4,Yes,0.3405194,Medium,48.28,True
5671-RQRLP,70,Two year,Credit card (automatic),75.65,5411.4,No,0.10557328,Low,26.5,False
1450-GALXR,10,Month-to-month,Electronic check,98.5,1058.25,Yes,0.8898041,High,87.17,True
8859-AXJZP,39,Two year,Mailed check,23.8,903.8,No,0.012804995,Low,6.91,False
3174-AKMAS,46,Two year,Credit card (automatic),64.2,3009.5,No,0.03030889,Low,18.34,False
3138-BKYAV,6,Month-to-month,Electronic check,85.35,489.45,Yes,0.7216804,High,72.08,False
9926-PJHDQ,72,Two year,Bank transfer (automatic),76.8,5468.45,No,0.04371927,Low,22.46,False
7382-DFJTU,18,Month-to-month,Credit card (automatic),55.2,1058.1,No,0.19070736,Low,27.29,False
2798-NYLMZ,71,Two year,Credit card (automatic),108.55,7616.0,No,0.16411513,Low,38.91,True
4289-DTDKW,40,Month-to-month,Electronic check,101.3,4113.1,Yes,0.68047386,High,73.22,True
1820-TQVEV,1,Month-to-month,Electronic check,69.55,69.55,Yes,0.86280483,High,77.97,False
2239-JALAW,58,One year,Bank transfer (automatic),103.25,6017.65,Yes,0.37135592,Medium,52.08,True
4853-RULSV,70,Two year,Credit card (automatic),104.0,7250.15,Yes,0.26328072,Low,44.7,True
8098-TDCBU,42,Two year,Electronic check,25.25,1108.2,No,0.021302737,Low,7.87,False
3551-GAEGL,34,One year,Bank transfer (automatic),30.4,938.65,No,0.052754253,Low,11.37,False
4785-NKHCX,5,Month-to-month,Bank transfer (automatic),20.05,94.15,No,0.20342907,Low,19.31,False
3196-NVXLZ,25,Month-to-month,Mailed check,84.6,2088.05,No,0.41654664,Medium,50.53,False
6275-YDUVO,2,Month-to-month,Mailed check,86.2,178.7,Yes,0.7451636,High,73.94,False
0036-IHMOT,55,One year,Bank transfer (automatic),103.7,5656.75,No,0.14706641,Low,36.49,True
0115-TFERT,21,Month-to-month,Electronic check,111.2,2317.1,Yes,0.5369725,Medium,65.68,True
4178-EGMON,70,Two year,Credit card (automatic),88.0,5986.45,No,0.023500128,Low,23.88,False
4220-TINQT,61,Month-to-month,Electronic check,106.35,6751.35,No,0.37404552,Medium,53.05,True
5318-YKDPV,43,Two year,Credit card (automatic),79.15,3566.6,No,0.016241355,Low,21.13,False
7975-TZMLR,47,One year,Electronic check,103.1,4889.3,No,0.40563115,Medium,54.44,True
0295-QVKPB,5,Month-to-month,Credit card (automatic),63.95,318.1,No,0.22051097,Low,31.59,False
4335-BSMJS,62,Two year,Credit card (automatic),25.8,1563.95,No,0.009186451,Low,7.16,False
2311-QYMUQ,16,Month-to-month,Credit card (automatic),89.45,1430.25,Yes,0.46935967,Medium,55.45,False
3643-AHCFP,7,Month-to-month,Bank transfer (automatic),95.6,644.35,Yes,0.8632235,High,84.58,True
9146-JRIOX,14,Month-to-month,Mailed check,25.55,372.45,No,0.08558745,Low,12.45,False
3104-OWCGK,60,One year,Electronic check,90.95,5453.4,Yes,0.0800934,Low,28.58,True
5337-IIWKZ,34,Month-to-month,Electronic check,44.85,1442.6,No,0.14149623,Low,21.24,False
9101-BWFSS,50,One year,Electronic check,108.55,5610.7,Yes,0.2588098,Low,45.54,True
9650-VBUOG,38,Two year,Credit card (automatic),25.05,963.95,No,0.01066398,Low,7.07,False
3487-EARAT,70,One year,Credit card (automatic),74.1,5222.3,No,0.087075256,Low,24.82,False
2672-TGEFF,37,Month-to-month,Electronic check,88.8,3340.55,No,0.3807162,Medium,49.08,False
9231-ZJYAM,4,Month-to-month,Electronic check,78.85,292.8,Yes,0.70021665,High,68.94,False
4250-WAROZ,60,Month-to-month,Electronic check,93.25,5774.55,No,0.1391989,Low,33.3,True
8184-WMOFI,62,One year,Credit card (automatic),71.4,4487.3,No,0.05369539,Low,21.8,False
6982-SSHFK,1,Month-to-month,Mailed check,44.4,44.4,Yes,0.4603549,Medium,43.44,False
6092-QZVPP,36,Month-to-month,Credit card (automatic),79.2,2854.95,No,0.11499536,Low,28.06,False
4625-LAMOB,44,Two year,Credit card (automatic),20.4,905.55,No,0.007650419,Low,5.69,False
0727-BMPLR,55,One year,Electronic check,100.0,5509.3,Yes,0.3774123,Medium,51.68,True
0392-BZIUW,72,Two year,Credit card (automatic),105.0,7589.8,No,0.029313887,Low,28.58,True
1038-ZAGBI,12,One year,Bank transfer (automatic),19.8,229.6,Yes,0.06769251,Low,9.74,False
6549-NNDYT,13,Month-to-month,Bank transfer (automatic),30.85,394.1,No,0.23356545,Low,24.14,False
3027-ZTDHO,1,Month-to-month,Electronic check,89.9,89.9,Yes,0.8608721,High,82.97,True
0422-OHQHQ,15,One year,Mailed check,20.55,295.95,No,0.023374962,Low,6.83,False
6916-HIJSE,65,Two year,Bank transfer (automatic),84.85,5459.2,No,0.018539501,Low,22.73,False
2316-ESMLS,12,One year,Credit card (automatic),33.15,444.75,No,0.04409802,Low,11.46,False
9778-OGKQZ,72,Two year,Credit card (automatic),92.0,6782.15,No,0.005601501,Low,23.63,True
7408-OFWXJ,72,Two year,Credit card (automatic),89.8,6510.45,No,0.004153452,Low,22.98,False
6007-TCTST,72,Two year,Bank transfer (automatic),115.8,8476.5,No,0.018352337,Low,30.54,True
2252-NKNSI,52,Two year,Mailed check,85.15,4461.85,No,0.016775247,Low,22.69,False
8713-IGZSO,2,Month-to-month,Mailed check,24.85,62.0,No,0.143166,Low,16.3,False
7905-TVXTA,5,Month-to-month,Electronic check,64.35,352.65,No,0.2653773,Low,34.83,False
7695-PKLCZ,68,Two year,Credit card (automatic),20.5,1424.9,No,0.0058504823,Low,5.59,False
2382-BCKQJ,62,One year,Electronic check,100.15,6413.65,Yes,0.3087693,Medium,46.91,True
8374-UULRV,72,Two year,Credit card (automatic),86.05,6309.65,No,0.006028374,Low,22.16,False
2207-NHRJK,1,Month-to-month,Electronic check,50.8,50.8,Yes,0.4807763,Medium,46.49,False
3224-DFQNQ,66,One year,Electronic check,89.0,5898.6,No,0.06532219,Low,27.06,False
5275-PMFUT,72,Two year,Credit card (automatic),64.8,4719.75,No,0.00579311,Low,16.78,False
4795-UXVCJ,26,One year,Credit card (automatic),19.8,457.3,No,0.018803323,Low,6.32,False
9777-IQHWP,64,Two year,Bank transfer (automatic),93.4,5822.3,No,0.04751162,Low,26.92,True
0947-MUGVO,20,Month-to-month,Electronic check,73.65,1463.5,Yes,0.49382272,Medium,53.17,False
9944-HKVVB,3,Month-to-month,Electronic check,95.1,307.4,Yes,0.7430221,High,76.04,True
4124-MMETB,22,Month-to-month,Credit card (automatic),94.65,2104.55,Yes,0.5450599,Medium,62.07,True
3671-SHRSP,4,Month-to-month,Mailed check,80.6,319.15,Yes,0.602237,High,62.52,False
0979-MOZQI,62,Two year,Bank transfer (automatic),39.0,2337.45,No,0.026262129,Low,11.69,False
2732-ISEZX,5,Month-to-month,Mailed check,20.5,104.3,No,0.10313297,Low,12.4,False
3313-QKNKB,59,One year,Electronic check,85.55,5084.65,Yes,0.18969028,Low,34.89,False
0323-XWWTN,3,Two year,Mailed check,26.4,121.25,No,0.014587972,Low,7.69,False
1937-OTUKY,72,Two year,Bank transfer (automatic),98.2,7015.9,No,0.011102458,Low,25.59,True
1573-LGXBA,57,One year,Credit card (automatic),97.55,5598.0,No,0.13901031,Low,34.37,True
1764-VUUMT,66,Two year,Credit card (automatic),19.95,1269.1,No,0.00726557,Low,5.55,False
5073-WXOYN,60,Month-to-month,Electronic check,50.8,3027.4,Yes,0.35102326,Medium,37.41,False
4713-ZBURT,45,Two year,Bank transfer (automatic),99.7,4634.35,No,0.08888555,Low,31.41,True
3050-GBUSH,3,Month-to-month,Credit card (automatic),34.8,113.95,No,0.59950995,Medium,50.76,False
0207-MDKNV,15,Month-to-month,Electronic check,105.1,1582.75,Yes,0.5632777,Medium,65.98,True
7876-AEHIG,51,One year,Bank transfer (automatic),60.15,3077.0,No,0.07224933,Low,20.25,False
7945-HLKEA,60,One year,Electronic check,64.75,4039.5,No,0.043646783,Low,19.41,False
9342-VNIMQ,33,Month-to-month,Bank transfer (automatic),54.65,1665.2,No,0.17550182,Low,26.09,False
9851-KIELU,10,Month-to-month,Electronic check,110.1,1043.3,Yes,0.6577088,High,73.85,True
3523-BRGUW,26,One year,Credit card (automatic),19.3,504.2,No,0.01567062,Low,5.97,False
3908-BLSYF,6,Month-to-month,Electronic check,83.9,497.55,Yes,0.61921096,High,64.54,False
3199-NPKCN,67,One year,Electronic check,111.25,7511.65,No,0.207347,Low,42.62,True
5170-PTRKA,49,One year,Credit card (automatic),35.8,1782.0,No,0.02196094,Low,10.58,False
4661-NJEUX,1,Month-to-month,Mailed check,20.05,20.05,No,0.50306934,Medium,40.28,False
2123-AGEEN,7,Month-to-month,Electronic check,84.35,609.65,No,0.6959366,High,70.03,False
1258-YMZNM,27,One year,Bank transfer (automatic),110.5,2857.6,No,0.22855304,Low,43.91,True
0048-LUMLS,37,One year,Credit card (automatic),91.2,3247.55,No,0.18812837,Low,36.21,True
7549-MYGPK,63,Month-to-month,Electronic check,100.55,6215.35,Yes,0.26633087,Low,44.05,True
5898-IGSLP,31,Month-to-month,Electronic check,89.3,2823.0,No,0.23633863,Low,39.1,False
3804-RVTGV,50,Month-to-month,Bank transfer (automatic),103.85,5017.9,Yes,0.53219163,Medium,63.49,True
6259-WJQLC,32,Month-to-month,Credit card (automatic),81.1,2619.25,No,0.37219742,Medium,46.54,False
9227-LUNBG,1,Month-to-month,Electronic check,24.6,24.6,Yes,0.5083468,Medium,41.8,False
7997-EASSD,63,One year,Credit card (automatic),81.2,4965.1,No,0.042249374,Low,23.47,False
0730-KOAVE,30,Month-to-month,Credit card (automatic),94.3,2679.7,No,0.413753,Medium,52.79,True
8975-SKGRX,71,Two year,Bank transfer (automatic),116.1,8310.55,No,0.04161797,Low,32.24,True
0678-RLHVP,53,Two year,Electronic check,105.55,5682.25,No,0.15838806,Low,37.75,True
4315-MURBD,12,Month-to-month,Bank transfer (automatic),98.9,1120.95,Yes,0.82987195,High,83.08,True
2267-FPIMA,50,Month-to-month,Credit card (automatic),94.4,4914.9,No,0.25621703,Low,41.78,True
1051-GEJLJ,2,Month-to-month,Mailed check,19.5,27.55,No,0.17057641,Low,16.87,False
9734-YWGEX,9,Month-to-month,Credit card (automatic),98.3,923.5,Yes,0.7773524,High,79.25,True
2719-BDAQO,17,Month-to-month,Electronic check,93.85,1625.65,Yes,0.512427,Medium,59.58,True
5285-MVEHD,56,One year,Credit card (automatic),105.6,6068.65,No,0.30205956,Medium,47.82,True
0379-DJQHR,67,Two year,Credit card (automatic),81.35,5398.6,No,0.036034476,Low,23.07,False
0781-LKXBR,9,Month-to-month,Electronic check,100.5,918.6,Yes,0.8677702,High,86.13,True
5543-QDCRY,4,Month-to-month,Electronic check,56.4,234.85,No,0.45757544,Medium,46.28,False
0297-RBCSG,19,One year,Bank transfer (automatic),65.35,1231.85,No,0.11449624,Low,24.52,False
4694-PHWFW,8,Month-to-month,Mailed check,19.95,170.9,No,0.101898775,Low,12.17,False
0835-JKADZ,71,Two year,Electronic check,111.25,7984.15,No,0.044772163,Low,31.24,True
1907-UBQFC,10,Month-to-month,Electronic check,72.85,688.65,Yes,0.5392381,Medium,56.15,False
7508-SMHXL,15,Month-to-month,Credit card (automatic),89.0,1288.3,No,0.3383469,Medium,46.17,False
3865-YIOTT,72,One year,Bank transfer (automatic),106.1,7848.5,No,0.10757118,Low,34.33,True
5993-BQHEA,12,One year,Credit card (automatic),20.05,267.0,No,0.024569167,Low,6.79,False
6024-RUGGH,72,Two year,Bank transfer (automatic),25.2,1798.9,No,0.004791682,Low,6.7,False
6513-EECDB,1,Month-to-month,Electronic check,73.55,73.55,Yes,0.89004207,High,80.88,False
3956-CJUST,23,Month-to-month,Bank transfer (automatic),75.4,1643.55,No,0.19554935,Low,32.74,False
4079-WWQQQ,72,Two year,Bank transfer (automatic),65.55,4807.45,No,0.0068649803,Low,17.04,False
6103-BOCOU,26,Month-to-month,Electronic check,80.7,2193.0,No,0.52203166,Medium,56.93,False
5149-TGWDZ,21,One year,Mailed check,104.55,2239.4,No,0.341779,Medium,50.34,True
7471-WNSUF,60,One year,Bank transfer (automatic),24.15,1505.9,No,0.020787822,Low,7.56,False
8942-DBMHZ,12,Month-to-month,Mailed check,20.45,255.35,No,0.06641206,Low,9.82,False
4301-VVZKA,16,Month-to-month,Electronic check,75.4,1189.4,No,0.6272066,High,62.95,False
9199-PWQVC,63,One year,Credit card (automatic),79.7,4786.15,No,0.08803805,Low,26.3,False
4824-GUCBY,22,Month-to-month,Electronic check,81.7,1820.9,No,0.2806956,Low,40.29,False
5393-HJZSM,32,Month-to-month,Bank transfer (automatic),76.3,2404.15,No,0.0915949,Low,25.69,False
7074-IEVOJ,3,Month-to-month,Electronic check,79.4,205.05,Yes,0.80096245,High,76.13,False
9625-QSTYE,13,Month-to-month,Electronic check,81.15,952.3,Yes,0.5407864,Medium,58.36,False
0862-PRCBS,68,Two year,Credit card (automatic),103.75,7039.45,No,0.06592093,Low,30.82,True
8812-ZRHFP,30,One year,Electronic check,86.45,2538.05,No,0.17561199,Low,34.13,False
5146-CBVOE,16,Month-to-month,Bank transfer (automatic),75.1,1212.85,No,0.23503417,Low,35.43,False
0454-OKRCT,33,Two year,Bank transfer (automatic),80.6,2651.1,No,0.029994482,Low,22.46,False
5787-KXGIY,72,Two year,Credit card (automatic),19.3,1304.8,No,0.0054426757,Low,5.26,False
4750-ZRXIU,4,Month-to-month,Electronic check,84.6,360.1,Yes,0.8223144,High,78.93,False
4198-VFOEA,12,One year,Mailed check,33.6,435.45,No,0.05231637,Low,12.15,False
6630-UJZMY,4,Month-to-month,Electronic check,83.25,308.05,No,0.83184355,High,79.26,False
5709-LVOEQ,0,Two year,Mailed check,80.85,0.0,No,0.030080438,Low,22.53,False
6400-BWQKW,6,Month-to-month,Electronic check,79.05,434.5,Yes,0.63072497,High,64.12,False
2692-AQCPF,65,One year,Credit card (automatic),108.05,7118.9,No,0.1582722,Low,38.38,True
0347-UBKUZ,15,Month-to-month,Mailed check,19.9,320.45,No,0.096917704,Low,11.81,False
0835-DUUIQ,24,One year,Bank transfer (automatic),21.05,531.55,No,0.02596604,Low,7.14,False
0811-GSDTP,13,Month-to-month,Electronic check,30.15,382.2,No,0.19322029,Low,21.14,False
7567-ECMCM,24,Month-to-month,Credit card (automatic),79.85,2001.0,No,0.2907781,Low,40.53,False
6115-ZTBFQ,72,Two year,Bank transfer (automatic),65.5,4919.7,No,0.006156746,Low,16.98,False
6353-BRMMA,54,Month-to-month,Bank transfer (automatic),104.1,5645.8,No,0.24700817,Low,43.59,True
6680-WKXRZ,3,Month-to-month,Bank transfer (automatic),74.4,215.8,Yes,0.59590465,Medium,60.51,False
6231-WFGFH,4,Month-to-month,Mailed check,20.5,77.6,No,0.09995744,Low,12.18,False
9904-EHEVJ,32,Month-to-month,Mailed check,91.35,2896.55,No,0.38939583,Medium,50.34,True
7028-DVOIQ,35,Month-to-month,Electronic check,99.05,3395.8,Yes,0.6484691,High,70.42,True
6169-PPETC,35,Two year,Bank transfer (automatic),20.5,759.35,No,0.0064949403,Low,5.63,False
4208-UFFGW,2,Month-to-month,Mailed check,44.95,85.15,Yes,0.5155705,Medium,47.45,False
8584-KMVXD,8,Month-to-month,Electronic check,75.6,535.55,No,0.3313567,Medium,42.29,False
8467-WYNSR,22,Month-to-month,Mailed check,55.1,1253.15,No,0.09431498,Low,20.52,False
0851-DFJKB,15,Month-to-month,Electronic check,58.95,955.15,No,0.19367512,Low,28.45,False
5382-SOYZL,22,Month-to-month,Electronic check,95.1,2162.6,No,0.69234437,High,72.49,True
9448-REEVD,1,Month-to-month,Credit card (automatic),44.7,44.7,Yes,0.44153154,Medium,42.2,False
3261-CQXOL,71,Two year,Bank transfer (automatic),25.45,1813.35,No,0.0045195716,Low,6.75,False
8388-FYNPZ,4,Month-to-month,Electronic check,56.75,245.15,No,0.27483794,Low,33.58,False
4002-BQWPQ,25,Month-to-month,Bank transfer (automatic),81.75,2028.8,No,0.079566196,Low,26.22,False
5651-YLPRD,32,Month-to-month,Electronic check,86.1,2723.75,No,0.47250703,Medium,54.83,False
2826-DXLQO,7,Month-to-month,Bank transfer (automatic),29.8,220.45,No,0.31040403,Medium,29.26,False
4378-BZYFP,17,One year,Mailed check,20.5,365.8,No,0.025161842,Low,6.94,False
9489-UTFKA,8,Month-to-month,Bank transfer (automatic),60.9,551.95,No,0.18238454,Low,28.15,False
4849-PYRLQ,56,Two year,Bank transfer (automatic),73.25,4054.2,No,0.022967383,Low,20.11,False
9117-SHLZX,1,Month-to-month,Mailed check,45.7,45.7,Yes,0.57595545,Medium,51.86,False
9889-TMAHG,8,Month-to-month,Credit card (automatic),100.3,832.35,Yes,0.70999974,High,75.04,True
4541-RMRLG,7,Month-to-month,Electronic check,19.25,112.3,Yes,0.07444979,Low,10.07,False
7764-BDPEE,3,Month-to-month,Mailed check,20.85,60.65,No,0.09935279,Low,12.22,False
3429-IFLEM,71,Two year,Credit card (automatic),77.35,5550.1,No,0.008675703,Low,20.15,False
3158-MOERK,2,Month-to-month,Electronic check,96.0,174.8,Yes,0.8999952,High,87.25,True
7294-TMAOP,1,Month-to-month,Electronic check,90.55,90.55,Yes,0.8299646,High,80.97,True
5002-GCQFH,49,Month-to-month,Bank transfer (automatic),93.85,4733.1,No,0.27805743,Low,43.17,True
0556-FJEGU,58,Two year,Bank transfer (automatic),70.1,4048.95,No,0.020032102,Low,19.11,False
8919-FYFQZ,44,Month-to-month,Electronic check,30.35,1359.7,Yes,0.38566032,Medium,34.66,False
0604-THJFP,59,Two year,Credit card (automatic),75.95,4542.35,No,0.017194452,Low,20.39,False
2834-JRTUA,71,Two year,Electronic check,108.05,7532.15,Yes,0.20454209,Low,41.61,True
5875-YPQFJ,1,Month-to-month,Electronic check,69.9,69.9,Yes,0.83197874,High,75.9,False
5879-SESNB,11,Month-to-month,Electronic check,75.25,888.65,No,0.49810097,Medium,53.88,False
6646-QVXLR,62,One year,Electronic check,103.75,6383.35,Yes,0.32864785,Medium,49.22,True
6461-PPAXN,35,One year,Bank transfer (automatic),54.95,1916.0,No,0.037720345,Low,16.52,False
3318-ISQFQ,20,Month-to-month,Bank transfer (automatic),19.5,413.0,No,0.1232653,Low,13.55,False
1106-HRLKZ,40,Two year,Mailed check,19.6,808.95,No,0.010518227,Low,5.69,False
2483-XSSMZ,39,One year,Electronic check,47.85,1886.4,No,0.07168021,Low,17.11,False
8603-IJWDN,1,Month-to-month,Electronic check,86.6,86.6,Yes,0.91477597,High,85.91,False
8165-ZJRNM,72,Two year,Bank transfer (automatic),23.75,1679.25,No,0.00450945,Low,6.32,False
9369-XFEHK,33,Month-to-month,Bank transfer (automatic),80.6,2656.5,Yes,0.43506488,Medium,50.82,False
2604-XVDAM,12,Month-to-month,Bank transfer (automatic),43.8,540.95,No,0.16832429,Low,22.85,False
3717-OFRTN,1,Month-to-month,Bank transfer (automatic),19.75,19.75,No,0.26717,Low,23.69,False
9046-JBFWA,27,Month-to-month,Mailed check,19.15,537.35,No,0.015594258,Low,5.93,False
3280-NMUVX,34,One year,Credit card (automatic),19.6,678.8,No,0.015648745,Low,6.05,False
1206-EHBDD,56,Two year,Bank transfer (automatic),80.3,4513.65,No,0.027034312,Low,22.18,False
8361-LBRDI,58,Two year,Credit card (automatic),24.35,1423.85,No,0.014470262,Low,7.16,False
4883-KCPZJ,22,Two year,Credit card (automatic),25.25,555.4,No,0.015585615,Low,7.47,False
9108-EQPNQ,10,Two year,Credit card (automatic),26.1,225.55,No,0.016190905,Low,7.73,False
7277-KAMWT,13,Two year,Credit card (automatic),20.0,268.45,No,0.012577485,Low,5.93,False
3842-IYKUE,35,Month-to-month,Credit card (automatic),85.3,2917.5,Yes,0.25915393,Low,39.69,False
6641-XRPSU,34,Month-to-month,Credit card (automatic),70.0,2416.1,Yes,0.3363972,Medium,41.23,False
1374-DMZUI,4,Month-to-month,Electronic check,94.3,424.45,Yes,0.8740757,High,85.01,True
2545-LXYVJ,72,Two year,Bank transfer (automatic),20.7,1492.1,No,0.0042403024,Low,5.53,False
3234-VKACU,2,Month-to-month,Electronic check,70.3,132.4,No,0.29835472,Low,38.64,False
8357-EQXFO,7,Month-to-month,Electronic check,95.35,660.9,Yes,0.78274035,High,78.88,True
1989-PRJHP,27,Month-to-month,Electronic check,75.5,1893.95,Yes,0.43028075,Medium,49.19,False
8120-JDCAM,4,Month-to-month,Mailed check,69.55,284.9,No,0.55051607,Medium,56.11,False
8917-FAEMR,37,Two year,Mailed check,19.85,784.25,No,0.011095926,Low,5.79,False
7047-YXDMZ,21,Month-to-month,Mailed check,20.0,417.7,No,0.055723585,Low,8.95,False
2858-EIMXH,53,One year,Credit card (automatic),95.85,5016.25,No,0.2747313,Low,43.45,True
9524-EGPJC,18,Month-to-month,Electronic check,90.1,1612.75,Yes,0.5336205,Medium,60.12,True
6993-OHLXR,2,Month-to-month,Electronic check,68.95,119.75,Yes,0.49313384,Medium,51.94,False
8818-XYFCQ,32,Month-to-month,Credit card (automatic),99.55,3204.65,Yes,0.46649012,Medium,57.8,True
6419-ZTTLE,23,One year,Electronic check,20.75,485.2,No,0.030251188,Low,7.36,False
0929-HYQEW,3,Month-to-month,Mailed check,50.15,160.85,No,0.30610135,Medium,34.1,False
6614-YOLAC,71,Two year,Mailed check,58.65,4145.25,No,0.0053396155,Low,15.19,False
7426-RHZGU,9,Month-to-month,Bank transfer (automatic),95.9,827.45,No,0.69180906,High,72.65,True
4065-JJAVA,1,Month-to-month,Electronic check,49.5,49.5,No,0.4394266,Medium,43.27,False
4695-VADHF,18,Month-to-month,Electronic check,57.45,990.85,Yes,0.20996927,Low,29.21,False
3863-IUBJR,12,One year,Credit card (automatic),53.65,696.35,Yes,0.18352349,Low,26.4,False
7649-SIJJF,71,Two year,Mailed check,80.1,5585.4,No,0.0069835917,Low,20.72,False
9361-YNQWJ,64,One year,Bank transfer (automatic),24.4,1601.2,No,0.021144196,Low,7.64,False
3748-FVMZZ,4,Month-to-month,Electronic check,40.05,162.45,No,0.5296906,Medium,47.2,False
9391-TTOYH,23,Month-to-month,Mailed check,19.5,470.2,No,0.07194653,Low,9.96,False
1452-XRSJV,39,Month-to-month,Credit card (automatic),51.05,2066.0,No,0.088573694,Low,19.1,False
3422-WJOYD,28,One year,Mailed check,54.35,1426.45,No,0.030006014,Low,15.83,False
8242-SOQUO,5,Month-to-month,Electronic check,84.7,392.5,No,0.6931313,High,69.92,False
7460-ITWWP,45,Month-to-month,Electronic check,86.1,3861.45,No,0.31674126,Medium,43.92,False
7147-AYBAA,37,Month-to-month,Mailed check,70.35,2552.9,No,0.32695922,Medium,40.66,False
7868-TMWMZ,60,Two year,Bank transfer (automatic),110.0,6668.35,No,0.07219511,Low,32.84,True
4822-RVYBB,8,Month-to-month,Electronic check,100.6,819.4,Yes,0.87413704,High,86.6,True
6732-FZUGP,47,One year,Credit card (automatic),94.9,4615.25,No,0.08716496,Low,30.08,True
8436-BJUMM,26,Month-to-month,Electronic check,83.75,2070.6,Yes,0.55700547,Medium,60.15,False
4184-TJFAN,3,Month-to-month,Mailed check,88.3,273.75,Yes,0.6090738,High,64.94,False
8329-GWVPJ,50,Month-to-month,Bank transfer (automatic),69.75,3557.7,No,0.1875725,Low,30.75,False
1352-VHKAJ,27,Month-to-month,Bank transfer (automatic),71.6,1957.1,No,0.07535952,Low,23.36,False
4145-UQXUQ,8,Month-to-month,Electronic check,92.1,729.95,Yes,0.7280924,High,74.23,True
2632-TACXW,62,Two year,Bank transfer (automatic),23.65,1416.75,No,0.013364909,Low,6.91,False
8146-QQKZH,71,Two year,Bank transfer (automatic),81.85,5924.4,No,0.0067163473,Low,21.15,False
1767-CJKBA,66,Two year,Mailed check,25.1,1697.7,No,0.005568599,Low,6.73,False
6445-TNRXS,68,Two year,Bank transfer (automatic),114.7,7849.85,No,0.09973518,Low,35.96,True
4581-LNWUM,13,Month-to-month,Electronic check,49.15,649.4,No,0.43394238,Medium,42.79,False
4869-EPIUS,56,One year,Electronic check,80.9,4557.5,No,0.15778825,Low,31.48,False
9948-YPTDG,38,Month-to-month,Electronic check,79.45,3013.05,Yes,0.3829771,Medium,46.88,False
1236-WFCDV,14,Month-to-month,Credit card (automatic),90.45,1266.1,Yes,0.46352077,Medium,55.3,True
1915-OAKWD,16,One year,Bank transfer (automatic),19.3,360.35,No,0.03982403,Low,7.66,False
7296-PIXQY,14,Month-to-month,Electronic check,70.2,1046.5,No,0.40863943,Medium,46.34,False
4883-QICIH,32,Month-to-month,Bank transfer (automatic),69.75,2347.9,Yes,0.31266606,Medium,39.51,False
3354-OADJP,8,One year,Bank transfer (automatic),54.25,447.75,No,0.05497905,Low,17.55,False
3524-WQDSG,43,Month-to-month,Bank transfer (automatic),99.3,4209.95,No,0.56968814,Medium,64.96,True
0810-DHDBD,52,One year,Credit card (automatic),74.0,3877.65,No,0.04354609,Low,21.74,False
4026-SKKHW,3,Month-to-month,Mailed check,50.25,152.3,No,0.30663374,Medium,34.16,False
2829-HYVZP,29,One year,Mailed check,19.8,572.2,No,0.020464133,Low,6.43,False
8329-IBCTI,1,Month-to-month,Mailed check,19.65,19.65,Yes,0.34352085,Medium,29.01,False
1271-SJBGZ,12,Month-to-month,Electronic check,43.65,526.95,Yes,0.46596035,Medium,43.64,False
3845-JHAMY,16,Month-to-month,Credit card (automatic),35.5,552.7,No,0.26995197,Low,27.87,False
7013-PSXHK,40,One year,Mailed check,80.75,3208.65,No,0.15922509,Low,31.55,False
5669-SRAIP,5,Month-to-month,Electronic check,39.5,210.75,Yes,0.5504014,Medium,48.51,False
5981-ITEMU,40,Month-to-month,Bank transfer (automatic),97.1,3706.95,Yes,0.47076392,Medium,57.48,True
3486-NPGST,36,One year,Mailed check,19.55,620.75,No,0.0147738885,Low,5.97,False
6941-PMGEP,5,Month-to-month,Electronic check,80.0,412.5,Yes,0.6843067,High,68.11,False
1624-WOIWJ,10,Month-to-month,Mailed check,84.7,832.05,Yes,0.53075063,Medium,58.55,False
2074-GKOWZ,2,Month-to-month,Bank transfer (automatic),89.55,185.55,Yes,0.76873595,High,76.43,False
0376-YMCJC,23,Month-to-month,Electronic check,90.6,1943.2,Yes,0.4350862,Medium,53.34,True
6100-FJZDG,26,One year,Bank transfer (automatic),20.05,505.9,No,0.022269515,Low,6.62,False
4829-ZLJTK,72,Two year,Electronic check,112.4,8046.85,No,0.015919996,Low,29.51,True
1730-VFMWO,34,Month-to-month,Bank transfer (automatic),50.2,1815.3,No,0.06845697,Low,17.47,False
7143-BQIBA,10,Month-to-month,Bank transfer (automatic),62.25,612.95,No,0.13205801,Low,24.97,False
3800-LYTRK,14,One year,Mailed check,55.7,795.15,No,0.045522504,Low,17.26,False
0634-SZPQA,23,Month-to-month,Bank transfer (automatic),90.05,2169.8,Yes,0.3610025,Medium,48.02,True
9646-NMHXE,47,Two year,Mailed check,19.65,973.1,No,0.012281458,Low,5.82,False
7030-NJVDP,24,Month-to-month,Electronic check,89.25,2210.2,No,0.21798144,Low,37.81,False
5536-RTPWK,49,Month-to-month,Bank transfer (automatic),99.05,4853.75,Yes,0.5056707,Medium,60.42,True
8883-GRDWQ,20,One year,Mailed check,54.0,1055.9,No,0.08207889,Low,19.39,False
6166-ILMNY,2,Month-to-month,Bank transfer (automatic),69.75,144.55,Yes,0.505754,Medium,53.02,False
3097-NNSPB,2,Month-to-month,Credit card (automatic),49.05,91.1,Yes,0.5383039,Medium,50.07,False
7771-ZONAT,22,Two year,Bank transfer (automatic),56.75,1304.85,No,0.027255971,Low,16.24,False
0655-RBDUG,7,Month-to-month,Bank transfer (automatic),98.05,713.0,Yes,0.88608724,High,86.8,True
2111-DWYHN,1,Month-to-month,Mailed check,21.1,21.1,No,0.24458545,Low,22.45,False
4194-WHFCB,59,Month-to-month,Bank transfer (automatic),96.65,5580.8,No,0.14788085,Low,34.77,True
4121-AGSIN,58,One year,Credit card (automatic),24.5,1497.9,No,0.023789616,Low,7.85,False
4361-BKAXE,41,Month-to-month,Bank transfer (automatic),114.5,4527.45,Yes,0.35196167,Medium,53.56,True
9845-PEEKO,59,Two year,Credit card (automatic),79.2,4590.35,No,0.06447154,Low,24.52,False
0455-XFASS,3,Month-to-month,Electronic check,69.55,200.2,No,0.612249,High,60.43,False
0301-KOBTQ,32,Two year,Bank transfer (automatic),20.05,614.45,No,0.010921895,Low,5.83,False
1751-NCDLI,46,Month-to-month,Electronic check,98.85,4564.9,No,0.6822317,High,72.73,True
4367-NUYAO,0,Two year,Mailed check,25.75,0.0,No,0.020059291,Low,7.91,False
9878-TNQGW,2,Month-to-month,Electronic check,80.95,171.15,Yes,0.71587294,High,70.56,False
9170-ARBTB,52,One year,Credit card (automatic),19.6,1012.4,No,0.011545267,Low,5.76,False
4441-NIHPT,13,Month-to-month,Electronic check,74.3,940.35,Yes,0.57617337,Medium,59.1,False
8999-BOHSE,11,Month-to-month,Bank transfer (automatic),89.7,1047.7,Yes,0.71457046,High,72.68,False
7241-AJHFS,32,Month-to-month,Bank transfer (automatic),87.65,2766.4,No,0.15844566,Low,33.23,False
7029-RPUAV,17,Month-to-month,Credit card (automatic),100.45,1622.45,Yes,0.6056153,High,67.77,True
4546-FOKWR,16,Month-to-month,Credit card (automatic),74.75,1129.35,No,0.5648171,Medium,58.42,False
9036-CSKBW,51,One year,Bank transfer (automatic),107.45,5680.9,No,0.16516809,Low,38.71,True
5832-TRLPB,29,One year,Bank transfer (automatic),75.35,2243.9,No,0.09752636,Low,25.86,False
8590-YFFQO,70,Two year,Credit card (automatic),64.95,4523.25,No,0.014642676,Low,17.43,False
8659-IOOPU,71,Two year,Electronic check,100.45,7159.7,No,0.01691102,Low,26.56,True
1338-CECEE,41,One year,Bank transfer (automatic),68.5,2839.95,No,0.07155626,Low,22.31,False
7439-DKZTW,1,Month-to-month,Electronic check,80.55,80.55,No,0.84794223,High,79.71,False
4646-QZXTF,7,Month-to-month,Bank transfer (automatic),81.25,580.1,No,0.23411918,Low,36.91,False
4607-CHPCA,25,One year,Electronic check,90.4,2178.6,Yes,0.26892245,Low,41.66,True
9742-XOKTS,67,One year,Electronic check,89.55,6038.55,No,0.081502855,Low,28.33,False
6921-OZMFH,5,Month-to-month,Mailed check,55.7,259.4,No,0.2910401,Low,34.44,False
9578-FOMUK,15,Month-to-month,Electronic check,24.8,324.15,No,0.14434728,Low,16.37,False
4712-UYOOI,20,Month-to-month,Electronic check,20.0,417.65,No,0.091491856,Low,11.46,False
8824-RWFXJ,3,Month-to-month,Mailed check,56.15,168.15,Yes,0.48191723,Medium,47.92,False
7722-CVFXN,54,One year,Electronic check,105.2,5637.85,No,0.21818951,Low,41.85,True
8717-VCTXJ,42,One year,Mailed check,19.55,839.4,No,0.020807225,Low,6.4,False
7363-QTBIW,9,Month-to-month,Electronic check,79.75,769.1,No,0.6172647,High,63.36,False
4159-NAAIX,63,Two year,Bank transfer (automatic),97.45,6253.0,No,0.044289194,Low,27.72,True
0971-QIFJK,69,Two year,Bank transfer (automatic),24.25,1641.8,No,0.006300521,Low,6.57,False
9397-TZSHA,69,Two year,Credit card (automatic),24.6,1678.05,No,0.006024912,Low,6.64,False
3391-JSQEW,40,Month-to-month,Mailed check,50.15,2058.5,No,0.13202532,Low,21.91,False
0343-QLUZP,60,Two year,Bank transfer (automatic),39.6,2424.5,No,0.018109877,Low,11.27,False
9763-PDTKK,4,Month-to-month,Bank transfer (automatic),94.4,387.2,Yes,0.64744586,High,69.17,True
2176-LVPNX,71,Two year,Mailed check,89.85,6293.45,No,0.010148555,Low,23.41,True
7627-JKIAZ,37,Month-to-month,Credit card (automatic),78.95,2839.65,Yes,0.39517707,Medium,47.61,False
3312-UUMZW,32,Month-to-month,Credit card (automatic),98.85,3145.9,No,0.5384922,Medium,62.67,True
1271-UODNO,39,Two year,Credit card (automatic),53.85,2200.7,No,0.038743947,Low,16.32,False
8461-EFQYM,38,One year,Electronic check,24.25,914.4,No,0.03968845,Low,8.9,False
6900-RBKER,52,Two year,Credit card (automatic),89.45,4577.75,No,0.06318875,Low,27.02,False
6891-JPYFF,48,Month-to-month,Credit card (automatic),105.25,4997.5,No,0.25328425,Low,44.32,True
1459-QNFQT,70,Two year,Bank transfer (automatic),59.5,4144.8,No,0.012751094,Low,15.92,False
1047-NNCBF,20,Month-to-month,Credit card (automatic),70.55,1493.55,No,0.22442213,Low,33.53,False
3696-XRIEN,50,One year,Credit card (automatic),82.5,4179.1,No,0.080158494,Low,26.45,False
4081-DYXAV,19,One year,Credit card (automatic),44.85,893.55,Yes,0.274841,Low,30.57,False
0074-HDKDG,25,One year,Bank transfer (automatic),61.6,1611.0,No,0.051068366,Low,19.14,False
8791-GFXLZ,12,Month-to-month,Bank transfer (automatic),49.05,593.05,No,0.20062412,Low,26.44,False
8111-SLLHI,39,Month-to-month,Electronic check,105.65,4284.8,Yes,0.66814435,High,73.46,True
0927-LCSMG,7,Month-to-month,Mailed check,74.65,544.55,Yes,0.45449606,Medium,50.67,False
9330-DHBFL,23,One year,Mailed check,66.25,1533.8,No,0.03890248,Low,19.46,False
0098-BOWSO,27,Month-to-month,Electronic check,19.4,529.8,No,0.1218259,Low,13.43,False
3452-ABWRL,47,Month-to-month,Credit card (automatic),86.05,3865.6,No,0.34578028,Medium,45.94,False
5859-HZYLF,26,Two year,Credit card (automatic),19.15,515.75,No,0.005335006,Low,5.21,False
8257-RZAHR,14,Month-to-month,Bank transfer (automatic),64.7,941.0,Yes,0.24532816,Low,33.52,False
5293-WXJAK,11,Month-to-month,Bank transfer (automatic),104.05,1133.65,Yes,0.87577295,High,87.59,True
3156-QLHBO,2,Month-to-month,Mailed check,19.25,48.35,No,0.061114203,Low,9.14,False
2208-NQBCT,26,Month-to-month,Electronic check,81.95,2070.05,No,0.2093013,Low,35.35,False
1779-PWPMG,72,Two year,Bank transfer (automatic),114.65,8333.95,No,0.019355867,Low,30.32,True
6621-NRZAK,63,Two year,Credit card (automatic),20.0,1209.25,No,0.01037496,Low,5.78,False
0831-JNISG,71,Two year,Mailed check,19.8,1396.25,No,0.006639386,Low,5.47,False
0774-IFUVM,11,Month-to-month,Bank transfer (automatic),65.15,723.35,No,0.17098433,Low,28.43,False
3082-WQRVY,14,One year,Mailed check,19.65,228.65,No,0.03935167,Low,7.72,False
9553-DLCLU,13,Two year,Credit card (automatic),88.95,1161.75,No,0.021180477,Low,23.95,False
1641-BYBTK,6,Month-to-month,Mailed check,20.2,98.35,No,0.08129661,Low,10.79,False
2460-NGXBJ,11,Month-to-month,Credit card (automatic),75.2,775.3,No,0.52731043,Medium,55.91,False
2446-ZKVAF,18,Month-to-month,Credit card (automatic),56.8,1074.65,No,0.20749936,Low,28.87,False
0841-NULXI,1,Month-to-month,Electronic check,35.55,35.55,Yes,0.79450095,High,64.6,False
3522-CDKHF,32,Month-to-month,Bank transfer (automatic),75.5,2324.7,No,0.20622237,Low,33.51,False
1430-SFQSA,29,One year,Mailed check,35.6,1072.6,No,0.04600173,Low,12.21,False
0411-EZJZE,3,Month-to-month,Electronic check,60.25,170.5,No,0.63068694,High,59.37,False
7851-WZEKY,2,Month-to-month,Electronic check,95.15,196.9,Yes,0.876272,High,85.38,True
8844-TONUD,13,Month-to-month,Mailed check,96.65,1162.85,Yes,0.73341674,High,75.76,True
8807-ARQET,41,Month-to-month,Electronic check,40.35,1677.85,No,0.28013232,Low,29.8,False
8992-CEUEN,1,Month-to-month,Electronic check,18.85,18.85,No,0.1504682,Low,15.29,False
4320-QMLLA,7,Month-to-month,Mailed check,54.85,370.4,No,0.269047,Low,32.69,False
8777-PVYGU,52,One year,Mailed check,64.3,3410.6,No,0.030820724,Low,18.4,False
8292-ITGYJ,45,Two year,Bank transfer (automatic),24.65,1138.8,No,0.013790098,Low,7.19,False
6870-ZWMNX,70,Two year,Credit card (automatic),76.1,5264.25,No,0.034616098,Low,21.65,False
0621-CXBKL,53,Two year,Mailed check,18.7,1005.7,No,0.008764366,Low,5.34,False
5268-DSMNQ,62,One year,Credit card (automatic),97.95,5936.55,No,0.08527713,Low,30.71,True
5334-JLAXU,60,Month-to-month,Credit card (automatic),94.1,5475.9,No,0.13131262,Low,32.96,True
4086-YQSNZ,3,Month-to-month,Electronic check,80.4,224.05,Yes,0.70991874,High,70.01,False
6242-MBHPK,23,Month-to-month,Electronic check,95.1,2326.05,No,0.5678284,Medium,63.77,True
5868-CZJDR,1,Month-to-month,Mailed check,31.35,31.35,Yes,0.644294,High,53.02,False
9359-UGBTK,67,One year,Bank transfer (automatic),72.35,4991.5,No,0.079787716,Low,23.86,False
0135-NMXAP,12,Month-to-month,Bank transfer (automatic),89.75,1052.4,Yes,0.74345756,High,74.72,False
4782-OSFXZ,71,Two year,Bank transfer (automatic),82.7,5831.2,No,0.00918679,Low,21.54,False
6479-OAUSD,25,One year,Credit card (automatic),19.9,510.8,No,0.015689092,Low,6.13,False
7129-ACFOG,5,Month-to-month,Electronic check,53.8,283.95,No,0.4275084,Medium,43.52,False
4189-NAKJS,26,One year,Credit card (automatic),51.55,1295.4,No,0.06665196,Low,17.69,False
5562-BETPV,1,One year,Mailed check,19.65,19.65,No,0.07036371,Low,9.89,False
1282-IHQAC,70,One year,Credit card (automatic),44.05,3011.65,No,0.07714868,Low,16.53,False
9127-FHJBZ,72,Two year,Electronic check,114.0,8093.15,No,0.0119592,Low,29.64,True
6270-OMFIW,60,One year,Electronic check,94.4,5610.25,Yes,0.1511913,Low,34.43,True
1641-RQDAY,32,Month-to-month,Electronic check,100.4,3217.65,No,0.47022372,Medium,58.28,True
0107-WESLM,1,Month-to-month,Electronic check,19.85,19.85,Yes,0.47524682,Medium,38.28,False
6994-ORCWG,14,One year,Mailed check,54.25,773.2,No,0.16887671,Low,25.53,False
1346-UFHAX,13,Month-to-month,Credit card (automatic),80.0,1029.35,No,0.46654055,Medium,52.87,False
3992-YWPKO,6,Month-to-month,Credit card (automatic),109.9,669.45,Yes,0.7407619,High,79.62,True
2933-XEUJM,46,Two year,Mailed check,79.2,3593.8,No,0.017260466,Low,21.22,False
0125-LZQXK,15,Month-to-month,Electronic check,101.35,1553.95,Yes,0.52682877,Medium,62.48,True
5461-QKNTN,43,Month-to-month,Electronic check,94.3,3953.15,No,0.34332842,Medium,47.86,True
4835-YSJMR,39,Two year,Bank transfer (automatic),49.8,1971.15,No,0.029354211,Low,14.64,False
8399-YNDCH,21,Month-to-month,Bank transfer (automatic),60.05,1236.15,Yes,0.17642035,Low,27.52,False
3164-YAXFY,57,Month-to-month,Electronic check,53.75,3196.0,No,0.40904337,Medium,42.21,False
0887-WBJVH,53,One year,Electronic check,93.45,4872.2,No,0.17834857,Low,36.09,True
4660-IRIBM,18,Month-to-month,Mailed check,87.9,1500.5,No,0.3678626,Medium,47.96,False
5673-FSSMF,1,Month-to-month,Electronic check,60.15,60.15,Yes,0.8136717,High,72.15,False
7670-ZBPOQ,58,One year,Bank transfer (automatic),61.05,3478.75,No,0.030631706,Low,17.57,False
8089-UZWLX,71,Two year,Bank transfer (automatic),104.05,7413.55,No,0.1405697,Low,36.13,True
0080-OROZO,35,One year,Electronic check,99.25,3532.0,No,0.2451389,Low,42.23,True
3916-NRPAP,3,Month-to-month,Credit card (automatic),85.7,256.75,No,0.56605774,Medium,61.27,False
6807-SIWJI,38,One year,Electronic check,104.85,3887.25,No,0.26705492,Low,45.18,True
8221-HVAYI,35,Two year,Credit card (automatic),69.15,2490.15,No,0.019215437,Low,18.81,False
1579-KLYDT,7,Month-to-month,Electronic check,90.45,593.45,Yes,0.8336498,High,81.21,True
5232-NXPAY,47,Two year,Mailed check,74.45,3510.3,No,0.021873878,Low,20.34,False
8967-SZQAS,14,Month-to-month,Electronic check,50.45,765.45,No,0.1648479,Low,24.28,False
4468-KAZHE,20,Month-to-month,Electronic check,60.0,1259.35,No,0.26525518,Low,33.73,False
0455-ENTCR,66,Two year,Electronic check,85.25,5538.35,No,0.028645795,Low,23.54,False
8944-AILEF,15,Month-to-month,Credit card (automatic),19.45,340.85,No,0.12791967,Low,13.87,False
5542-NKVRU,42,Two year,Bank transfer (automatic),20.75,844.45,No,0.009174927,Low,5.88,False
7126-RBHSD,17,Month-to-month,Electronic check,78.9,1348.95,No,0.37321988,Medium,46.06,False
5370-IIVVL,37,One year,Credit card (automatic),104.5,3778.0,No,0.26257184,Low,44.78,True
6789-HJBWG,12,Month-to-month,Electronic check,49.4,611.65,No,0.27988848,Low,32.07,False
3927-NLNRY,53,One year,Bank transfer (automatic),94.25,4867.95,Yes,0.2120704,Low,38.66,True
9087-EYCPR,60,Two year,Mailed check,25.0,1505.05,No,0.008530196,Low,6.91,False
6791-YBNAK,18,Month-to-month,Credit card (automatic),25.55,467.85,No,0.17263584,Low,18.54,False
6358-LYNGM,1,Month-to-month,Electronic check,74.9,74.9,Yes,0.8870165,High,81.01,False
6077-BDPXA,3,Month-to-month,Electronic check,70.15,194.2,No,0.608323,High,60.3,False
0013-MHZWF,9,Month-to-month,Credit card (automatic),69.4,571.45,No,0.214878,Low,32.57,False
5494-HECPR,1,Month-to-month,Electronic check,80.25,80.25,Yes,0.8732083,High,81.4,False
8268-YDIXR,56,One year,Electronic check,93.15,5253.95,No,0.10799374,Low,31.09,True
9824-BEMCV,17,Month-to-month,Electronic check,69.0,1149.65,Yes,0.5040644,Medium,52.72,False
1373-ORVIZ,11,Month-to-month,Electronic check,66.35,740.8,Yes,0.31471303,Medium,38.79,False
4291-SHSBH,7,Month-to-month,Electronic check,69.55,521.35,No,0.543511,Medium,55.62,False
6980-IMXXE,69,Two year,Bank transfer (automatic),20.2,1412.65,No,0.0060186503,Low,5.52,False
9866-QEVEE,19,Month-to-month,Bank transfer (automatic),86.0,1532.45,Yes,0.4773857,Medium,55.14,False
9897-KXHCM,3,Month-to-month,Electronic check,80.3,250.05,Yes,0.69600534,High,69.01,False
0040-HALCW,54,Two year,Credit card (automatic),20.4,1090.6,No,0.012317552,Low,6.02,False
0784-GTUUK,62,One year,Credit card (automatic),23.75,1446.8,No,0.025931913,Low,7.82,False
7979-CORPM,24,Month-to-month,Credit card (automatic),90.55,2282.55,Yes,0.46463346,Medium,55.4,True
2294-DMMUS,62,Month-to-month,Credit card (automatic),70.45,4300.45,No,0.14200106,Low,27.74,False
0872-JCPIB,17,Month-to-month,Bank transfer (automatic),65.75,1111.2,No,0.19405651,Low,30.19,False
3055-MJDSB,9,Month-to-month,Mailed check,24.6,190.1,No,0.33860853,Medium,29.92,False
9091-WTUUY,64,Two year,Mailed check,69.25,4447.75,No,0.009779992,Low,18.18,False
1618-CFHME,2,Month-to-month,Electronic check,75.9,143.35,Yes,0.7943965,High,74.78,False
3165-HDOEW,1,Month-to-month,Mailed check,45.85,45.85,Yes,0.5986232,Medium,53.49,False
6581-NQCBA,16,Month-to-month,Electronic check,49.95,810.2,Yes,0.49568892,Medium,47.32,False
7115-IRDHS,72,Two year,Bank transfer (automatic),24.65,1830.05,No,0.0045940164,Low,6.55,False
8496-DMZUK,30,One year,Bank transfer (automatic),90.4,2820.65,No,0.051473588,Low,26.44,True
2040-VZIKE,49,Month-to-month,Mailed check,100.85,4847.35,No,0.3224894,Medium,48.05,True
9068-VPWQQ,61,Two year,Credit card (automatic),75.35,4729.3,No,0.014584032,Low,20.06,False
0178-SZBHO,47,Month-to-month,Electronic check,87.2,4017.45,No,0.32890788,Medium,45.05,False
0384-RVBPI,20,Month-to-month,Credit card (automatic),64.4,1398.6,No,0.09114218,Low,22.65,False
1689-MRZQR,34,Month-to-month,Electronic check,78.3,2564.3,Yes,0.44972914,Medium,51.26,False
1299-AURJA,70,Two year,Bank transfer (automatic),24.7,1685.9,No,0.0059735477,Low,6.66,False
4525-VZCZG,54,One year,Electronic check,105.85,5826.65,No,0.1538449,Low,37.51,True
1543-LLLFT,61,One year,Mailed check,98.3,6066.55,No,0.07855598,Low,30.33,True
5835-BEQEU,3,Month-to-month,Electronic check,76.95,228.4,Yes,0.7956197,High,75.13,False
2788-CJQAQ,13,One year,Mailed check,19.45,270.2,No,0.025454324,Low,6.7,False
5565-FILXA,16,Month-to-month,Electronic check,96.15,1529.2,Yes,0.7672901,High,78.0,True
0319-QZTCO,3,Month-to-month,Credit card (automatic),58.7,168.6,No,0.45737445,Medium,46.85,False
2120-SMPEX,25,Month-to-month,Mailed check,20.15,536.35,No,0.057277676,Low,9.1,False
0096-FCPUF,30,Month-to-month,Mailed check,64.5,1888.45,No,0.09324612,Low,22.82,False
0668-OGMHD,21,Month-to-month,Electronic check,28.5,629.35,No,0.26987052,Low,26.09,False
5552-ZNFSJ,1,Month-to-month,Electronic check,45.3,45.3,Yes,0.5859813,Medium,52.46,False
2223-KAGMX,15,Month-to-month,Bank transfer (automatic),19.4,289.3,Yes,0.15936218,Low,16.06,False
6507-ZJSUR,23,Month-to-month,Electronic check,90.45,2117.25,No,0.5009843,Medium,57.92,True
9408-HRXRK,45,Month-to-month,Electronic check,105.15,4730.9,No,0.2581096,Low,44.63,True
5593-SUAOO,24,One year,Bank transfer (automatic),83.15,2033.05,No,0.07838307,Low,26.49,False
7321-PKUYW,11,Month-to-month,Electronic check,90.15,987.95,Yes,0.6399499,High,67.57,True
2833-SLKDQ,1,Month-to-month,Mailed check,45.05,45.05,Yes,0.47943994,Medium,44.94,False
6766-HFKLA,56,Two year,Bank transfer (automatic),103.2,5744.35,No,0.07826483,Low,31.55,True
7595-EUIVN,1,Month-to-month,Electronic check,75.8,75.8,Yes,0.7697249,High,73.03,False
7617-EYGLW,1,Month-to-month,Electronic check,19.45,19.45,No,0.29092968,Low,25.28,False
2026-TGDHM,7,Month-to-month,Electronic check,79.3,523.15,Yes,0.6888064,High,68.25,False
9220-ZNKJI,55,Two year,Credit card (automatic),88.8,4805.3,No,0.029314531,Low,24.49,False
4030-VPZBD,2,Month-to-month,Electronic check,30.9,59.05,Yes,0.57264423,Medium,47.89,False
2226-ICFDO,72,Two year,Credit card (automatic),85.9,6110.75,No,0.0064493767,Low,22.15,False
0723-VSOBE,45,One year,Electronic check,34.2,1596.6,No,0.12538813,Low,17.42,False
5529-GIBVH,47,Two year,Mailed check,20.15,1046.2,No,0.011398226,Low,5.89,False
4187-CINZD,46,One year,Credit card (automatic),95.25,4424.2,Yes,0.17651007,Low,36.42,True
9992-UJOEL,2,Month-to-month,Mailed check,50.3,92.75,No,0.48996565,Medium,47.0,False
4741-WWJQZ,2,Month-to-month,Electronic check,80.15,194.55,No,0.52490413,Medium,56.99,False
6625-UTXEW,12,Month-to-month,Electronic check,51.25,612.1,No,0.26836634,Low,31.73,False
6818-WOBHJ,68,Month-to-month,Bank transfer (automatic),89.6,6127.6,Yes,0.29838932,Low,43.52,False
6244-BESBM,69,Two year,Credit card (automatic),95.2,6671.7,No,0.063667946,Low,28.51,True
1004-NOZNR,56,One year,Credit card (automatic),94.8,5264.3,No,0.12680966,Low,32.83,True
1251-STYSZ,4,Month-to-month,Electronic check,80.25,303.7,No,0.637948,High,64.93,False
2612-PHGOX,64,Two year,Bank transfer (automatic),76.1,4818.8,No,0.018538581,Low,20.52,False
2408-TZMJL,59,One year,Electronic check,110.15,6448.05,Yes,0.32278275,Medium,50.42,True
8480-PPONV,62,Two year,Bank transfer (automatic),115.55,7159.05,No,0.06734856,Low,33.91,True
8780-IHCRN,63,Two year,Credit card (automatic),24.65,1574.5,No,0.0065482697,Low,6.69,False
4598-ZADCK,53,One year,Electronic check,53.6,2879.2,No,0.08106508,Low,19.22,False
1257-SXUXQ,5,Month-to-month,Mailed check,19.45,86.05,No,0.089208275,Low,11.16,False
9681-KYGYB,49,Month-to-month,Electronic check,88.2,4159.45,No,0.32575074,Medium,45.08,False
7182-OVLBJ,62,Two year,Bank transfer (automatic),101.15,6638.35,No,0.051803973,Low,29.18,True
5095-ETBRJ,55,Two year,Mailed check,56.8,3112.05,No,0.015486894,Low,15.43,False
7005-CYUIL,71,Two year,Electronic check,99.4,7168.25,No,0.01599967,Low,26.23,True
4821-WQOYN,72,Two year,Credit card (automatic),20.1,1326.25,No,0.0044849855,Low,5.39,False
4730-AWNAU,36,One year,Credit card (automatic),60.7,2234.55,No,0.05053155,Low,18.87,False
3452-FLHYD,25,One year,Bank transfer (automatic),20.95,495.15,No,0.032394905,Low,7.56,False
2388-LAESQ,72,Two year,Bank transfer (automatic),114.85,8317.95,No,0.01858575,Low,30.32,True
9531-NSBMR,36,One year,Bank transfer (automatic),19.25,679.8,No,0.02459519,Low,6.58,False
6260-ONULR,1,Month-to-month,Mailed check,62.8,62.8,No,0.65896463,High,61.99,False
4389-UEFCZ,72,Two year,Electronic check,105.5,7544.0,No,0.046985116,Low,29.94,True
8711-LOBKY,59,Two year,Mailed check,19.85,1188.25,No,0.022198113,Low,6.57,False
9134-CEQMF,7,Month-to-month,Electronic check,89.5,676.7,Yes,0.72322893,High,73.24,False
8985-OOPOS,1,One year,Credit card (automatic),74.1,74.1,No,0.1918751,Low,32.15,False
8800-ZKRFW,30,Month-to-month,Electronic check,107.5,3242.5,No,0.2800015,Low,46.76,True
2616-FLVQC,64,Two year,Mailed check,19.55,1240.15,No,0.011720401,Low,5.76,False
9968-FFVVH,63,One year,Bank transfer (automatic),68.8,4111.35,No,0.026302991,Low,19.22,False
3108-PCCGG,72,Two year,Credit card (automatic),84.45,5899.85,No,0.011877765,Low,22.17,False
7993-PYKOF,8,Month-to-month,Electronic check,75.0,632.95,Yes,0.39513776,Medium,46.61,False
8390-FESFV,62,Two year,Bank transfer (automatic),84.5,5193.2,No,0.018142307,Low,22.62,False
3022-BEXHZ,67,Two year,Bank transfer (automatic),111.2,7530.8,No,0.13736695,Low,37.71,True
5027-XWQHA,6,Month-to-month,Electronic check,44.75,270.95,Yes,0.30310425,Medium,32.52,False
6248-TKCQV,70,Two year,Bank transfer (automatic),80.6,5460.2,No,0.033151384,Low,22.68,False
6729-GDNGC,20,Month-to-month,Bank transfer (automatic),80.7,1614.2,No,0.28111714,Low,40.07,False
6198-ZFIOJ,5,Month-to-month,Electronic check,75.6,402.5,No,0.5579106,Medium,58.15,False
5989-OMNJE,24,One year,Electronic check,57.6,1367.75,No,0.108335026,Low,22.14,False
4566-QVRRW,11,Month-to-month,Electronic check,44.05,483.7,Yes,0.2838295,Low,31.0,False
1291-CUOCY,72,Two year,Credit card (automatic),110.6,7962.2,No,0.023452275,Low,29.58,True
9795-SHUHB,66,Two year,Credit card (automatic),58.2,3810.8,No,0.010470993,Low,15.44,False
3230-IUALN,45,Two year,Mailed check,81.0,3533.6,No,0.012838825,Low,21.36,False
0042-RLHYP,69,Two year,Bank transfer (automatic),19.7,1396.9,No,0.008667841,Low,5.58,False
8519-IMDHU,15,Month-to-month,Bank transfer (automatic),85.6,1345.55,Yes,0.55835825,Medium,60.71,False
4945-RVMTE,28,Month-to-month,Bank transfer (automatic),59.55,1646.45,No,0.13130094,Low,24.24,False
0201-OAMXR,70,One year,Credit card (automatic),115.55,8127.6,Yes,0.2900923,Low,49.5,True
1866-NXPSP,36,One year,Mailed check,75.55,2680.15,No,0.063093506,Low,23.5,False
3372-KWFBM,16,Month-to-month,Electronic check,86.6,1281.0,Yes,0.6757983,High,69.18,False
7831-QGOXH,18,Month-to-month,Electronic check,85.2,1553.9,Yes,0.64404917,High,66.61,False
6393-WRYZE,34,Month-to-month,Electronic check,97.65,3207.55,Yes,0.70159143,High,73.78,True
3941-XTSKM,42,One year,Credit card (automatic),45.1,2049.05,No,0.12440232,Low,20.1,False
1661-CZBAU,48,One year,Bank transfer (automatic),70.95,3629.2,No,0.05923278,Low,22.07,False
6599-RCLCJ,47,Month-to-month,Electronic check,109.55,5124.55,Yes,0.51568604,Medium,63.77,True
9831-BPFRI,39,One year,Electronic check,89.55,3474.45,Yes,0.13442343,Low,32.03,False
5158-RIVOP,11,Two year,Credit card (automatic),20.9,202.3,No,0.012769975,Low,6.17,False
9788-YTFGE,7,Month-to-month,Mailed check,19.95,147.5,No,0.1151063,Low,13.1,False
9277-JOOMO,3,Month-to-month,Mailed check,24.6,86.35,No,0.12295423,Low,14.82,False
1907-YLNYW,8,Month-to-month,Electronic check,66.7,579.0,No,0.21925908,Low,32.2,False
1725-MIMXW,1,Month-to-month,Mailed check,19.45,19.45,Yes,0.44969675,Medium,36.39,False
8947-YRTDV,32,One year,Mailed check,94.8,3131.55,No,0.08743234,Low,30.07,True
3161-ONRWK,60,One year,Bank transfer (automatic),65.85,3928.3,No,0.016763901,Low,17.81,False
0114-RSRRW,10,Month-to-month,Bank transfer (automatic),19.95,187.75,No,0.14761183,Low,15.37,False
4565-NLZBV,71,Two year,Bank transfer (automatic),24.65,1710.15,No,0.0066508115,Low,6.69,False
0031-PVLZI,4,Month-to-month,Mailed check,20.35,76.35,Yes,0.10020428,Low,12.16,False
7206-GZCDC,1,Month-to-month,Electronic check,69.25,69.25,Yes,0.88111764,High,79.17,False
6682-VCIXC,43,One year,Bank transfer (automatic),51.25,2151.6,No,0.04168472,Low,15.87,False
4791-QRGMF,59,One year,Bank transfer (automatic),99.5,5961.1,Yes,0.31189483,Medium,46.97,True
6475-VHUIZ,23,Month-to-month,Electronic check,54.25,1221.55,No,0.13579735,Low,23.21,False
3910-MRQOY,72,Two year,Bank transfer (automatic),19.4,1496.45,No,0.0075761797,Low,5.43,False
0661-WCQNQ,22,One year,Credit card (automatic),56.25,1292.2,No,0.043448593,Low,17.25,False
7537-RBWEA,1,Month-to-month,Mailed check,25.15,25.15,No,0.60450125,High,48.67,False
4656-CAURT,69,Two year,Bank transfer (automatic),23.95,1713.1,No,0.008751199,Low,6.66,False
0121-SNYRK,50,One year,Mailed check,35.4,1748.9,No,0.021117138,Low,10.42,False
1768-ZAIFU,1,Month-to-month,Electronic check,25.2,25.2,Yes,0.8265749,High,64.23,False
4671-LXRDQ,2,Month-to-month,Mailed check,45.0,96.45,Yes,0.51260597,Medium,47.25,False
3733-LSYCE,15,Month-to-month,Bank transfer (automatic),75.35,1114.55,No,0.25757313,Low,37.07,False
6265-FRMTQ,31,Two year,Bank transfer (automatic),20.4,609.1,No,0.008264611,Low,5.73,False
1934-SJVJK,1,Month-to-month,Mailed check,20.15,20.15,Yes,0.3723154,Medium,31.15,False
3838-OZURD,66,Month-to-month,Credit card (automatic),105.0,7133.25,Yes,0.47046283,Medium,59.46,True
1371-DWPAZ,0,Two year,Credit card (automatic),56.05,0.0,No,0.016521497,Low,15.32,False
9269-CQOOL,3,Month-to-month,Credit card (automatic),54.7,169.45,Yes,0.5030603,Medium,49.03,False
2017-CCBLH,8,Two year,Mailed check,20.0,141.6,No,0.015115252,Low,6.11,False
7690-KPNCU,64,One year,Credit card (automatic),73.05,4688.65,No,0.07736494,Low,23.87,False
0536-BGFMZ,28,Month-to-month,Mailed check,20.5,563.05,No,0.034502823,Low,7.59,False
2293-IJWPS,57,One year,Credit card (automatic),100.75,5985.0,No,0.28631413,Low,45.49,True
2845-HSJCY,14,Month-to-month,Electronic check,87.25,1258.6,Yes,0.59553725,Medium,63.73,False
5469-NUJUR,19,Two year,Mailed check,19.95,373.5,No,0.012589838,Low,5.92,False
1184-PJVDB,10,Month-to-month,Electronic check,79.95,857.2,Yes,0.64685535,High,65.48,False
2625-TRCZQ,51,Month-to-month,Electronic check,49.65,2553.35,No,0.4072369,Medium,41.05,False
4102-HLENU,67,Two year,Mailed check,65.65,4322.85,No,0.012353919,Low,17.45,False
7266-GSSJX,11,Month-to-month,Electronic check,20.45,250.8,No,0.096388526,Low,11.91,False
7722-VJRQD,72,Two year,Bank transfer (automatic),60.95,4549.05,No,0.0077647083,Low,15.94,False
7073-QETQY,66,One year,Electronic check,20.35,1359.5,No,0.016285991,Low,6.28,False
9415-DPEWS,18,Month-to-month,Electronic check,88.35,1639.3,Yes,0.5567497,Medium,61.29,False
5624-RYAMH,9,Month-to-month,Electronic check,19.5,178.85,No,0.17251869,Low,17.0,False
0196-JTUQI,9,Month-to-month,Credit card (automatic),75.2,633.85,No,0.6173285,High,62.21,False
7130-YXBRO,48,Month-to-month,Bank transfer (automatic),111.45,5315.1,No,0.32538325,Medium,50.93,True
9272-LSVYH,10,Month-to-month,Mailed check,70.15,735.5,No,0.37844557,Medium,44.21,False
7943-RQCHR,9,Month-to-month,Electronic check,94.75,889.9,Yes,0.84286475,High,82.94,True
3793-MMFUH,13,Month-to-month,Electronic check,95.05,1290.0,Yes,0.71726865,High,74.22,True
3249-ZPQRG,4,Month-to-month,Electronic check,78.45,330.05,Yes,0.5891414,Medium,61.06,False
2568-BRGYX,4,Month-to-month,Electronic check,70.2,237.95,Yes,0.58304435,Medium,58.55,False
3084-DOWLE,72,Two year,Bank transfer (automatic),92.0,6474.4,No,0.0044432725,Low,23.55,True
1084-MNSMJ,51,Two year,Credit card (automatic),85.5,4421.95,No,0.0154227065,Low,22.68,False
7721-JXEAW,59,Month-to-month,Bank transfer (automatic),41.05,2452.7,Yes,0.31807616,Medium,32.64,False
7249-WBIYX,10,Month-to-month,Electronic check,85.6,813.85,Yes,0.78031456,High,76.25,False
4238-HFHSN,61,Month-to-month,Electronic check,82.15,4904.85,No,0.28539172,Low,40.73,False
6250-CGGUN,54,One year,Electronic check,84.4,4484.05,No,0.09910067,Low,28.26,False
5478-JJVZK,33,Month-to-month,Mailed check,60.9,2033.85,No,0.11436003,Low,23.39,False
7596-IIWYC,27,Two year,Bank transfer (automatic),20.25,538.2,No,0.010254452,Low,5.83,False
6567-HOOPW,1,Month-to-month,Electronic check,79.2,79.2,Yes,0.8954618,High,82.69,False
9793-WECQC,23,Month-to-month,Mailed check,95.3,2192.9,No,0.2724292,Low,43.15,True
4291-HPAXL,1,Month-to-month,Mailed check,19.85,19.85,No,0.3279966,Medium,27.97,False
8999-YPYBV,45,Two year,Mailed check,84.35,3858.05,No,0.010405451,Low,22.04,False
1839-FBNFR,39,Two year,Bank transfer (automatic),19.85,854.8,No,0.013278285,Low,5.94,False
3164-AALRN,5,One year,Mailed check,70.0,347.4,Yes,0.28041756,Low,37.31,False
3071-MVJCD,72,Two year,Bank transfer (automatic),82.3,5815.15,No,0.004686415,Low,21.12,False
1697-BCSHV,58,Month-to-month,Bank transfer (automatic),66.8,3970.4,No,0.098275326,Low,23.76,False
0562-KBDVM,70,Two year,Bank transfer (automatic),44.6,3058.15,No,0.014160153,Low,12.26,False
1131-SUEKT,61,One year,Bank transfer (automatic),98.45,6145.2,No,0.08911164,Low,31.11,True
3717-OEAUQ,2,Month-to-month,Mailed check,70.7,129.2,No,0.51350474,Medium,53.81,False
4538-WNTMJ,46,One year,Mailed check,24.95,1165.9,No,0.025505917,Low,8.09,False
3334-CTHOL,1,Month-to-month,Bank transfer (automatic),49.95,49.95,Yes,0.6099429,High,55.31,False
4704-ERYFC,22,Month-to-month,Electronic check,69.25,1554.0,Yes,0.43968558,Medium,48.27,False
9432-RUVSL,48,Two year,Credit card (automatic),102.5,4904.25,No,0.063619524,Low,30.35,True
8060-HIWJJ,64,Two year,Credit card (automatic),86.55,5632.55,No,0.013961387,Low,22.84,False
7684-XSZIY,72,Two year,Bank transfer (automatic),24.3,1643.25,No,0.0044067753,Low,6.45,False
9089-UOWJG,12,Month-to-month,Credit card (automatic),58.35,740.55,No,0.22567682,Low,30.54,False
8621-MNIHH,34,Month-to-month,Electronic check,94.25,3217.55,Yes,0.4636908,Medium,56.27,True
8039-ACLPL,72,Two year,Credit card (automatic),68.75,4888.2,No,0.0066780476,Low,17.84,False
9885-AIBVB,29,Month-to-month,Electronic check,85.8,2440.25,No,0.5274283,Medium,58.6,False
1934-MKPXS,33,One year,Credit card (automatic),20.1,620.55,No,0.012350197,Low,5.94,False
2592-YKDIF,1,Month-to-month,Mailed check,20.35,20.35,No,0.29787493,Low,25.99,False
2272-JKMSI,62,One year,Electronic check,110.8,6840.95,No,0.08841857,Low,34.18,True
0471-LVHGK,41,One year,Electronic check,73.0,3001.2,Yes,0.26244533,Low,36.81,False
9518-RWHZL,64,One year,Credit card (automatic),100.05,6254.2,Yes,0.23874567,Low,41.99,True
8714-CTZJW,4,Month-to-month,Credit card (automatic),82.85,319.6,No,0.64113504,High,65.81,False
3569-EDBPQ,24,Month-to-month,Electronic check,84.35,1938.05,No,0.3071192,Medium,42.81,False
3131-NWVFJ,14,One year,Mailed check,19.55,294.5,No,0.028155578,Low,6.91,False
7521-YXVZY,3,Month-to-month,Mailed check,19.95,58.3,No,0.09725363,Low,11.85,False
5419-CONWX,4,Month-to-month,Credit card (automatic),99.8,442.85,Yes,0.81596977,High,82.33,True
6240-EURKS,18,Month-to-month,Electronic check,35.0,553.0,Yes,0.40202868,Medium,36.98,False
2373-NTKOD,8,Month-to-month,Electronic check,66.25,546.45,No,0.3182596,Medium,39.02,False
1970-KKFWL,35,Two year,Bank transfer (automatic),23.3,797.1,No,0.015966995,Low,7.0,False
6960-HVYXR,1,Month-to-month,Electronic check,76.0,76.0,Yes,0.85770553,High,79.24,False
9337-SRRNI,66,Two year,Credit card (automatic),25.3,1673.8,No,0.0070661334,Low,6.89,False
0895-UADGO,8,Two year,Mailed check,44.55,343.45,No,0.0172588,Low,12.46,False
5678-VFNEQ,71,One year,Credit card (automatic),104.1,7412.25,No,0.118908875,Low,34.62,True
5977-CKHON,43,Month-to-month,Bank transfer (automatic),92.55,4039.0,No,0.3187148,Medium,45.69,True
7024-OHCCK,2,Month-to-month,Electronic check,93.85,170.85,Yes,0.8986605,High,86.62,True
2692-BUCFV,29,Month-to-month,Bank transfer (automatic),101.45,2948.6,No,0.42993402,Medium,55.72,True
7861-UVUFT,15,Month-to-month,Electronic check,84.3,1308.4,Yes,0.5661662,Medium,60.93,False
1830-GGFNM,65,Two year,Credit card (automatic),94.55,6078.75,No,0.02803671,Low,25.85,True
5302-BDJNT,35,Month-to-month,Electronic check,95.5,3418.2,No,0.27781853,Low,43.57,True
5223-UZAVK,64,One year,Credit card (automatic),100.3,6603.8,No,0.11072487,Low,33.09,True
4859-ZSRDZ,58,Two year,Credit card (automatic),55.5,3166.9,No,0.02565969,Low,15.82,False
5651-WYIPH,18,Month-to-month,Credit card (automatic),49.85,865.75,No,0.20941883,Low,27.25,False
9350-VLHMB,67,Month-to-month,Bank transfer (automatic),89.55,6373.1,No,0.2759849,Low,41.94,False
3498-LZGQZ,63,Two year,Mailed check,19.15,1177.05,No,0.009278387,Low,5.49,False
8785-CJSHH,60,Month-to-month,Electronic check,99.8,5985.75,No,0.41794735,Medium,54.47,True
5357-TZHPP,9,Month-to-month,Credit card (automatic),84.4,732.5,Yes,0.7465845,High,73.58,False
3870-SPZSI,70,Two year,Credit card (automatic),113.05,7869.05,No,0.0442615,Low,31.66,True
0680-DFNNY,15,Month-to-month,Electronic check,101.1,1504.05,Yes,0.76976514,High,79.42,True
7560-QRBXH,48,One year,Mailed check,19.95,936.7,No,0.013744118,Low,6.0,False
7077-XJMET,12,Month-to-month,Electronic check,74.15,741.4,No,0.3001426,Medium,39.74,False
8752-GHJFU,71,One year,Electronic check,92.0,6585.2,No,0.03745022,Low,25.86,True
6896-SRVYQ,44,Month-to-month,Electronic check,73.85,3122.4,No,0.38491344,Medium,45.6,False
7767-UXAGJ,1,Month-to-month,Electronic check,50.45,50.45,Yes,0.73279923,High,64.04,False
4652-ODEVH,45,Two year,Mailed check,24.45,1088.25,No,0.013018021,Low,7.09,False
6510-UPNKS,23,One year,Credit card (automatic),24.8,615.35,No,0.033005264,Low,8.58,False
6718-BDGHG,43,One year,Bank transfer (automatic),64.85,2908.2,No,0.08006351,Low,21.99,False
9046-DQMTP,35,Month-to-month,Bank transfer (automatic),20.75,739.9,No,0.04448499,Low,8.36,False
6439-LAJXL,9,Month-to-month,Mailed check,68.95,593.85,No,0.09996351,Low,24.42,False
1571-SAVHK,12,Month-to-month,Mailed check,99.95,1132.75,Yes,0.85471946,High,85.08,True
9052-VKDUW,65,Month-to-month,Credit card (automatic),109.4,7227.45,No,0.20952219,Low,42.3,True
9546-CQJSU,2,Month-to-month,Electronic check,91.4,193.6,Yes,0.8660173,High,83.71,True
1666-JZPZT,27,Month-to-month,Mailed check,49.0,1291.35,No,0.09942111,Low,19.34,False
5777-KJIRB,40,One year,Mailed check,50.25,2023.55,No,0.073894165,Low,17.87,False
0506-LVNGN,5,Month-to-month,Credit card (automatic),75.55,349.65,Yes,0.5349342,Medium,56.53,False
7677-SJJJK,8,One year,Credit card (automatic),19.9,153.95,No,0.027443627,Low,6.95,False
2480-EJWYP,58,One year,Bank transfer (automatic),97.8,5458.8,No,0.2004896,Low,38.74,True
3253-HKOKL,52,One year,Electronic check,100.3,5244.45,No,0.1228241,Low,33.94,True
7055-HNEOJ,3,Month-to-month,Mailed check,55.8,154.55,No,0.3132126,Medium,36.02,False
5514-YQENT,41,Two year,Electronic check,111.15,4507.15,No,0.095507525,Low,34.77,True
3211-AAPKX,20,Month-to-month,Mailed check,98.55,2031.95,No,0.5230957,Medium,61.51,True
8445-DNBAE,1,Month-to-month,Electronic check,50.05,50.05,No,0.6373131,High,57.26,False
2951-QOQTK,4,Month-to-month,Credit card (automatic),80.8,332.45,Yes,0.6615729,High,66.72,False
2958-NHPPS,23,Month-to-month,Electronic check,20.85,473.9,No,0.070410565,Low,10.2,False
6806-YDEUL,6,Month-to-month,Bank transfer (automatic),19.5,106.8,No,0.1919961,Low,18.37,False
1735-XMJVH,8,Month-to-month,Mailed check,19.35,152.6,No,0.1228531,Low,13.49,False
6890-PFRQX,18,Month-to-month,Mailed check,69.5,1199.4,No,0.14075609,Low,27.41,False
0222-CNVPT,52,Month-to-month,Credit card (automatic),48.8,2555.05,No,0.2752218,Low,31.59,False
5899-OUVKV,31,Month-to-month,Electronic check,94.5,2979.2,No,0.4444612,Medium,54.99,True
8681-ICONS,29,Month-to-month,Mailed check,20.65,654.85,No,0.047832143,Low,8.57,False
1621-YNCJH,36,Two year,Credit card (automatic),106.05,3834.4,No,0.0871606,Low,32.89,True
3473-XIIIT,16,Month-to-month,Electronic check,100.0,1534.75,Yes,0.80169,High,81.38,True
6362-QHAFM,42,One year,Electronic check,108.3,4586.15,No,0.5414814,Medium,65.26,True
7893-IXHRQ,1,Month-to-month,Electronic check,20.55,20.55,Yes,0.29954174,Low,26.16,False
3070-BDOQC,60,Two year,Electronic check,99.65,5941.05,No,0.086639106,Low,31.24,True
2952-QAYZF,5,Month-to-month,Electronic check,85.3,424.15,Yes,0.805423,High,77.93,False
6234-PFPXL,22,Month-to-month,Credit card (automatic),95.9,2234.95,No,0.35255033,Medium,48.91,True
9824-QCJPK,36,One year,Mailed check,20.0,666.75,No,0.017865121,Low,6.3,False
4763-PGDPO,4,Month-to-month,Electronic check,70.4,281.0,Yes,0.49842724,Medium,52.68,False
4283-IVYCI,9,Month-to-month,Mailed check,64.95,547.8,No,0.1060394,Low,23.83,False
1866-OBPNR,1,Month-to-month,Credit card (automatic),74.6,74.6,No,0.64998335,High,64.35,False
8205-MQUGY,12,Month-to-month,Electronic check,49.2,571.15,No,0.27953157,Low,32.0,False
8970-ANWXO,23,One year,Mailed check,73.75,1756.6,No,0.11791659,Low,26.89,False
9480-BQJEI,62,One year,Bank transfer (automatic),92.3,5731.45,No,0.06374367,Low,27.78,True
5394-SVGJV,37,Month-to-month,Bank transfer (automatic),98.8,3475.55,Yes,0.35630924,Medium,49.9,True
6979-TNDEU,8,Month-to-month,Mailed check,19.2,156.85,No,0.03926913,Low,7.6,False
9777-WJJPR,31,Month-to-month,Credit card (automatic),88.65,2683.2,No,0.30038485,Medium,43.42,False
9283-LZQOH,13,Month-to-month,Credit card (automatic),74.4,896.75,Yes,0.4787118,Medium,52.31,False
7079-QRCBC,24,Month-to-month,Electronic check,98.75,2407.3,Yes,0.76152575,High,78.25,True
9495-SKLKD,45,Month-to-month,Bank transfer (automatic),95.95,4456.65,No,0.32984504,Medium,47.33,True
6048-UWKAL,69,Two year,Credit card (automatic),105.4,6998.95,No,0.081481576,Low,32.33,True
5067-DGXLL,2,Month-to-month,Mailed check,20.25,36.8,No,0.099940725,Low,12.11,False
5469-CTCWN,61,One year,Electronic check,106.0,6547.7,Yes,0.1468597,Low,37.06,True
9851-QXEEQ,41,Month-to-month,Electronic check,104.7,4346.4,Yes,0.6786608,High,73.96,True
6281-FKEWS,44,One year,Electronic check,49.05,2265.0,No,0.24354996,Low,29.44,False
8898-KASCD,39,One year,Mailed check,35.55,1309.15,No,0.047803294,Low,12.33,False
9242-TKFSV,72,Two year,Credit card (automatic),65.1,4754.3,No,0.0062983274,Low,16.89,False
9290-SHCMB,13,Month-to-month,Electronic check,96.85,1235.55,No,0.67769676,High,71.91,True
0743-HNPFG,51,One year,Credit card (automatic),69.75,3562.5,No,0.05048414,Low,21.15,False
2277-BKJKN,71,Two year,Electronic check,99.2,7213.75,No,0.08340131,Low,30.9,True
9809-IMGCQ,22,Month-to-month,Electronic check,96.7,2082.95,Yes,0.75701296,High,77.42,True
5208-HFSBT,2,Month-to-month,Credit card (automatic),55.05,102.75,Yes,0.43827727,Medium,44.59,False
5035-PGZXH,56,One year,Electronic check,106.8,5914.4,No,0.35299012,Medium,51.69,True
8695-WDYEA,1,Month-to-month,Mailed check,51.25,51.25,No,0.36630586,Medium,38.59,False
6543-JXSOO,23,One year,Mailed check,57.75,1282.85,No,0.04323227,Low,17.62,False
8016-ZMGMO,66,One year,Bank transfer (automatic),70.85,4738.85,No,0.08382181,Low,23.77,False
8605-ITULD,1,Month-to-month,Mailed check,19.55,19.55,No,0.33187324,Medium,28.17,False
3254-YRILK,19,Month-to-month,Electronic check,88.2,1775.8,Yes,0.63070923,High,66.43,False
6416-YJTTB,11,Month-to-month,Bank transfer (automatic),79.5,795.65,No,0.38892016,Medium,47.31,False
2667-WYLWJ,8,One year,Mailed check,19.75,145.0,Yes,0.056117114,Low,8.92,False
4472-VESGY,52,Month-to-month,Bank transfer (automatic),98.15,4993.4,No,0.1680809,Low,36.56,True
3195-TQDZX,3,Month-to-month,Electronic check,20.25,61.45,No,0.17366903,Low,17.27,False
3128-YOVTD,51,Month-to-month,Bank transfer (automatic),79.15,4018.55,No,0.17056255,Low,31.94,False
0529-ONKER,15,Month-to-month,Electronic check,75.65,1146.65,Yes,0.5417348,Medium,57.03,False
1728-CXQBE,64,Month-to-month,Electronic check,94.25,6081.4,No,0.2987993,Low,44.73,True
7041-TXQJH,37,Month-to-month,Credit card (automatic),40.2,1478.85,No,0.21433765,Low,25.16,False
5014-GSOUQ,13,Two year,Mailed check,19.95,243.65,No,0.01285586,Low,5.94,False
5724-BIDBU,49,One year,Electronic check,55.35,2633.95,No,0.11647234,Low,22.14,False
0481-SUMCB,45,One year,Bank transfer (automatic),102.15,4735.35,No,0.27035773,Low,44.73,True
1769-GRUIK,18,Month-to-month,Electronic check,71.1,1247.75,No,0.4030036,Medium,46.17,False
5240-IJOQT,1,Month-to-month,Electronic check,74.7,74.7,Yes,0.9012847,High,81.96,False
8819-WFGGJ,68,Two year,Bank transfer (automatic),54.1,3794.5,No,0.023729725,Low,15.33,False
7427-AUFPY,54,Two year,Credit card (automatic),19.65,1008.7,No,0.016418079,Low,6.11,False
2811-POVEX,23,Month-to-month,Bank transfer (automatic),88.45,2130.55,No,0.3508931,Medium,46.91,False
1092-GANHU,17,Month-to-month,Electronic check,76.65,1313.55,Yes,0.35333744,Medium,44.1,False
7898-PDWQE,71,Two year,Credit card (automatic),80.4,5727.15,No,0.0065957927,Low,20.77,False
9972-EWRJS,67,Two year,Bank transfer (automatic),19.25,1372.9,No,0.008882812,Low,5.48,False
9314-IJWSQ,14,Month-to-month,Electronic check,84.8,1203.9,No,0.669721,High,68.3,False
0661-XEYAN,1,Month-to-month,Mailed check,25.8,25.8,Yes,0.77466255,High,60.74,False
5799-JRCZO,63,Two year,Credit card (automatic),19.5,1215.1,No,0.011599866,Low,5.74,False
1921-KYSAY,41,One year,Electronic check,68.6,2877.05,No,0.13976206,Low,27.11,False
6198-RTPMF,17,Month-to-month,Electronic check,92.6,1579.7,No,0.5001916,Medium,58.41,True
2924-KHUVI,56,One year,Electronic check,100.55,5514.95,No,0.3558553,Medium,50.31,True
1925-GMVBW,5,Month-to-month,Credit card (automatic),20.55,96.1,No,0.0976524,Low,12.03,False
7881-EVUAD,2,Month-to-month,Electronic check,42.6,72.4,Yes,0.56367904,Medium,50.22,False
6184-DYUOB,3,Month-to-month,Mailed check,19.6,55.25,No,0.1594382,Low,16.11,False
9207-ZPANB,37,One year,Electronic check,67.45,2443.3,No,0.06687668,Low,21.72,False
5766-XQXMQ,29,Month-to-month,Bank transfer (automatic),68.85,1970.5,Yes,0.11658549,Low,25.55,False
9327-QSDED,8,Month-to-month,Mailed check,43.55,335.4,No,0.22918226,Low,27.04,False
1656-DRSMG,63,Month-to-month,Credit card (automatic),109.85,7002.95,No,0.20557669,Low,42.14,True
3012-VFFMN,7,Month-to-month,Mailed check,20.65,158.95,No,0.08075886,Low,10.87,False
2984-AFWNC,3,Month-to-month,Electronic check,95.4,293.15,No,0.6018471,High,66.23,True
0640-YJTPY,72,Two year,Bank transfer (automatic),21.0,1493.75,No,0.0042062346,Low,5.6,False
8096-LOIST,19,Month-to-month,Electronic check,56.2,1093.4,No,0.34415725,Medium,38.29,False
9764-REAFF,59,Two year,Bank transfer (automatic),18.4,1057.85,No,0.012041508,Low,5.49,False
3703-VAVCL,2,Month-to-month,Credit card (automatic),90.0,190.05,Yes,0.6538263,High,68.5,True
7107-UBYKY,35,Month-to-month,Electronic check,25.75,882.55,No,0.06905957,Low,11.34,False
4881-GQJTW,14,Month-to-month,Credit card (automatic),19.6,300.4,No,0.08434262,Low,10.86,False
8519-QJGJD,14,Month-to-month,Electronic check,75.35,1025.95,Yes,0.36855823,Medium,44.83,False
7876-DNYAP,69,Two year,Credit card (automatic),19.8,1436.95,No,0.0075871907,Low,5.53,False
7905-NJMXS,7,Month-to-month,Electronic check,64.2,475.0,No,0.14371765,Low,26.28,False
2882-WDTBA,69,Two year,Bank transfer (automatic),75.75,5388.15,No,0.023563052,Low,20.79,False
2091-GPPIQ,72,Two year,Electronic check,78.95,5730.15,No,0.02763211,Low,21.88,False
6326-MTTXK,8,Month-to-month,Electronic check,100.85,819.55,Yes,0.6689141,High,72.3,True
5071-FBJFS,4,Month-to-month,Electronic check,50.3,217.1,No,0.31123438,Medium,34.49,False
2796-UUZZO,63,Month-to-month,Credit card (automatic),80.3,4896.35,No,0.10378308,Low,27.55,False
2429-AYKKO,72,Two year,Bank transfer (automatic),19.85,1434.1,No,0.007002747,Low,5.5,False
9798-OPFEM,46,Two year,Electronic check,21.1,937.1,No,0.0170413,Low,6.52,False
0330-IVZHA,5,Month-to-month,Electronic check,69.95,330.15,Yes,0.50025916,Medium,52.69,False
3794-NFNCH,30,Month-to-month,Mailed check,50.0,1474.9,No,0.1162535,Low,20.77,False
5193-QLVZB,63,Two year,Bank transfer (automatic),104.75,6536.5,No,0.124032885,Low,35.15,True
7114-AEOZE,60,Two year,Bank transfer (automatic),19.85,1128.1,No,0.018840455,Low,6.33,False
2886-KEFUM,63,One year,Electronic check,107.5,6873.75,Yes,0.2229219,Low,42.76,True
5522-NYKPB,25,Month-to-month,Electronic check,85.9,2199.05,No,0.30640587,Medium,43.15,False
4237-RLAQD,1,Month-to-month,Mailed check,45.85,45.85,Yes,0.57595545,Medium,51.9,False
9957-YODKZ,6,Month-to-month,Electronic check,80.8,457.1,No,0.80119216,High,76.5,False
6518-KZXCB,22,Two year,Mailed check,25.25,566.5,No,0.014448742,Low,7.39,False
2245-ADZFJ,31,Two year,Bank transfer (automatic),80.55,2471.6,No,0.034992985,Low,22.8,False
7776-QGYJC,39,Month-to-month,Bank transfer (automatic),81.5,3107.3,No,0.2593115,Low,38.74,False
9313-QOLTZ,26,Month-to-month,Mailed check,20.9,518.3,No,0.04382573,Low,8.35,False
9651-GTSAQ,53,One year,Bank transfer (automatic),106.1,5769.75,Yes,0.2929146,Low,47.31,True
3186-BAXNB,1,Month-to-month,Electronic check,91.7,91.7,Yes,0.68185675,High,70.9,True
4672-FOTSD,12,Month-to-month,Electronic check,67.25,832.3,No,0.18095884,Low,29.66,False
0637-YLETY,16,Month-to-month,Credit card (automatic),95.6,1555.65,Yes,0.51734865,Medium,60.37,True
9818-XQCUV,2,Month-to-month,Mailed check,20.35,45.3,No,0.11761263,Low,13.37,False
7338-ERIVA,39,One year,Bank transfer (automatic),45.05,1790.6,No,0.030175902,Low,13.49,False
1157-BQCUW,1,Month-to-month,Electronic check,74.95,74.95,Yes,0.8870165,High,81.03,False
8259-NFJTV,7,Month-to-month,Mailed check,34.65,246.6,No,0.13221963,Low,18.01,False
3223-DWFIO,4,Month-to-month,Electronic check,69.35,261.65,No,0.4988562,Medium,52.44,False
2660-EMUBI,10,Month-to-month,Electronic check,95.35,898.35,Yes,0.85026354,High,83.61,True
6968-GMKPR,55,Month-to-month,Electronic check,81.55,4509.5,No,0.24719436,Low,37.91,False
4751-ERMAN,72,Two year,Bank transfer (automatic),75.4,5480.25,No,0.032615468,Low,21.33,False
1436-ZMJAN,10,Month-to-month,Credit card (automatic),67.8,653.15,No,0.27742222,Low,36.55,False
3292-PBZEJ,11,Month-to-month,Electronic check,111.4,1183.05,No,0.71625185,High,78.28,True
0799-DDIHE,15,Month-to-month,Electronic check,46.3,639.45,No,0.24104474,Low,28.57,False
3070-FNFZQ,23,Two year,Bank transfer (automatic),20.4,478.75,No,0.008290355,Low,5.73,False
2812-SFXMJ,1,Month-to-month,Mailed check,20.05,20.05,No,0.37899846,Medium,31.6,False
7675-OZCZG,3,Month-to-month,Electronic check,45.0,127.1,Yes,0.42380336,Medium,41.03,False
5014-WUQMG,47,One year,Electronic check,96.1,4391.45,No,0.1483968,Low,34.67,True
5312-TSZVC,15,One year,Mailed check,19.65,270.6,No,0.027596433,Low,6.9,False
2003-CKLOR,66,Month-to-month,Electronic check,99.5,6710.5,Yes,0.28983876,Low,45.43,True
0993-OSGPT,68,One year,Bank transfer (automatic),60.65,3975.9,No,0.027876897,Low,17.27,False
9254-RBFON,17,One year,Bank transfer (automatic),98.6,1704.95,Yes,0.18575662,Low,37.91,True
1205-WNWPJ,7,Month-to-month,Mailed check,59.5,415.95,Yes,0.23560478,Low,31.52,False
9391-EOYLI,12,Month-to-month,Electronic check,80.45,950.2,Yes,0.5841511,Medium,61.21,False
7108-DGVUU,21,One year,Bank transfer (automatic),71.7,1497.05,No,0.16384207,Low,29.58,False
2782-JEEBU,21,Month-to-month,Mailed check,36.0,780.15,No,0.19500573,Low,22.75,False
5127-BZENZ,56,One year,Bank transfer (automatic),65.2,3512.15,No,0.03212519,Low,18.72,False
2720-FVBQP,6,Month-to-month,Credit card (automatic),48.95,273.25,No,0.39345402,Medium,39.91,False
9906-NHHVC,65,Two year,Bank transfer (automatic),53.5,3517.9,No,0.060605522,Low,17.76,False
4522-XRWWI,42,One year,Credit card (automatic),80.45,3375.9,No,0.07514427,Low,25.58,False
3766-EJLFL,68,Two year,Bank transfer (automatic),109.05,7508.55,No,0.19953576,Low,41.52,True
5939-SXWHM,48,Two year,Bank transfer (automatic),26.3,1245.05,No,0.011609278,Low,7.46,False
8152-UOBNY,50,One year,Electronic check,106.8,5347.95,No,0.29799274,Low,47.84,True
7351-KYHQH,7,Month-to-month,Electronic check,64.95,493.65,No,0.31527513,Medium,38.48,False
7643-RCHXS,63,Two year,Electronic check,19.35,1263.85,No,0.029177906,Low,6.93,False
8246-SHFGA,17,Month-to-month,Credit card (automatic),21.1,385.55,No,0.09359049,Low,11.88,False
8387-MOJJT,42,Month-to-month,Credit card (automatic),77.95,3384.0,Yes,0.2972343,Low,40.5,False
0620-XEFWH,4,Month-to-month,Mailed check,18.85,84.2,No,0.030302001,Low,6.88,False
6485-QXWWE,62,Two year,Bank transfer (automatic),26.0,1638.7,No,0.0076585254,Low,7.1,False
2761-OCIAX,2,Month-to-month,Electronic check,74.7,165.4,Yes,0.64641863,High,64.12,False
7321-VGNKU,2,Month-to-month,Electronic check,70.35,120.25,No,0.5974676,Medium,59.6,False
5327-CNLUQ,48,Two year,Bank transfer (automatic),96.9,4473.45,No,0.054114193,Low,28.27,True
7552-KEYGT,27,Two year,Bank transfer (automatic),19.55,520.55,No,0.011448408,Low,5.74,False
5816-JMLGY,70,Two year,Bank transfer (automatic),80.4,5717.85,No,0.023667524,Low,21.97,False
3068-OMWZA,1,Month-to-month,Electronic check,88.8,88.8,Yes,0.9237263,High,87.09,False
2927-QRRQV,46,One year,Electronic check,94.65,4312.5,No,0.26828733,Low,42.69,True
6032-KRXXO,30,Month-to-month,Electronic check,90.25,2755.35,Yes,0.5252506,Medium,59.57,True
7459-RRWQZ,15,Month-to-month,Bank transfer (automatic),64.65,994.55,Yes,0.22443788,Low,32.04,False
6265-SXWBU,69,One year,Credit card (automatic),95.75,6511.25,No,0.08058247,Low,29.83,True
7941-RCJOW,65,Two year,Credit card (automatic),19.55,1218.65,No,0.01228192,Low,5.8,False
6374-NTQLP,72,Two year,Credit card (automatic),104.1,7447.7,No,0.030388745,Low,28.43,True
4154-AQUGT,13,Month-to-month,Bank transfer (automatic),89.05,1169.35,Yes,0.55996394,Medium,61.69,False
2387-KDZQY,17,One year,Mailed check,20.1,279.5,No,0.026650837,Low,6.94,False
3584-WKTTW,51,One year,Electronic check,111.55,5720.35,No,0.29413968,Low,48.77,True
3399-BMLVW,51,Two year,Credit card (automatic),60.5,3121.45,No,0.01824464,Low,16.56,False
1971-DTCZB,72,Two year,Bank transfer (automatic),90.95,6468.6,No,0.005097881,Low,23.33,True
3092-IGHWF,67,One year,Electronic check,87.4,5918.8,Yes,0.15792002,Low,33.13,False
3374-PZLXD,34,Month-to-month,Mailed check,19.7,675.6,No,0.06106597,Low,9.25,False
3813-DHBBB,67,Two year,Bank transfer (automatic),50.95,3521.7,No,0.01420297,Low,13.87,False
2812-REYAT,49,One year,Bank transfer (automatic),20.05,923.1,No,0.025349248,Low,6.84,False
6518-PPLMZ,53,Two year,Mailed check,19.4,1110.35,No,0.032357134,Low,7.17,False
4939-KYYPY,27,Month-to-month,Electronic check,59.45,1611.65,No,0.11621248,Low,23.15,False
8017-LXHFA,23,Month-to-month,Electronic check,94.75,2293.6,Yes,0.54006934,Medium,61.74,True
5930-GBIWP,69,Two year,Credit card (automatic),81.5,5553.25,No,0.023203678,Low,22.21,False
6022-KOUQO,2,Month-to-month,Bank transfer (automatic),29.05,44.75,No,0.31335074,Medium,29.27,False
6352-TWCAU,35,Month-to-month,Electronic check,86.45,3029.1,Yes,0.61138827,High,64.64,False
2361-UPSND,46,One year,Mailed check,70.6,3231.05,No,0.06993565,Low,22.73,False
6035-RIIOM,54,Two year,Bank transfer (automatic),97.2,5129.45,No,0.11479494,Low,32.59,True
2929-QNSRW,56,One year,Electronic check,98.25,5508.35,Yes,0.26398152,Low,43.3,True
1262-OPMFY,9,Month-to-month,Bank transfer (automatic),75.75,655.9,Yes,0.46880588,Medium,51.95,False
9504-DSHWM,20,Month-to-month,Bank transfer (automatic),59.2,1191.2,No,0.11873144,Low,23.27,False
5035-BVCXS,11,Month-to-month,Mailed check,75.9,866.4,No,0.39783347,Medium,47.02,False
6267-DCFFZ,30,Month-to-month,Electronic check,90.05,2627.2,No,0.55818444,Medium,61.82,True
3533-UVMOM,68,Two year,Bank transfer (automatic),70.95,4741.45,No,0.025441378,Low,19.71,False
2439-LYPMQ,38,Month-to-month,Electronic check,102.6,4009.2,No,0.57617474,Medium,66.25,True
4248-QPAVC,17,Month-to-month,Bank transfer (automatic),85.35,1463.45,Yes,0.46219426,Medium,53.92,False
1899-VXWXM,48,One year,Credit card (automatic),106.1,5082.8,Yes,0.33278808,Medium,50.1,True
1478-VPOAD,1,Month-to-month,Electronic check,43.8,43.8,No,0.45209533,Medium,42.71,False
9995-HOTOH,63,Two year,Electronic check,59.0,3707.6,No,0.03669045,Low,17.47,False
2988-PLAHS,3,One year,Electronic check,69.95,220.45,No,0.2826282,Low,37.46,False
1371-OJCEK,48,One year,Bank transfer (automatic),24.35,1133.7,No,0.033852246,Low,8.52,False
4999-IEZLT,66,One year,Credit card (automatic),29.45,1983.15,No,0.019267278,Low,8.79,False
8883-ANODQ,68,Two year,Credit card (automatic),84.4,5746.75,No,0.051342245,Low,24.92,False
4690-LLKUA,17,Month-to-month,Electronic check,45.05,770.6,Yes,0.37087563,Medium,37.34,False
2351-RRBUE,7,One year,Mailed check,20.65,134.05,No,0.028523484,Low,7.21,False
5980-BDHPY,72,Two year,Bank transfer (automatic),87.1,6230.1,No,0.0057064863,Low,22.4,False
1498-DQNRX,29,Month-to-month,Mailed check,19.85,573.05,No,0.055010792,Low,8.87,False
9469-WEJBT,37,Month-to-month,Electronic check,90.35,3419.3,No,0.23201546,Low,39.07,True
3331-HQDTW,34,Month-to-month,Mailed check,109.8,3587.25,Yes,0.18898705,Low,40.97,True
9490-DFPMD,42,Month-to-month,Electronic check,84.65,3541.35,Yes,0.591596,Medium,62.8,False
2581-VKIRT,59,One year,Mailed check,65.5,3801.3,No,0.02044959,Low,17.98,False
5442-XSDCW,11,Month-to-month,Bank transfer (automatic),79.5,868.5,Yes,0.5340578,Medium,57.47,False
7426-WEIJX,60,Month-to-month,Electronic check,80.95,4859.1,No,0.23307641,Low,36.77,False
2851-MMUTZ,27,Month-to-month,Mailed check,56.15,1439.35,No,0.11273678,Low,22.08,False
3049-NDXFL,1,Month-to-month,Mailed check,85.8,85.8,Yes,0.84528786,High,80.85,False
8580-AECUZ,1,Month-to-month,Electronic check,79.1,79.1,Yes,0.88863426,High,82.19,False
3307-TLCUD,17,Month-to-month,Mailed check,34.4,592.75,No,0.18175659,Low,21.41,False
6625-FLENO,58,Two year,Mailed check,20.75,1185.95,No,0.020115681,Low,6.65,False
2967-MXRAV,1,One year,Mailed check,18.8,18.8,No,0.031542335,Low,6.96,False
7963-GQRMY,3,Month-to-month,Mailed check,44.3,134.5,Yes,0.35575256,Medium,36.09,False
8189-HBVRW,53,Month-to-month,Electronic check,90.8,4921.2,No,0.17836617,Low,35.42,True
4163-KIUHY,35,Month-to-month,Electronic check,25.6,901.25,No,0.08724266,Low,12.57,False
1228-FZFRV,50,Month-to-month,Credit card (automatic),105.95,5341.8,Yes,0.35643542,Medium,51.72,True
3500-NSDOA,68,Two year,Credit card (automatic),70.8,4859.95,No,0.034012694,Low,20.27,False
1171-TYKUR,47,Month-to-month,Electronic check,25.4,1139.2,No,0.09939991,Low,13.37,False
3761-FLYZI,65,Month-to-month,Bank transfer (automatic),108.8,7082.45,No,0.3247072,Medium,50.22,True
2058-DCJBE,5,Month-to-month,Electronic check,69.75,324.6,Yes,0.58681077,Medium,58.7,False
5364-XYIRR,51,Month-to-month,Electronic check,94.65,4812.75,Yes,0.6166149,High,67.07,True
4829-AUOAX,46,Month-to-month,Bank transfer (automatic),96.05,4399.5,Yes,0.33136955,Medium,47.46,True
1219-NNDDO,9,Month-to-month,Electronic check,76.85,663.55,No,0.6367644,High,63.99,False
8388-DMKAE,8,Two year,Mailed check,20.25,174.65,No,0.012528269,Low,5.99,False
4403-BWPAY,14,One year,Credit card (automatic),24.8,321.7,No,0.04673529,Low,9.54,False
9659-QEQSY,45,Month-to-month,Electronic check,115.65,5125.5,No,0.27036294,Low,48.14,True
5405-ZMYXQ,8,Month-to-month,Credit card (automatic),74.6,548.9,No,0.6370383,High,63.44,False
5047-LHVLY,1,Month-to-month,Mailed check,50.15,50.15,Yes,0.6983669,High,61.56,False
1442-OKRJE,66,One year,Bank transfer (automatic),103.15,7031.3,No,0.17063451,Low,38.0,True
4737-AQCPU,72,Two year,Credit card (automatic),72.1,5016.65,No,0.0064953403,Low,18.67,False
9158-VCTQB,41,Month-to-month,Bank transfer (automatic),113.6,4594.95,Yes,0.3563839,Medium,53.65,True
2808-CHTDM,23,Two year,Mailed check,25.1,611.45,No,0.0123184975,Low,7.2,False
6311-UEUME,29,Month-to-month,Electronic check,78.9,2384.15,Yes,0.5527023,Medium,58.62,False
0793-TWELN,4,Month-to-month,Electronic check,80.15,319.85,No,0.6123141,High,63.11,False
3283-WCWXT,6,Two year,Mailed check,25.4,153.3,No,0.015322347,Low,7.49,False
1060-ENTOF,67,One year,Credit card (automatic),105.4,7035.6,No,0.15780361,Low,37.67,True
0999-QXNSA,7,Month-to-month,Mailed check,45.75,344.2,No,0.31886056,Medium,33.88,False
5451-MHQOF,56,One year,Mailed check,24.45,1431.65,No,0.024596808,Low,7.9,False
4836-WNFNO,72,Two year,Credit card (automatic),25.0,1849.2,No,0.004099123,Low,6.6,False
9225-BZLNZ,72,Two year,Electronic check,85.25,6083.1,No,0.018952077,Low,22.86,False
0354-VXMJC,23,Two year,Credit card (automatic),19.6,426.65,No,0.009050558,Low,5.59,False
4422-QVIJA,35,Month-to-month,Mailed check,50.15,1655.35,No,0.086858414,Low,18.75,False
9365-SRSZE,27,Month-to-month,Electronic check,70.55,1943.9,No,0.35239825,Medium,42.49,False
6839-ITVZJ,26,Month-to-month,Electronic check,60.05,1616.15,Yes,0.18779318,Low,28.32,False
8332-OSJDW,12,One year,Mailed check,26.4,314.95,No,0.03416728,Low,9.06,False
4735-BJKOU,40,Two year,Mailed check,20.15,804.85,No,0.008838403,Low,5.71,False
0274-JKUJR,7,Month-to-month,Mailed check,58.85,465.7,No,0.19210133,Low,28.31,False
5740-YHGTW,70,Month-to-month,Credit card (automatic),97.55,6669.05,No,0.22267781,Low,40.23,True
8917-SZTTJ,60,Two year,Credit card (automatic),19.65,1161.75,No,0.01205964,Low,5.81,False
1696-MZVAU,39,One year,Credit card (automatic),25.25,947.75,No,0.07728362,Low,11.79,False
7359-WWYJV,72,Two year,Credit card (automatic),114.45,8375.05,No,0.018187497,Low,30.19,True
0375-HVGXO,1,Month-to-month,Electronic check,34.7,34.7,Yes,0.76411957,High,62.25,False
4906-ZHGPK,54,One year,Electronic check,70.7,3770.0,No,0.057005882,Low,21.85,False
8593-WHYHV,3,Month-to-month,Electronic check,85.3,264.8,Yes,0.82395875,High,79.23,False
3795-GWTRD,63,Two year,Credit card (automatic),75.55,4707.85,No,0.01033294,Low,19.81,False
1298-PHBTI,71,Two year,Electronic check,84.8,6152.4,No,0.03557587,Low,23.91,False
6223-DHJGV,42,One year,Mailed check,20.65,958.1,No,0.016379869,Low,6.36,False
6961-MJKBO,47,Two year,Bank transfer (automatic),20.45,943.0,No,0.009813787,Low,5.85,False
6097-EQISJ,66,One year,Credit card (automatic),102.45,6615.15,Yes,0.17125984,Low,37.87,True
4423-YLHDV,21,Month-to-month,Bank transfer (automatic),104.4,2200.25,Yes,0.674591,High,73.6,True
8158-WPEZG,11,Month-to-month,Electronic check,35.65,425.1,No,0.34978247,Medium,33.49,False
0107-YHINA,1,Month-to-month,Electronic check,99.75,99.75,Yes,0.92353696,High,89.85,True
4918-FYJNT,55,Month-to-month,Electronic check,90.45,5044.8,No,0.1629126,Low,34.25,True
0727-BNRLG,69,Two year,Credit card (automatic),97.65,6743.55,No,0.044713445,Low,27.8,True
4854-CIDCF,3,Month-to-month,Electronic check,73.85,196.4,No,0.5298364,Medium,55.75,False
8640-SDGKB,4,Month-to-month,Electronic check,74.4,299.7,Yes,0.3867608,Medium,45.87,False
3280-MRDOF,30,Two year,Credit card (automatic),69.1,2093.9,No,0.032775264,Low,19.75,False
6435-SRWBJ,5,Month-to-month,Electronic check,82.75,417.75,No,0.7487548,High,73.32,False
9964-WBQDJ,71,Two year,Credit card (automatic),24.4,1725.4,No,0.0056782584,Low,6.56,False
6303-KFWSL,29,One year,Electronic check,55.25,1620.2,No,0.15186664,Low,24.59,False
1702-CCFNJ,52,Month-to-month,Bank transfer (automatic),61.35,3169.55,No,0.08986909,Low,21.79,False
8932-CZHRQ,68,One year,Credit card (automatic),76.75,5233.25,No,0.10704193,Low,26.88,False
0386-CWRGM,46,Two year,Mailed check,19.4,967.85,No,0.014003126,Low,5.88,False
5515-RUGKN,8,Month-to-month,Credit card (automatic),54.75,438.05,No,0.28589362,Low,33.84,False
0404-AHASP,72,Two year,Credit card (automatic),19.7,1421.9,No,0.005095552,Low,5.33,False
7279-NMVJC,17,One year,Bank transfer (automatic),19.9,323.15,No,0.040031806,Low,7.83,False
2081-VEYEH,3,Month-to-month,Electronic check,107.95,318.6,No,0.554042,Medium,66.05,True
6407-UTSLV,2,Month-to-month,Bank transfer (automatic),83.8,163.7,No,0.723528,High,71.82,False
4116-TZAQJ,9,Month-to-month,Credit card (automatic),74.25,639.65,Yes,0.46033973,Medium,50.98,False
9060-HJJRW,51,One year,Credit card (automatic),56.4,2928.5,No,0.199741,Low,28.23,False
2587-YNLES,6,Two year,Mailed check,20.1,100.35,No,0.012722971,Low,5.97,False
7398-SKNQZ,3,Month-to-month,Electronic check,94.9,273.2,No,0.7880044,High,79.14,True
5935-FCCNB,17,Month-to-month,Electronic check,94.2,1608.15,No,0.68046457,High,71.43,True
1958-RNRKS,30,Month-to-month,Electronic check,49.9,1441.95,No,0.19102988,Low,25.98,False
5136-RGMZO,31,Month-to-month,Electronic check,71.05,2168.15,No,0.18264258,Low,30.73,False
8345-MVDYC,45,Two year,Bank transfer (automatic),81.65,3618.7,No,0.013672626,Low,21.58,False
8226-BXGES,64,One year,Bank transfer (automatic),89.45,5692.65,No,0.028616222,Low,24.6,False
3877-JRJIP,1,Month-to-month,Electronic check,59.85,59.85,Yes,0.79888177,High,71.04,False
8375-DKEBR,1,Month-to-month,Electronic check,69.6,69.6,Yes,0.8816349,High,79.3,False
9705-IOVQQ,61,One year,Electronic check,99.0,5969.3,No,0.15857862,Low,36.11,True
1015-OWJKI,1,Month-to-month,Mailed check,19.05,19.05,No,0.14725022,Low,15.12,False
7511-YMXVQ,9,Month-to-month,Electronic check,45.4,418.8,Yes,0.6387837,High,56.18,False
2040-XBAVJ,72,Two year,Bank transfer (automatic),114.45,8100.55,No,0.013044969,Low,29.83,True
7551-JOHTI,1,Month-to-month,Mailed check,19.5,19.5,Yes,0.34787264,Medium,29.28,False
8887-IPQNC,7,Month-to-month,Mailed check,44.25,313.45,No,0.2793961,Low,30.74,False
8646-JCOMS,66,One year,Bank transfer (automatic),90.55,6130.95,No,0.06195623,Low,27.21,True
9804-ICWBG,1,Month-to-month,Electronic check,69.9,69.9,Yes,0.83197874,High,75.9,False
1222-KJNZD,40,Month-to-month,Bank transfer (automatic),20.4,745.3,No,0.047982134,Low,8.51,False
0106-GHRQR,16,Month-to-month,Bank transfer (automatic),71.4,1212.1,No,0.24718219,Low,35.34,False
5318-IXUZF,2,Month-to-month,Bank transfer (automatic),87.15,183.75,Yes,0.7193142,High,72.37,False
3768-VHXQO,67,Two year,Credit card (automatic),24.85,1583.5,No,0.007363176,Low,6.79,False
8952-WCVCD,41,One year,Bank transfer (automatic),104.45,4162.05,No,0.32960677,Medium,49.46,True
2418-TPEUN,56,Two year,Credit card (automatic),19.8,1119.9,No,0.020301063,Low,6.42,False
3963-RYFNS,72,Two year,Bank transfer (automatic),116.45,8013.55,No,0.016144281,Low,30.55,True
3198-VELRD,3,Month-to-month,Bank transfer (automatic),84.75,264.85,Yes,0.80125976,High,77.5,False
8540-ZQGEA,54,Two year,Credit card (automatic),20.05,1102.4,No,0.0163283,Low,6.21,False
1320-REHCS,52,Month-to-month,Electronic check,110.75,5832.0,No,0.3812568,Medium,54.67,True
4137-JOPHL,50,Two year,Bank transfer (automatic),89.7,4304.5,No,0.03102312,Low,24.83,False
9436-ZBZCT,14,Month-to-month,Electronic check,89.95,1178.4,Yes,0.7234062,High,73.36,True
7801-CEDNV,27,One year,Credit card (automatic),48.7,1421.75,No,0.035490774,Low,14.79,False
2057-BOYKM,72,Two year,Bank transfer (automatic),96.6,6827.5,No,0.009148868,Low,25.04,True
3658-QQJYD,62,One year,Credit card (automatic),74.3,4698.05,No,0.08669969,Low,24.84,False
1803-BGNBD,12,Month-to-month,Electronic check,54.3,654.5,No,0.27220026,Low,32.77,False
0134-XWXCE,44,One year,Bank transfer (automatic),74.85,3268.05,No,0.12211233,Low,27.46,False
6950-TWMYB,54,Two year,Bank transfer (automatic),79.95,4362.05,No,0.027044743,Low,22.09,False
5848-FHRFC,68,Two year,Bank transfer (automatic),20.05,1386.9,No,0.007696514,Low,5.6,False
2243-FNMMI,20,Month-to-month,Mailed check,19.4,415.4,No,0.08392097,Low,10.78,False
2511-MORQY,50,One year,Bank transfer (automatic),54.9,2614.1,No,0.08214972,Low,19.62,False
5356-KZCKT,58,Two year,Credit card (automatic),24.45,1513.6,No,0.018612444,Low,7.48,False
9470-XCCEM,35,Month-to-month,Bank transfer (automatic),89.65,3161.6,No,0.3205231,Medium,45.09,False
6519-CFDBX,2,Month-to-month,Electronic check,45.4,80.95,No,0.6505607,High,57.01,False
3902-MIVLE,63,Two year,Mailed check,75.7,4676.7,No,0.011215069,Low,19.91,False
0409-WTMPL,58,One year,Credit card (automatic),110.65,6526.65,No,0.1881836,Low,41.13,True
8763-KIAFH,27,One year,Mailed check,20.55,583.3,No,0.0153728165,Low,6.27,False
3669-WHAFY,71,Two year,Credit card (automatic),115.15,8078.1,No,0.014266208,Low,30.09,True
3055-VTCGS,63,One year,Credit card (automatic),58.55,3503.5,No,0.063954,Low,19.27,False
3144-KMTWZ,71,Month-to-month,Bank transfer (automatic),93.25,6669.45,No,0.14245705,Low,33.53,True
7279-BUYWN,41,Month-to-month,Electronic check,113.2,4689.5,Yes,0.43905795,Medium,59.33,True
7156-MHUGY,13,Month-to-month,Electronic check,90.5,1201.15,Yes,0.7273314,High,73.78,True
7198-GLXTC,2,Month-to-month,Electronic check,79.0,143.65,Yes,0.6704509,High,66.89,False
2007-QVGAW,68,Two year,Bank transfer (automatic),19.35,1292.65,No,0.017666578,Low,6.13,False
5207-PLSTK,1,Month-to-month,Mailed check,48.75,48.75,No,0.47049502,Medium,45.25,False
2307-FYNNL,65,Two year,Electronic check,109.05,7108.2,No,0.26477864,Low,46.08,True
5605-XNWEN,72,Two year,Bank transfer (automatic),25.0,1802.55,No,0.007464232,Low,6.84,False
2155-AMQRX,28,Month-to-month,Credit card (automatic),54.9,1505.15,No,0.1445363,Low,23.99,False
6181-AXXYF,72,Two year,Credit card (automatic),24.75,1859.1,No,0.0037541275,Low,6.52,False
5091-HFAZW,2,Month-to-month,Electronic check,91.15,168.5,No,0.6026544,High,65.21,True
0516-VRYBW,18,One year,Bank transfer (automatic),20.15,390.85,Yes,0.037962746,Low,7.75,False
2519-LBNQL,60,One year,Electronic check,104.35,6339.45,No,0.33048555,Medium,49.5,True
8623-ULFNQ,26,Month-to-month,Electronic check,66.05,1652.4,No,0.21414158,Low,31.68,False
8380-PEFPE,1,Month-to-month,Electronic check,71.65,71.65,Yes,0.7801575,High,72.71,False
5687-DKDTV,4,Month-to-month,Mailed check,20.35,77.5,Yes,0.102959916,Low,12.35,False
1568-LJSZU,68,Two year,Credit card (automatic),92.2,6392.85,No,0.019290866,Low,24.64,True
7530-HDYDS,38,Month-to-month,Credit card (automatic),84.25,3264.5,Yes,0.32484096,Medium,44.02,False
7789-HKSBS,42,One year,Bank transfer (automatic),105.2,4599.15,No,0.40012646,Medium,54.59,True
7416-CKTEP,57,Two year,Bank transfer (automatic),19.6,1134.25,No,0.03092901,Low,7.12,False
2586-CWXVV,54,Month-to-month,Electronic check,30.4,1621.35,No,0.21352461,Low,22.63,False
3096-IZETN,12,Month-to-month,Bank transfer (automatic),78.1,947.3,Yes,0.43775153,Medium,50.37,False
2348-KCJLT,44,One year,Mailed check,61.5,2722.2,No,0.059421584,Low,19.7,False
8401-EMUWF,42,Month-to-month,Bank transfer (automatic),69.4,3058.3,No,0.114757486,Low,25.57,False
4193-IBKSW,72,Two year,Bank transfer (automatic),24.75,1769.6,No,0.0044744485,Low,6.57,False
5377-NDTOU,71,Two year,Mailed check,91.05,6293.75,No,0.006117546,Low,23.43,True
5922-ABDVO,19,Month-to-month,Mailed check,89.65,1761.05,Yes,0.32084662,Medium,45.11,False
2474-LCNUE,23,Month-to-month,Credit card (automatic),73.65,1642.75,No,0.1271518,Low,27.51,False
0839-QNXME,30,Two year,Credit card (automatic),19.4,578.5,No,0.012920315,Low,5.81,False
3506-OVLKD,35,One year,Bank transfer (automatic),26.2,954.9,No,0.03413534,Low,9.01,False
9172-ANCRX,10,Month-to-month,Electronic check,98.7,973.25,Yes,0.86958426,High,85.81,True
6650-VJONK,1,Month-to-month,Bank transfer (automatic),43.85,43.85,No,0.5272046,Medium,47.98,False
2178-PMGCJ,22,Month-to-month,Mailed check,69.7,1490.4,No,0.32788956,Medium,40.56,False
7492-TAFJD,7,Two year,Mailed check,38.55,280.0,No,0.024364268,Low,11.44,False
2773-MADBQ,36,Two year,Mailed check,53.1,1901.25,No,0.014721516,Low,14.45,False
6016-LVTJQ,34,Month-to-month,Mailed check,20.65,716.4,No,0.03569681,Low,7.72,False
7860-KSUGX,72,Two year,Credit card (automatic),64.45,4720.0,No,0.0074771303,Low,16.81,False
8966-KZXXA,36,Two year,Credit card (automatic),25.1,930.95,No,0.009579157,Low,7.01,False
6910-HADCM,1,Month-to-month,Electronic check,76.35,76.35,Yes,0.8123754,High,76.15,False
4816-LXZYW,23,Month-to-month,Electronic check,79.15,1676.95,Yes,0.5309916,Medium,57.17,False
9606-PBKBQ,32,Month-to-month,Electronic check,85.0,2642.05,Yes,0.6386721,High,66.18,False
5149-QYTTU,71,One year,Credit card (automatic),95.15,6770.85,No,0.017947216,Low,25.29,True
2070-XYMFH,23,Month-to-month,Mailed check,79.35,1835.3,No,0.369469,Medium,45.91,False
2085-BOJKI,17,One year,Bank transfer (automatic),96.65,1588.25,No,0.29259646,Low,44.9,True
0817-HSUSE,1,Month-to-month,Electronic check,75.5,75.5,No,0.45896068,Medium,51.2,False
5442-PPTJY,12,Two year,Mailed check,19.7,258.35,No,0.016018668,Low,6.1,False
1927-QEWMY,72,Two year,Credit card (automatic),20.5,1502.25,No,0.0032912397,Low,5.41,False
1663-MHLHE,1,Month-to-month,Mailed check,19.2,19.2,No,0.13646074,Low,14.4,False
5663-QBGIS,72,Two year,Bank transfer (automatic),98.35,6929.4,No,0.062083285,Low,29.19,True
4450-MDZFX,60,Month-to-month,Bank transfer (automatic),74.35,4453.3,No,0.12832935,Low,27.77,False
6701-DHKWQ,61,Two year,Credit card (automatic),51.35,3244.4,No,0.022541853,Low,14.55,False
7554-AKDQF,6,Month-to-month,Mailed check,45.65,323.45,No,0.24462837,Low,28.66,False
3536-IQCTX,32,Month-to-month,Electronic check,85.3,2661.1,Yes,0.59307164,Medium,63.06,False
4911-BANWH,31,Month-to-month,Credit card (automatic),86.55,2697.4,Yes,0.43202284,Medium,52.11,False
8496-EJAUI,19,Month-to-month,Credit card (automatic),73.85,1424.5,Yes,0.4009465,Medium,46.72,False
0794-YVSGE,72,Two year,Bank transfer (automatic),20.3,1401.15,No,0.0037386245,Low,5.39,False
5423-BHIXO,32,Month-to-month,Electronic check,54.2,1739.6,No,0.2300813,Low,29.8,False
6908-VVYHM,65,Month-to-month,Electronic check,90.65,5931.0,No,0.330933,Medium,46.07,True
2959-EEXWB,45,Month-to-month,Bank transfer (automatic),50.9,2333.85,No,0.14346874,Low,22.9,False
1839-UMACK,42,One year,Electronic check,25.05,949.85,No,0.039885595,Low,9.12,False
3030-YDNRM,8,Month-to-month,Electronic check,74.85,572.45,No,0.71963775,High,69.28,False
7321-KKSDU,32,Two year,Mailed check,20.5,696.8,No,0.007894561,Low,5.73,False
3402-XRIUO,22,Month-to-month,Mailed check,63.55,1381.8,No,0.1580834,Low,27.12,False
3132-TVFDZ,57,Month-to-month,Electronic check,44.85,2572.95,Yes,0.5049509,Medium,46.68,False
8286-AFUYI,1,Month-to-month,Electronic check,47.95,47.95,No,0.45029104,Medium,43.63,False
8080-DDEMJ,1,Month-to-month,Electronic check,45.1,45.1,Yes,0.67010146,High,58.3,False
8356-WUAOJ,1,Month-to-month,Electronic check,45.0,45.0,No,0.56006,Medium,50.57,False
6365-MTGZX,24,Month-to-month,Electronic check,96.0,2122.45,Yes,0.46199167,Medium,56.59,True
1349-WXNGG,1,Month-to-month,Bank transfer (automatic),20.05,20.05,Yes,0.34065655,Medium,28.91,False
8058-DMYRU,54,Month-to-month,Electronic check,90.05,4931.8,No,0.44538862,Medium,53.93,True
9350-ZXYJC,4,Two year,Credit card (automatic),25.3,116.95,No,0.02087935,Low,7.85,False
6990-YNRIO,65,Two year,Bank transfer (automatic),108.65,6937.95,Yes,0.24530773,Low,44.62,True
8958-JPTRR,56,One year,Electronic check,24.3,1261.7,No,0.04727533,Low,9.45,False
6959-GQEGV,45,Month-to-month,Electronic check,75.95,3273.8,No,0.12610546,Low,28.01,False
3173-WSSUE,71,Two year,Credit card (automatic),19.7,1415.85,No,0.004980268,Low,5.33,False
1265-HVPZB,59,One year,Credit card (automatic),66.4,3958.2,No,0.03532377,Low,19.25,False
4115-UMJFQ,69,One year,Bank transfer (automatic),35.75,2492.25,No,0.07124239,Low,14.02,False
7369-TRPFD,19,One year,Mailed check,18.8,279.2,No,0.010954662,Low,5.52,False
1098-KFQEC,55,Two year,Credit card (automatic),19.4,1083.0,No,0.022370897,Low,6.47,False
7190-XHTWJ,38,One year,Mailed check,19.3,755.5,No,0.016022747,Low,6.0,False
0621-TWIEM,10,Month-to-month,Electronic check,45.55,402.6,Yes,0.40606272,Medium,39.93,False
3537-RYBHH,47,Month-to-month,Credit card (automatic),67.45,3252.0,No,0.20241469,Low,31.21,False
2485-ITVKB,2,Month-to-month,Electronic check,35.1,68.75,Yes,0.792177,High,64.32,False
3669-OYSJI,1,Month-to-month,Credit card (automatic),46.2,46.2,Yes,0.51306033,Medium,47.59,False
1612-EOHDH,1,Month-to-month,Electronic check,45.15,45.15,Yes,0.5526886,Medium,50.09,False
6702-OHFWR,1,Month-to-month,Electronic check,43.3,43.3,Yes,0.8640915,High,71.43,False
5296-BFCYD,46,Two year,Mailed check,20.1,936.85,No,0.008317583,Low,5.66,False
4510-PYUSH,38,Month-to-month,Credit card (automatic),57.15,2250.65,Yes,0.19336495,Low,27.97,False
9359-JANWS,65,Two year,Credit card (automatic),58.9,3857.1,No,0.011428355,Low,15.68,False
7517-SAWMO,19,Month-to-month,Electronic check,73.2,1441.1,Yes,0.3947821,Medium,46.13,False
4143-HHPMK,52,Month-to-month,Electronic check,85.35,4338.6,Yes,0.3587306,Medium,46.67,False
3279-DYZQM,71,Two year,Mailed check,19.45,1378.45,No,0.0073701576,Low,5.43,False
7054-LGEQW,1,Month-to-month,Mailed check,45.95,45.95,Yes,0.49220267,Medium,46.06,False
0523-VNGTF,52,Month-to-month,Electronic check,50.5,2566.3,No,0.26001194,Low,30.96,False
9575-IWCAZ,6,One year,Mailed check,25.1,171.0,No,0.043947812,Low,9.42,False
7105-MXJLL,26,One year,Mailed check,60.7,1597.4,No,0.109771065,Low,23.02,False
7064-FRRSW,48,One year,Electronic check,99.0,4744.35,No,0.33828372,Medium,48.69,True
7940-UQQUG,64,One year,Bank transfer (automatic),104.4,6721.6,No,0.08967076,Low,32.65,True
0923-PNFUB,3,Month-to-month,Electronic check,83.75,247.25,Yes,0.51878965,Medium,57.47,False
3961-SXAXY,1,Month-to-month,Bank transfer (automatic),44.05,44.05,No,0.5272046,Medium,48.03,False
7010-BRBUU,72,Two year,Credit card (automatic),24.1,1734.65,No,0.004268194,Low,6.39,False
3566-HJGPK,1,Month-to-month,Mailed check,45.55,45.55,No,0.57595545,Medium,51.82,False
3062-ICYZQ,51,Month-to-month,Electronic check,93.8,4539.35,No,0.2538089,Low,41.46,True
9938-PRCVK,41,Two year,Bank transfer (automatic),19.7,804.25,No,0.012124338,Low,5.83,False
0973-KYVNF,72,Two year,Credit card (automatic),70.65,5011.15,No,0.00832836,Low,18.43,False
5129-HHMZC,43,Two year,Credit card (automatic),86.45,3574.5,No,0.015286459,Low,22.91,False
9637-CDTKZ,72,Two year,Credit card (automatic),114.1,8086.4,No,0.010679999,Low,29.57,True
3946-JEWRQ,47,One year,Credit card (automatic),95.2,4563.0,No,0.31553245,Medium,46.14,True
7873-CVMAW,72,Two year,Credit card (automatic),88.55,6362.35,No,0.0047513717,Low,22.7,False
0463-WZZKO,3,Month-to-month,Credit card (automatic),20.75,67.1,No,0.12839486,Low,14.23,False
3494-JCHRQ,1,Month-to-month,Electronic check,70.05,70.05,Yes,0.83197874,High,75.94,False
6474-FVJLC,2,Month-to-month,Electronic check,86.0,165.45,Yes,0.8441618,High,80.82,False
4524-QCSSM,26,Month-to-month,Bank transfer (automatic),44.65,1156.55,No,0.25597996,Low,29.2,False
5832-EXGTT,29,Month-to-month,Mailed check,60.2,1834.15,No,0.09234013,Low,21.67,False
8840-DQLGN,35,Month-to-month,Bank transfer (automatic),100.5,3653.35,Yes,0.23042491,Low,41.52,True
2039-JONDJ,27,One year,Bank transfer (automatic),55.45,1477.65,No,0.036306456,Low,16.55,False
7217-JYHOQ,24,Month-to-month,Credit card (automatic),70.3,1706.45,No,0.054607168,Low,21.58,False
6695-FRVEC,67,Two year,Bank transfer (automatic),60.4,3953.7,No,0.0076329466,Low,15.79,False
4547-LYTDD,16,Month-to-month,Electronic check,72.65,1194.3,Yes,0.47907057,Medium,51.89,False
9894-QMIMJ,23,One year,Bank transfer (automatic),55.8,1327.85,No,0.068712264,Low,18.91,False
8069-YQQAJ,14,Month-to-month,Mailed check,31.1,419.7,No,0.28277254,Low,27.65,False
6770-XUAGN,1,Month-to-month,Electronic check,21.0,21.0,Yes,0.47123396,Medium,38.29,False
4193-ORFCL,1,Month-to-month,Mailed check,45.1,45.1,Yes,0.6433808,High,56.43,False
1636-NTNCO,4,Month-to-month,Credit card (automatic),50.95,207.35,No,0.54656553,Medium,51.13,False
3466-WAESX,16,Month-to-month,Electronic check,69.1,1083.7,No,0.2425571,Low,34.44,False
9281-PKKZE,46,Month-to-month,Electronic check,43.95,2007.85,No,0.28477636,Low,31.04,False
3638-VBZTA,68,Two year,Bank transfer (automatic),86.5,5882.75,No,0.021428885,Low,23.35,False
7459-IMVYU,38,Month-to-month,Electronic check,69.95,2657.55,No,0.10615348,Low,25.1,False
7776-QWNFX,30,Month-to-month,Bank transfer (automatic),50.4,1527.5,Yes,0.17012024,Low,24.64,False
6689-TCZHQ,5,Month-to-month,Electronic check,78.95,378.4,Yes,0.6585546,High,66.04,False
8563-OYMQY,17,Month-to-month,Credit card (automatic),90.95,1612.2,No,0.3333091,Medium,46.31,True
0754-EEBDC,4,Two year,Mailed check,19.9,76.65,No,0.01229924,Low,5.89,False
5777-ZPQNC,12,One year,Electronic check,20.15,260.7,No,0.035711188,Low,7.59,False
1951-IEYXM,72,Two year,Credit card (automatic),90.6,6441.85,No,0.0050058174,Low,23.24,True
3318-NMQXL,3,Month-to-month,Electronic check,92.0,266.8,No,0.7313461,High,74.44,True
3143-ILDAL,56,Month-to-month,Electronic check,94.45,5124.6,Yes,0.28157178,Low,43.57,True
1022-RKXDR,41,One year,Mailed check,24.85,962.25,No,0.03112652,Low,8.46,False
2361-FJWNO,40,One year,Credit card (automatic),36.0,1382.9,No,0.05880949,Low,13.21,False
2272-UOINI,7,Month-to-month,Electronic check,78.5,571.05,No,0.238005,Low,36.49,False
8232-UTFOZ,69,Two year,Credit card (automatic),19.95,1399.35,No,0.0065200925,Low,5.5,False
3750-YHRYO,7,One year,Mailed check,20.65,150.0,No,0.026557488,Low,7.08,False
6637-KYRCV,5,Month-to-month,Electronic check,30.5,167.2,No,0.48919386,Medium,41.95,False
5668-MEISB,72,Two year,Credit card (automatic),106.1,7657.4,No,0.009981912,Low,27.5,True
0129-QMPDR,44,One year,Bank transfer (automatic),20.5,865.05,No,0.019379415,Low,6.54,False
7188-CBBBA,65,One year,Electronic check,95.5,6153.85,No,0.17781812,Low,36.57,True
5356-CSVSQ,3,Month-to-month,Electronic check,64.6,174.2,No,0.4156569,Medium,45.42,False
3221-CJMSG,24,Month-to-month,Credit card (automatic),51.1,1269.6,No,0.074442446,Low,18.12,False
4720-VSTSI,44,Month-to-month,Bank transfer (automatic),84.8,3862.55,Yes,0.29222295,Low,41.88,False
3219-JQRSL,72,Two year,Credit card (automatic),89.1,6352.4,No,0.0061298683,Low,22.94,False
2801-NISEI,24,Month-to-month,Electronic check,54.95,1348.5,No,0.124196716,Low,22.58,False
3946-MHCZW,1,Month-to-month,Mailed check,50.9,50.9,Yes,0.5659529,Medium,52.48,False
4623-ZKHLY,22,Month-to-month,Bank transfer (automatic),20.45,471.55,No,0.060664505,Low,9.41,False
6732-VAILE,70,Two year,Credit card (automatic),85.95,5931.75,No,0.02638541,Low,23.56,False
8201-AAXCB,25,Month-to-month,Electronic check,60.35,1404.65,No,0.22050434,Low,30.68,False
7696-CFTAT,37,Two year,Bank transfer (automatic),19.8,726.1,No,0.014636252,Low,6.03,False
1845-CSBRZ,22,Month-to-month,Bank transfer (automatic),85.35,1961.6,No,0.35515094,Medium,46.42,False
2123-VSCOT,59,Two year,Bank transfer (automatic),72.1,4194.85,No,0.022534676,Low,19.79,False
6651-AZVTJ,49,Month-to-month,Electronic check,99.8,4872.45,Yes,0.6616386,High,71.53,True
4566-GOLUK,47,Month-to-month,Bank transfer (automatic),107.35,5118.95,Yes,0.4748377,Medium,60.36,True
2484-DGXPZ,31,Month-to-month,Mailed check,19.55,658.95,Yes,0.09673908,Low,11.71,False
2018-QKYGT,1,Month-to-month,Electronic check,81.05,81.05,No,0.81755215,High,77.7,False
2792-VPPET,3,Month-to-month,Electronic check,20.5,76.95,No,0.17351347,Low,17.32,False
7409-JURKQ,53,One year,Bank transfer (automatic),111.8,5809.75,No,0.18440652,Low,41.15,True
3247-MHJKM,1,Month-to-month,Mailed check,20.2,20.2,No,0.35319927,Medium,29.83,False
1964-SVLEA,20,One year,Mailed check,19.7,415.9,No,0.025736963,Low,6.78,False
4587-NUKOX,3,Month-to-month,Electronic check,79.1,246.5,Yes,0.5283391,Medium,56.97,False
7297-DVYGA,51,One year,Bank transfer (automatic),19.85,996.95,No,0.02743535,Low,6.94,False
2239-CGBUZ,51,One year,Bank transfer (automatic),60.5,3145.15,No,0.049141116,Low,18.72,False
0854-UYHZD,13,Two year,Mailed check,19.55,265.3,No,0.015179081,Low,6.0,False
7243-LCGGZ,1,Month-to-month,Mailed check,20.9,20.9,No,0.40265685,Medium,33.47,False
8267-KFGYD,1,Month-to-month,Mailed check,21.05,21.05,No,0.28845835,Low,25.51,False
4890-VMUAV,63,One year,Electronic check,71.5,4576.3,No,0.053985465,Low,21.84,False
9261-WDCAF,3,Month-to-month,Mailed check,54.65,189.1,No,0.38853237,Medium,41.0,False
3764-MNMOI,46,Two year,Credit card (automatic),19.2,908.15,No,0.0054877284,Low,5.23,False
7442-YGZFK,1,Month-to-month,Credit card (automatic),49.8,49.8,No,0.62193304,High,56.12,False
0420-BWTPW,8,Month-to-month,Mailed check,25.5,215.2,Yes,0.24731751,Low,23.75,False
8229-BUJHX,71,Two year,Bank transfer (automatic),20.5,1500.95,No,0.0040103295,Low,5.46,False
7449-HVPIV,55,Month-to-month,Credit card (automatic),90.4,5099.15,No,0.2418684,Low,39.77,True
5504-WSIUR,70,One year,Bank transfer (automatic),90.25,6385.95,No,0.05410454,Low,26.59,True
8183-ONMXC,2,Month-to-month,Electronic check,80.75,159.45,Yes,0.64874405,High,65.81,False
8466-PZBLH,67,Two year,Bank transfer (automatic),104.6,6885.75,No,0.115973845,Low,34.54,True
9614-RMGHA,65,Month-to-month,Bank transfer (automatic),91.85,5940.85,Yes,0.25331125,Low,40.94,True
8735-IJJEG,14,Month-to-month,Credit card (automatic),50.2,668.85,No,0.17375934,Low,24.85,False
0564-MUUQK,20,Month-to-month,Bank transfer (automatic),95.5,1916.2,No,0.3038072,Medium,45.39,True
5054-IEXZT,1,Month-to-month,Electronic check,75.35,75.35,Yes,0.8015392,High,75.14,False
5834-ASPWA,1,Month-to-month,Electronic check,75.45,75.45,Yes,0.8927434,High,81.55,False
0701-RFGFI,49,Month-to-month,Bank transfer (automatic),95.4,4613.95,No,0.3919999,Medium,51.54,True
0019-EFAEP,72,Two year,Bank transfer (automatic),101.3,7261.25,No,0.013073823,Low,26.51,True
5619-PTMIK,46,Month-to-month,Electronic check,53.1,2459.8,No,0.20538534,Low,27.79,False
3737-XBQDD,24,Month-to-month,Bank transfer (automatic),84.85,2048.8,No,0.3737027,Medium,47.59,False
5882-CMAZQ,5,Month-to-month,Electronic check,34.25,163.55,No,0.30016205,Medium,29.66,False
5846-QFDFI,33,Month-to-month,Credit card (automatic),88.6,2888.7,No,0.18608353,Low,35.41,False
4445-KWOKW,42,One year,Bank transfer (automatic),60.15,2421.6,No,0.076339215,Low,20.54,False
3511-APPBJ,23,One year,Credit card (automatic),99.95,2292.75,No,0.2956658,Low,45.95,True
7967-HYCDE,8,Month-to-month,Bank transfer (automatic),70.7,553.4,No,0.40545335,Medium,46.24,False
2430-RRYUW,66,One year,Mailed check,54.8,3465.7,No,0.019142954,Low,15.18,False
3948-XHGNA,24,Month-to-month,Bank transfer (automatic),49.55,1210.4,Yes,0.17406936,Low,24.7,False
3723-BFBGR,24,Month-to-month,Credit card (automatic),54.8,1291.3,No,0.14882849,Low,24.26,False
0565-IYCGT,69,One year,Credit card (automatic),78.6,5356.45,Yes,0.15616189,Low,30.79,False
5447-WZAFP,53,One year,Mailed check,100.3,5200.8,No,0.19905172,Low,39.27,True
5110-CHOPY,60,Two year,Electronic check,53.6,3237.05,No,0.08858669,Low,19.74,False
5445-UTODQ,7,Month-to-month,Electronic check,81.1,576.65,Yes,0.6754397,High,67.77,False
4425-OWHWB,20,One year,Credit card (automatic),19.35,433.75,No,0.032370407,Low,7.15,False
7892-QVYKW,23,Month-to-month,Electronic check,85.6,1868.4,No,0.38090983,Medium,48.29,False
9675-ICXCT,72,Two year,Electronic check,80.8,5728.55,No,0.012648873,Low,21.3,False
1024-VRZHF,11,Month-to-month,Electronic check,74.95,825.7,Yes,0.65941125,High,65.09,False
4703-MQYKT,21,Two year,Mailed check,19.6,390.4,No,0.016172443,Low,6.08,False
9497-QCMMS,1,Month-to-month,Electronic check,93.55,93.55,Yes,0.94254744,High,89.61,True
5692-ICXLW,31,Month-to-month,Electronic check,90.7,2845.15,No,0.53941953,Medium,60.67,True
0602-DDUML,57,Two year,Mailed check,69.75,3894.4,No,0.014104155,Low,18.61,False
2208-MPXIO,45,Two year,Bank transfer (automatic),20.0,886.4,No,0.009471204,Low,5.72,False
1960-UYCNN,10,Month-to-month,Electronic check,95.25,1021.55,No,0.71687543,High,74.24,True
0348-SDKOL,58,Month-to-month,Credit card (automatic),102.1,5885.4,Yes,0.32000384,Medium,48.19,True
3190-FZATL,14,Month-to-month,Mailed check,19.95,268.4,No,0.07819317,Low,10.51,False
7336-RLLRH,27,One year,Mailed check,80.85,2204.35,No,0.06911149,Low,25.26,False
4373-MAVJG,14,Month-to-month,Bank transfer (automatic),90.9,1259.0,Yes,0.48856765,Medium,57.16,True
8901-HJXTF,12,Month-to-month,Mailed check,29.2,309.1,Yes,0.18089603,Low,20.04,False
7710-JSYOA,69,Two year,Bank transfer (automatic),93.3,6398.05,No,0.027574234,Low,25.5,True
5419-KLXBN,25,Month-to-month,Bank transfer (automatic),89.15,2257.75,Yes,0.35526332,Medium,47.39,False
3424-NMNBO,58,One year,Electronic check,108.85,6287.25,Yes,0.44364935,Medium,58.55,True
9885-MFVSU,35,Two year,Credit card (automatic),46.35,1662.05,No,0.014238587,Low,12.71,False
4514-GFCFI,16,Month-to-month,Electronic check,84.75,1350.15,Yes,0.6816319,High,69.12,False
0607-MVMGC,45,One year,Credit card (automatic),78.75,3600.65,No,0.100250706,Low,26.91,False
3365-SAIGS,17,Month-to-month,Electronic check,83.55,1329.15,No,0.52435875,Medium,57.81,False
9828-AOQLM,1,Month-to-month,Electronic check,45.7,45.7,Yes,0.655031,High,57.4,False
8022-BECSI,22,One year,Mailed check,19.6,422.5,No,0.022721633,Low,6.54,False
8000-REIQB,1,Month-to-month,Electronic check,69.95,69.95,Yes,0.8543255,High,77.47,False
9993-LHIEB,67,Two year,Mailed check,67.85,4627.65,No,0.016596952,Low,18.3,False
0266-CLZKZ,67,Two year,Bank transfer (automatic),105.65,6717.9,No,0.09559172,Low,33.38,True
7615-ESMYF,2,Month-to-month,Electronic check,44.6,97.1,Yes,0.6501007,High,56.77,False
3858-VOBET,23,Month-to-month,Electronic check,74.95,1710.45,Yes,0.5034974,Medium,54.18,False
7020-OZKXZ,9,Month-to-month,Credit card (automatic),75.5,637.4,No,0.3747969,Medium,45.31,False
3977-QCRSL,5,Month-to-month,Mailed check,20.15,117.95,No,0.11222719,Low,12.95,False
0017-DINOC,54,Two year,Credit card (automatic),45.2,2460.55,No,0.027167115,Low,13.32,False
1447-PJGGA,57,Two year,Electronic check,95.25,5464.65,Yes,0.15522678,Low,34.93,True
8565-CLBZW,24,Month-to-month,Mailed check,89.85,2165.05,Yes,0.40492517,Medium,51.04,True
9139-WQQDY,49,One year,Mailed check,100.45,4941.8,Yes,0.14206561,Low,35.32,True
0224-HJAPT,5,Month-to-month,Electronic check,47.15,223.15,Yes,0.56068885,Medium,51.16,False
8086-OVPWV,2,Month-to-month,Electronic check,80.2,181.1,Yes,0.73880154,High,71.98,False
9430-FRQOC,4,Month-to-month,Mailed check,87.1,341.45,Yes,0.75405276,High,74.79,False
7639-OPLNG,70,Two year,Bank transfer (automatic),79.25,5731.85,No,0.027537046,Low,21.95,False
3074-GQWYX,5,Month-to-month,Bank transfer (automatic),75.9,357.75,Yes,0.6583781,High,65.26,False
1492-QGCLU,53,Month-to-month,Electronic check,85.7,4616.1,No,0.17023353,Low,33.57,False
6845-RGTYS,47,Month-to-month,Electronic check,98.75,4533.7,Yes,0.3712248,Medium,50.93,True
7328-OWMOM,31,One year,Credit card (automatic),20.1,589.25,No,0.014940467,Low,6.12,False
4418-LZMSV,13,Month-to-month,Bank transfer (automatic),61.8,750.1,No,0.10169736,Low,22.73,False
5155-AZQPB,28,Month-to-month,Mailed check,49.9,1410.25,No,0.09860212,Low,19.51,False
8861-HGGKB,10,Month-to-month,Electronic check,86.45,830.85,Yes,0.6350833,High,66.3,False
1087-GRUYI,38,Two year,Bank transfer (automatic),20.4,743.5,No,0.010047193,Low,5.86,False
7065-YUNRY,1,Month-to-month,Mailed check,45.3,45.3,Yes,0.5744755,Medium,51.66,False
7694-VLBWQ,67,One year,Electronic check,104.1,7040.85,Yes,0.36561802,Medium,51.89,True
2546-KZAAT,52,One year,Mailed check,75.4,3865.45,No,0.05192509,Low,22.68,False
0181-RITDD,62,Two year,Mailed check,108.15,6825.65,No,0.054514248,Low,31.14,True
5989-PGKJB,16,Month-to-month,Electronic check,86.25,1340.1,No,0.51053643,Medium,57.53,False
4795-KTRTH,5,Month-to-month,Electronic check,81.0,371.65,Yes,0.78213006,High,75.21,False
8272-ONJLV,12,One year,Electronic check,95.7,1184.0,No,0.33747643,Medium,47.8,True
1488-PBLJN,72,Two year,Bank transfer (automatic),116.85,8477.7,No,0.018588055,Low,30.82,True
0308-GIQJT,71,One year,Bank transfer (automatic),105.75,7382.85,No,0.16767088,Low,38.45,True
3778-FOAQW,24,One year,Mailed check,20.15,456.85,No,0.017144145,Low,6.29,False
4452-ROHMO,15,Two year,Mailed check,19.6,331.6,No,0.017144402,Low,6.15,False
6481-OGDOO,67,One year,Credit card (automatic),90.6,6056.15,Yes,0.11067504,Low,30.64,True
3090-LETTY,2,Month-to-month,Bank transfer (automatic),60.95,134.6,No,0.20024467,Low,29.42,False
5349-AZPEW,5,Month-to-month,Mailed check,25.05,125.5,No,0.29617232,Low,27.06,False
3753-TSEMP,15,Month-to-month,Electronic check,88.15,1390.6,Yes,0.4182943,Medium,51.55,False
8305-VHZBZ,1,Month-to-month,Mailed check,20.2,20.2,Yes,0.4618026,Medium,37.43,False
9720-JJJOR,41,One year,Bank transfer (automatic),60.3,2511.3,No,0.07593434,Low,20.55,False
8100-HZZLJ,43,Month-to-month,Electronic check,63.95,2737.05,No,0.1775177,Low,28.58,False
8775-ERLNB,1,Month-to-month,Electronic check,74.3,74.3,No,0.8465682,High,78.03,False
8309-IEYJD,1,Month-to-month,Mailed check,70.6,70.6,No,0.79802036,High,73.7,False
9172-JITSM,26,Month-to-month,Electronic check,90.8,2361.8,Yes,0.5281401,Medium,59.91,True
6298-QDFNH,22,Month-to-month,Electronic check,79.35,1730.35,Yes,0.59832364,Medium,61.93,False
7398-HPYZQ,71,Two year,Bank transfer (automatic),90.55,6404.0,No,0.006467772,Low,23.33,True
3546-GHEAE,7,Two year,Mailed check,19.45,165.35,No,0.01587018,Low,6.02,False
7361-YPXFS,28,Month-to-month,Bank transfer (automatic),64.45,1867.6,No,0.10608208,Low,23.71,False
6557-BZXLQ,16,Month-to-month,Electronic check,69.65,1043.3,No,0.44496626,Medium,48.74,False
2550-QHZGP,7,One year,Mailed check,19.5,128.6,No,0.029591093,Low,7.0,False
7519-JTWQH,69,Two year,Bank transfer (automatic),110.5,7455.45,No,0.1343678,Low,37.32,True
2538-OIMXF,1,Month-to-month,Mailed check,24.7,24.7,No,0.4543752,Medium,38.05,False
8543-MSDMF,3,Month-to-month,Electronic check,77.4,206.15,No,0.44296205,Medium,50.56,False
9961-JBNMK,21,Month-to-month,Bank transfer (automatic),96.8,2030.3,Yes,0.51523674,Medium,60.52,True
1170-SASML,69,Month-to-month,Bank transfer (automatic),85.4,5869.4,No,0.2327917,Low,37.87,False
4872-JCVCA,71,Two year,Bank transfer (automatic),47.6,3377.8,No,0.008698308,Low,12.63,False
5346-BZCHP,69,Two year,Mailed check,19.4,1346.2,No,0.010502859,Low,5.64,False
2038-LLMLM,48,Month-to-month,Electronic check,103.85,4946.05,No,0.51430315,Medium,62.24,True
6173-ITPWD,47,Month-to-month,Bank transfer (automatic),83.35,4065.0,Yes,0.36218277,Medium,46.41,False
9734-UYXQI,2,Month-to-month,Electronic check,49.4,106.55,Yes,0.71547383,High,62.56,False
1216-BGTSP,45,Month-to-month,Credit card (automatic),108.45,4964.7,No,0.31251103,Medium,49.27,True
4138-NAXED,51,Month-to-month,Bank transfer (automatic),81.0,4085.75,No,0.19932333,Low,34.42,False
2189-UXTKY,22,Month-to-month,Electronic check,79.2,1742.75,Yes,0.30277383,Medium,41.2,False
0744-BIKKF,72,Two year,Bank transfer (automatic),86.65,6224.8,No,0.0053399624,Low,22.26,False
7483-IQWIB,37,Month-to-month,Electronic check,92.95,3415.25,No,0.36605573,Medium,49.11,True
5248-KWLAR,71,Two year,Electronic check,90.35,6325.25,No,0.010078287,Low,23.53,True
4958-GZWIY,7,Month-to-month,Electronic check,48.7,340.25,Yes,0.389074,Medium,39.54,False
7996-MHXLW,66,Two year,Credit card (automatic),25.15,1683.6,No,0.008102705,Low,6.92,False
7833-PKIHD,51,One year,Bank transfer (automatic),76.4,3966.3,No,0.05184512,Low,22.93,False
7061-OVMIM,30,One year,Bank transfer (automatic),19.55,608.5,No,0.024312686,Low,6.64,False
5153-RTHKF,34,Month-to-month,Electronic check,85.35,2896.6,No,0.49352476,Medium,56.11,False
1852-QSWCD,64,Two year,Mailed check,24.8,1514.85,No,0.008041745,Low,6.83,False
4832-VRBMR,65,One year,Bank transfer (automatic),103.15,6792.45,No,0.23982315,Low,42.85,True
9079-LWTFD,47,Month-to-month,Mailed check,100.75,4669.2,No,0.19637948,Low,39.2,True
6356-ELRKD,1,Month-to-month,Electronic check,95.6,95.6,Yes,0.86202025,High,84.49,True
8624-GIOUT,49,Month-to-month,Credit card (automatic),59.75,2934.3,Yes,0.15491608,Low,25.94,False
3392-EHMNK,67,Two year,Credit card (automatic),94.1,6302.8,No,0.043374386,Low,26.81,True
5986-WWXDV,39,One year,Bank transfer (automatic),19.35,779.2,No,0.030214194,Low,7.0,False
3061-BCKYI,14,Month-to-month,Mailed check,19.9,283.75,No,0.08667052,Low,11.09,False
6179-GJPSO,43,Month-to-month,Credit card (automatic),108.15,4600.7,Yes,0.4116417,Medium,56.14,True
7901-TBKJX,56,Month-to-month,Electronic check,101.05,5594.0,No,0.6459777,High,70.75,True
7228-PAQPD,14,One year,Credit card (automatic),59.1,772.85,No,0.1182493,Low,23.21,False
3177-LASXD,1,Month-to-month,Electronic check,71.35,71.35,Yes,0.7394748,High,69.79,False
7746-QYVCO,16,One year,Mailed check,55.85,857.8,No,0.05892942,Low,18.23,False
5804-HYIEZ,70,Month-to-month,Electronic check,106.05,7554.05,No,0.38992056,Medium,54.09,True
9919-FZDED,72,Two year,Credit card (automatic),84.1,5981.65,No,0.0135582015,Low,22.2,False
5934-TSSAU,23,Month-to-month,Credit card (automatic),75.3,1702.9,No,0.20224278,Low,33.18,False
3486-KHMLI,21,Month-to-month,Mailed check,24.7,467.15,No,0.06407939,Low,10.73,False
4897-QSUYC,1,Month-to-month,Mailed check,20.15,20.15,Yes,0.5132408,Medium,41.02,False
1084-UQCHV,1,Month-to-month,Bank transfer (automatic),69.75,69.75,Yes,0.771974,High,71.66,False
8290-YWKHZ,32,Month-to-month,Electronic check,93.2,2931.0,Yes,0.5671461,Medium,63.25,True
2955-BJZHG,17,Month-to-month,Electronic check,80.85,1400.85,Yes,0.36614695,Medium,46.06,False
3806-DXQOM,4,Month-to-month,Electronic check,33.65,137.85,Yes,0.4431617,Medium,39.52,False
6784-XYJAE,36,One year,Electronic check,55.8,1941.5,No,0.093691364,Low,20.66,False
3933-DQPWX,50,Two year,Credit card (automatic),39.7,1932.75,No,0.02283587,Low,11.63,False
6661-EIPZC,48,Month-to-month,Credit card (automatic),29.5,1423.05,No,0.09386523,Low,14.02,False
8957-THMOA,50,Two year,Credit card (automatic),20.15,970.85,No,0.009119918,Low,5.73,False
2251-PYLPB,72,Two year,Credit card (automatic),79.55,5810.9,No,0.006433736,Low,20.55,False
5555-RNPGT,10,Month-to-month,Credit card (automatic),24.8,223.9,No,0.08829478,Low,12.45,False
1057-FOGLZ,18,Month-to-month,Mailed check,19.65,391.7,No,0.08381657,Low,10.83,False
9300-RENDD,1,Month-to-month,Electronic check,79.95,79.95,Yes,0.8701506,High,81.11,False
0761-AETCS,1,Month-to-month,Electronic check,19.3,19.3,Yes,0.27714792,Low,24.28,False
8087-LGYHQ,9,Month-to-month,Electronic check,94.05,811.65,No,0.6989457,High,72.69,True
4137-BTIKL,2,Month-to-month,Mailed check,90.75,174.75,No,0.51836854,Medium,59.21,True
2190-BCXEC,40,Month-to-month,Credit card (automatic),78.85,3126.85,No,0.32674745,Medium,42.79,False
6227-FBDXH,69,One year,Bank transfer (automatic),99.5,6841.45,No,0.20374858,Low,39.4,True
2153-MREFK,37,One year,Electronic check,99.2,3754.6,Yes,0.24144089,Low,41.96,True
2911-WDXMV,18,Month-to-month,Credit card (automatic),80.55,1406.65,No,0.31128934,Medium,42.14,False
7206-PQBBZ,11,Month-to-month,Electronic check,70.2,834.7,No,0.5149528,Medium,53.78,False
3106-ULWFW,8,Month-to-month,Credit card (automatic),85.2,627.4,Yes,0.76334244,High,74.96,False
0925-VYDLG,3,Month-to-month,Electronic check,75.25,242.0,Yes,0.6144311,High,62.02,False
4547-FZJWE,55,One year,Credit card (automatic),59.45,3157.0,No,0.069717914,Low,19.9,False
7422-WNBTY,33,Month-to-month,Electronic check,93.35,3092.0,No,0.42135757,Medium,53.08,True
0842-IWYCP,46,Month-to-month,Bank transfer (automatic),44.95,2168.9,No,0.108867146,Low,18.98,False
3521-HTQTV,34,Two year,Bank transfer (automatic),26.1,980.35,No,0.013755123,Low,7.56,False
3744-ZBHON,3,Month-to-month,Electronic check,20.2,65.95,No,0.13759708,Low,14.73,False
3373-DIUUN,30,Two year,Mailed check,21.25,711.9,No,0.009003803,Low,6.0,False
8383-SGHJU,33,One year,Electronic check,59.4,1952.8,No,0.053875342,Low,18.78,False
7607-QKKTJ,45,One year,Credit card (automatic),95.0,4368.85,No,0.15627345,Low,34.94,True
7707-PYBBH,40,Month-to-month,Mailed check,61.9,2647.1,No,0.07904379,Low,21.17,False
8984-HPEMB,71,Two year,Electronic check,118.65,8477.6,No,0.036695644,Low,32.54,True
4349-GFQHK,1,Month-to-month,Electronic check,54.35,54.35,Yes,0.6790129,High,61.26,False
4139-DETXS,72,Two year,Bank transfer (automatic),64.45,4528.0,No,0.0054852567,Low,16.67,False
9779-DPNEJ,22,Month-to-month,Electronic check,80.15,1790.65,No,0.44159523,Medium,51.16,False
9805-FILKB,46,One year,Bank transfer (automatic),20.2,845.6,No,0.020694068,Low,6.55,False
5793-YOLJN,55,Two year,Mailed check,21.0,1210.3,No,0.011841482,Low,6.13,False
0673-IGUQO,1,Month-to-month,Mailed check,20.45,20.45,No,0.26371711,Low,23.63,False
4123-FCVCB,12,One year,Mailed check,75.85,854.45,No,0.1921197,Low,32.61,False
8819-IMISP,31,Month-to-month,Electronic check,80.45,2429.1,No,0.54330015,Medium,58.36,False
7802-EFKNY,5,Month-to-month,Electronic check,24.95,100.4,Yes,0.660293,High,52.52,False
8311-UEUAB,67,Two year,Electronic check,75.5,5229.45,No,0.0870527,Low,25.17,False
5858-EAFCZ,1,Month-to-month,Mailed check,44.45,44.45,No,0.44522345,Medium,42.4,False
8035-BUYVG,40,One year,Electronic check,42.35,1716.45,Yes,0.117423885,Low,18.92,False
1163-ONYEY,41,Month-to-month,Credit card (automatic),74.55,3023.55,No,0.1431227,Low,28.85,False
9787-XVQIU,1,Month-to-month,Electronic check,75.3,75.3,Yes,0.89212334,High,81.47,False
8945-MUQUF,51,One year,Electronic check,94.8,4837.6,Yes,0.20467412,Low,38.28,True
5656-MJEFC,42,Two year,Credit card (automatic),48.15,2032.3,No,0.0156045975,Low,13.26,False
6082-OQFBA,23,One year,Mailed check,19.65,436.9,No,0.017323311,Low,6.18,False
8051-HJRLT,1,Month-to-month,Electronic check,70.55,70.55,Yes,0.799294,High,73.77,False
8974-OVACP,1,Month-to-month,Mailed check,20.15,20.15,No,0.4015665,Medium,33.2,False
4010-YLMVT,56,Month-to-month,Credit card (automatic),106.6,5893.95,No,0.25983867,Low,45.12,True
1379-FRVEB,15,Month-to-month,Electronic check,91.0,1430.05,No,0.62073296,High,66.44,True
8612-GXIDD,12,Two year,Bank transfer (automatic),25.4,313.0,No,0.0158869,Low,7.53,False
6288-CHQJB,54,Two year,Bank transfer (automatic),69.95,3871.85,No,0.012556568,Low,18.55,False
8160-HOWOX,7,Month-to-month,Electronic check,66.85,458.1,No,0.3741767,Medium,43.08,False
3023-GFLBR,33,Month-to-month,Credit card (automatic),86.15,2745.7,Yes,0.34014732,Medium,45.57,False
6648-INWPS,16,Month-to-month,Electronic check,20.15,341.35,No,0.10468802,Low,12.42,False
4223-BKEOR,21,One year,Mailed check,64.85,1336.8,No,0.0533569,Low,20.12,False
4079-VTGLK,30,Two year,Electronic check,74.85,2181.75,No,0.10418222,Low,26.2,False
1763-WQFUK,3,Month-to-month,Mailed check,50.5,147.75,No,0.31161237,Medium,34.57,False
1391-UBDAR,11,Month-to-month,Electronic check,72.9,818.45,No,0.36682808,Medium,44.09,False
8894-JVDCV,62,One year,Credit card (automatic),115.05,7133.45,No,0.07820584,Low,34.54,True
2023-VQFDL,18,Month-to-month,Electronic check,19.0,348.8,No,0.043291885,Low,7.83,False
1345-GKDZZ,6,Month-to-month,Mailed check,19.55,128.6,No,0.08453883,Low,10.86,False
2014-MKGMH,46,One year,Electronic check,101.1,4674.4,No,0.33599293,Medium,49.06,True
5628-FCGYG,21,Month-to-month,Electronic check,84.1,1737.45,No,0.60748804,High,63.77,False
2560-WBWXF,68,Two year,Bank transfer (automatic),24.15,1498.85,No,0.008882645,Low,6.72,False
0248-IPDFW,1,Month-to-month,Electronic check,50.1,50.1,No,0.67722845,High,60.06,False
7978-DKUQH,25,Month-to-month,Electronic check,74.6,1797.75,No,0.38543993,Medium,45.83,False
4335-UPJSI,24,Two year,Mailed check,19.75,498.1,No,0.014258345,Low,5.99,False
0524-IAVZO,30,Month-to-month,Electronic check,85.0,2624.25,Yes,0.58707213,Medium,62.57,False
2737-YNGYW,2,Month-to-month,Electronic check,80.55,184.1,Yes,0.64874405,High,65.76,False
1784-EZDKJ,51,One year,Bank transfer (automatic),106.8,5498.8,No,0.33927372,Medium,50.73,True
9297-FVVDH,57,Two year,Electronic check,84.5,4845.4,No,0.039864574,Low,24.14,False
8007-YYPWD,15,Two year,Bank transfer (automatic),25.05,369.1,No,0.019832304,Low,7.72,False
7101-HRBLJ,72,Two year,Bank transfer (automatic),83.7,6096.9,No,0.004677878,Low,21.47,False
5159-YFPKQ,2,Month-to-month,Electronic check,75.8,160.75,Yes,0.7324674,High,70.42,False
6635-CPNUN,28,Month-to-month,Credit card (automatic),96.6,2684.35,No,0.33004743,Medium,47.51,True
4021-RQSNY,29,Month-to-month,Electronic check,98.5,3004.15,Yes,0.75223136,High,77.54,True
5453-YBTWV,70,Two year,Credit card (automatic),101.1,6994.8,No,0.036596533,Low,28.1,True
5039-LZRQT,13,One year,Mailed check,20.2,273.25,No,0.023303224,Low,6.73,False
2931-VUVJN,59,One year,Electronic check,94.05,5483.9,No,0.09082058,Low,30.12,True
9061-TIHDA,13,Month-to-month,Electronic check,95.25,1233.65,Yes,0.76050687,High,77.3,True
8699-ASUFO,7,Month-to-month,Mailed check,74.4,527.9,Yes,0.72519577,High,69.56,False
6418-PIQSP,62,Two year,Mailed check,81.0,4985.9,No,0.014828813,Low,21.5,False
8220-OCUFY,21,One year,Electronic check,60.25,1258.35,No,0.057769187,Low,19.26,False
3995-WFCSM,2,Month-to-month,Electronic check,60.85,111.4,No,0.42537847,Medium,45.15,False
1895-QTKDO,1,Month-to-month,Credit card (automatic),43.95,43.95,No,0.43585834,Medium,41.61,False
2038-OEQZH,4,Month-to-month,Electronic check,86.05,308.1,No,0.6047304,High,64.07,False
1178-PZGAB,19,One year,Credit card (automatic),20.25,383.65,No,0.02407319,Low,6.8,False
7927-AUXBZ,30,Month-to-month,Electronic check,85.15,2555.9,Yes,0.374761,Medium,47.74,False
2626-VEEWG,67,Two year,Credit card (automatic),19.4,1284.2,No,0.013087212,Low,5.82,False
2878-RMWXY,72,Two year,Credit card (automatic),102.65,7550.3,No,0.022810042,Low,27.53,True
1657-DYMBM,53,Two year,Credit card (automatic),19.9,1110.05,No,0.018092705,Low,6.29,False
7311-MQJCH,5,One year,Electronic check,19.55,99.6,No,0.042941872,Low,7.94,False
7375-WMVMT,71,Two year,Credit card (automatic),95.5,6707.15,No,0.016316356,Low,25.27,True
1136-XGEQU,50,One year,Credit card (automatic),84.15,4164.4,No,0.11053836,Low,29.0,False
2530-FMFXO,56,Two year,Electronic check,103.2,5873.75,No,0.14852601,Low,36.47,True
6844-DZKRF,2,Month-to-month,Credit card (automatic),50.2,109.25,No,0.3505159,Medium,37.22,False
4695-WJZUE,2,Month-to-month,Electronic check,88.55,179.25,Yes,0.8585335,High,82.47,False
7619-ODSGN,24,Month-to-month,Electronic check,54.75,1338.15,Yes,0.17723005,Low,26.24,False
5970-GHJAW,46,Two year,Credit card (automatic),19.95,862.4,No,0.0067530256,Low,5.51,False
8879-XUAHX,71,Two year,Electronic check,116.25,8564.75,No,0.0408644,Low,32.23,True
3689-MOZGR,29,Month-to-month,Electronic check,31.2,926.2,No,0.25269023,Low,25.57,False
4195-PNGZS,69,Two year,Bank transfer (automatic),24.45,1718.2,No,0.006283432,Low,6.62,False
5003-XZWWO,71,Two year,Credit card (automatic),84.2,5956.85,No,0.011769642,Low,22.1,False
3988-RQIXO,1,Month-to-month,Electronic check,91.3,91.3,Yes,0.884312,High,84.97,True
7622-FWGEW,56,Two year,Bank transfer (automatic),85.65,4824.45,No,0.023435872,Low,23.28,False
6922-NCEDI,56,One year,Mailed check,21.2,1238.65,No,0.023330644,Low,6.99,False
2514-GINMM,1,Month-to-month,Electronic check,79.5,79.5,Yes,0.88596386,High,82.1,False
9891-NQDBD,28,One year,Mailed check,25.55,672.2,No,0.03891646,Low,9.18,False
6131-IUNXN,19,Month-to-month,Mailed check,20.2,382.2,No,0.07167314,Low,10.12,False
8548-AWOFC,66,Month-to-month,Electronic check,63.85,4264.6,No,0.12478484,Low,24.87,False
9798-DRYDS,17,One year,Mailed check,61.95,1070.7,No,0.14868587,Low,26.06,False
8532-UEFWH,52,Two year,Mailed check,25.75,1345.85,No,0.008950999,Low,7.13,False
6296-DDOOR,19,One year,Electronic check,58.2,1045.25,No,0.13063674,Low,23.85,False
7951-VRDVK,36,One year,Bank transfer (automatic),85.85,3003.55,No,0.06881674,Low,26.51,False
5931-FLJJF,7,Month-to-month,Mailed check,70.1,467.55,Yes,0.54953504,Medium,56.18,False
4815-YOSUK,72,One year,Credit card (automatic),104.9,7537.5,No,0.038880512,Low,29.22,True
2659-VXMWZ,67,One year,Electronic check,111.3,7482.1,Yes,0.22679019,Low,43.99,True
0380-NEAVX,34,One year,Electronic check,99.85,3343.15,No,0.2168296,Low,40.4,True
3207-OYBWH,57,Month-to-month,Bank transfer (automatic),95.25,5427.05,Yes,0.3163347,Medium,46.21,True
4285-GYRQC,7,Month-to-month,Electronic check,86.25,587.1,Yes,0.71288943,High,71.69,False
7216-EWTRS,1,Month-to-month,Electronic check,100.8,100.8,Yes,0.9504408,High,92.0,True
4365-MSDYN,8,Month-to-month,Bank transfer (automatic),19.55,161.15,No,0.13798898,Low,14.6,False
7036-TYDEC,69,Two year,Electronic check,104.0,7028.5,No,0.15543692,Low,37.15,True
5802-ADBRC,50,One year,Mailed check,104.4,5232.9,No,0.29351982,Low,46.92,True
8076-FEZKJ,10,One year,Mailed check,19.5,225.85,No,0.028512025,Low,6.92,False
5197-YPYBZ,12,Two year,Credit card (automatic),25.25,274.7,No,0.014743879,Low,7.41,False
8337-MSSXB,14,Month-to-month,Electronic check,86.3,1180.95,Yes,0.5717914,Medium,61.83,False
4312-GVYNH,70,Two year,Bank transfer (automatic),49.85,3370.2,No,0.015202563,Low,13.66,False
8495-LJDFO,64,Month-to-month,Bank transfer (automatic),108.95,7111.3,No,0.20902069,Low,42.16,True
0839-JTCUD,66,Two year,Credit card (automatic),89.9,5958.85,No,0.019945435,Low,24.11,True
5494-WOZRZ,71,Two year,Credit card (automatic),82.0,5999.85,No,0.0075954963,Low,21.25,False
1302-UHBDD,20,Month-to-month,Electronic check,89.95,1648.45,No,0.45123973,Medium,54.31,True
2234-EOFPT,72,Two year,Bank transfer (automatic),79.35,5753.25,No,0.00658263,Low,20.51,False
8619-IJNDK,71,Two year,Credit card (automatic),64.05,4492.9,No,0.0064700246,Low,16.63,False
8378-LKJAF,38,Month-to-month,Credit card (automatic),101.15,3956.7,No,0.45419204,Medium,57.35,True
8182-BJDSI,28,Month-to-month,Electronic check,89.95,2625.55,Yes,0.5437736,Medium,60.79,True
2528-HFYZX,17,Month-to-month,Electronic check,76.45,1233.4,Yes,0.46006218,Medium,51.52,False
1153-GNOLC,33,One year,Electronic check,39.1,1309.0,No,0.15765549,Low,20.91,False
3298-QEICA,23,Two year,Mailed check,34.6,813.45,No,0.016686464,Low,9.91,False
0788-DXBFY,58,One year,Electronic check,19.55,1108.8,No,0.05214143,Low,8.59,False
3597-YASZG,70,Two year,Bank transfer (automatic),104.45,7349.35,No,0.115289375,Low,34.46,True
3496-LFSZU,4,Month-to-month,Electronic check,70.5,294.2,No,0.5035045,Medium,53.06,False
5242-UOWHD,45,Two year,Mailed check,20.35,929.2,No,0.005586631,Low,5.53,False
2482-CZGBB,10,Month-to-month,Electronic check,70.0,740.0,Yes,0.5278224,Medium,54.63,False
6479-SZPLM,36,Two year,Credit card (automatic),19.45,754.5,No,0.009927823,Low,5.61,False
8097-VBQTZ,54,Month-to-month,Mailed check,69.9,3883.3,No,0.040538393,Low,20.5,False
4500-HKANN,23,Two year,Mailed check,59.7,1414.2,No,0.028189737,Low,17.06,False
9917-KWRBE,41,One year,Credit card (automatic),78.35,3211.2,No,0.097314015,Low,26.61,False
3420-ZDBMA,5,Month-to-month,Mailed check,71.45,371.6,No,0.58186686,Medium,58.78,False
2212-LYASK,27,One year,Credit card (automatic),45.85,1246.4,No,0.14236408,Low,21.55,False
1393-IMKZG,1,Month-to-month,Electronic check,95.85,95.85,No,0.8099807,High,80.91,True
8069-RHUXK,67,Two year,Credit card (automatic),35.7,2545.7,No,0.013077467,Low,9.93,False
3398-GCPMU,72,Two year,Credit card (automatic),89.55,6448.85,No,0.006586626,Low,23.08,False
2908-WGAXL,56,Two year,Credit card (automatic),24.95,1468.9,No,0.012625983,Low,7.19,False
3378-AJRAO,44,One year,Electronic check,24.85,1013.6,No,0.026320381,Low,8.12,False
1013-QCWAM,66,Month-to-month,Electronic check,100.8,6690.75,No,0.4447884,Medium,56.6,True
0866-QLSIR,34,One year,Mailed check,64.4,2088.75,Yes,0.039889734,Low,19.06,False
6050-FFXES,69,Two year,Bank transfer (automatic),105.35,7240.65,No,0.12059655,Low,35.06,True
7181-BQYBV,1,Month-to-month,Electronic check,102.45,102.45,Yes,0.8795041,High,87.45,True
0362-RAOQO,40,Two year,Credit card (automatic),19.65,830.25,No,0.010518028,Low,5.7,False
9554-DFKIC,30,Month-to-month,Bank transfer (automatic),54.45,1588.7,No,0.1002182,Low,20.77,False
5527-ACHSO,11,Month-to-month,Mailed check,70.5,829.3,No,0.19341753,Low,31.35,False
0829-DDVLK,15,One year,Credit card (automatic),20.1,302.45,No,0.02684101,Low,6.96,False
1399-UBQIU,11,Month-to-month,Electronic check,69.35,712.25,No,0.28478688,Low,37.46,False
1813-JLKWR,64,One year,Bank transfer (automatic),19.8,1336.65,No,0.02925527,Low,7.05,False
0336-PIKEI,72,Two year,Bank transfer (automatic),74.4,5360.75,No,0.010060776,Low,19.5,False
7322-OCWHC,72,Two year,Bank transfer (automatic),93.05,6735.05,No,0.007383114,Low,24.02,True
9537-VHDTA,1,Month-to-month,Mailed check,51.2,51.2,No,0.36088032,Medium,38.2,False
4957-TIALW,15,One year,Credit card (automatic),65.6,1010.0,No,0.037040517,Low,19.17,False
2054-PJOCK,60,One year,Credit card (automatic),80.55,4847.05,No,0.053618606,Low,24.1,False
9150-HEPMB,56,One year,Mailed check,52.7,3019.7,No,0.038757976,Low,16.03,False
9030-QGZNL,8,Two year,Mailed check,20.85,161.65,No,0.014434877,Low,6.28,False
6204-IEUXJ,3,Month-to-month,Credit card (automatic),80.1,217.55,Yes,0.59072095,Medium,61.59,False
3126-WQMGH,49,Month-to-month,Credit card (automatic),52.15,2583.75,No,0.213412,Low,28.11,False
4529-CKBCL,2,Month-to-month,Electronic check,80.2,146.05,Yes,0.7457567,High,72.46,False
2506-CLAKW,6,Month-to-month,Bank transfer (automatic),98.15,567.45,Yes,0.7254308,High,75.58,True
7176-WRTNX,70,Two year,Bank transfer (automatic),114.95,7711.25,No,0.1693935,Low,40.9,True
1583-IHQZE,12,Month-to-month,Mailed check,112.95,1384.75,Yes,0.5739417,Medium,68.71,True
5732-IKGQH,52,One year,Bank transfer (automatic),104.45,5481.25,No,0.34642777,Medium,50.64,True
9239-GZHZE,72,Two year,Credit card (automatic),113.65,8124.2,No,0.012546764,Low,29.59,True
7205-BAIAD,40,Two year,Bank transfer (automatic),20.6,827.3,No,0.008975566,Low,5.83,False
0151-ONTOV,1,Month-to-month,Mailed check,70.9,70.9,Yes,0.7218041,High,68.44,False
4140-MUHUG,3,Month-to-month,Electronic check,86.85,220.95,Yes,0.71304584,High,71.85,False
0093-EXYQL,40,Month-to-month,Electronic check,91.55,3673.6,No,0.38123584,Medium,49.81,True
8064-RAVOH,1,Month-to-month,Electronic check,49.85,49.85,No,0.6378444,High,57.24,False
0219-QAERP,30,One year,Credit card (automatic),19.8,576.65,No,0.01781187,Low,6.25,False
0320-JDNQG,23,Month-to-month,Electronic check,99.85,2331.3,Yes,0.5618,Medium,64.55,True
7180-PISOG,1,Month-to-month,Electronic check,74.5,74.5,Yes,0.85254335,High,78.5,False
9168-INPSZ,44,Month-to-month,Electronic check,104.15,4495.65,No,0.5106796,Medium,62.06,True
3571-RFHAR,65,Month-to-month,Electronic check,109.15,6941.2,Yes,0.41460165,Medium,56.6,True
0015-UOCOJ,7,Month-to-month,Electronic check,48.2,340.35,No,0.34121466,Medium,36.06,False
5334-AFQJB,72,Two year,Credit card (automatic),25.1,1789.9,No,0.0064055203,Low,6.79,False
2754-SDJRD,8,Month-to-month,Credit card (automatic),100.15,908.55,No,0.87833095,High,86.78,True
9578-VRMNM,16,Month-to-month,Credit card (automatic),65.2,1043.35,Yes,0.36486563,Medium,42.01,False
1587-FKLZB,66,Month-to-month,Credit card (automatic),99.5,6822.15,Yes,0.5013648,Medium,60.23,True
6140-QNRQQ,1,Month-to-month,Mailed check,71.55,71.55,Yes,0.78333235,High,72.91,False
8963-JLGJT,3,Month-to-month,Mailed check,55.9,157.55,No,0.2689044,Low,32.95,False
4307-KTUMW,53,Month-to-month,Electronic check,93.9,5029.2,Yes,0.39663067,Medium,51.49,True
1465-LNTLJ,8,Month-to-month,Credit card (automatic),64.4,581.7,No,0.1854095,Low,29.25,False
5440-FLBQG,69,Two year,Bank transfer (automatic),108.4,7318.2,Yes,0.2787222,Low,46.9,True
2135-DQWAQ,5,Month-to-month,Mailed check,85.3,420.45,No,0.70311403,High,70.77,False
4056-QHXHZ,72,Two year,Mailed check,107.45,7576.7,No,0.018570688,Low,28.45,True
7470-MCQTK,13,Month-to-month,Bank transfer (automatic),48.75,633.4,Yes,0.4351116,Medium,42.77,False
7488-MXJIV,4,Month-to-month,Electronic check,85.65,321.65,Yes,0.81578404,High,78.74,False
7401-JIXNM,54,Two year,Credit card (automatic),91.3,4965.0,No,0.015188657,Low,24.13,True
9339-FIIJL,72,Two year,Bank transfer (automatic),85.95,6151.9,No,0.009720509,Low,22.39,False
2027-FECZV,12,Month-to-month,Electronic check,106.7,1253.9,Yes,0.6956211,High,75.65,True
2672-DZUOY,1,Month-to-month,Electronic check,25.15,25.15,Yes,0.72094655,High,56.82,False
4706-DGAHW,1,Month-to-month,Electronic check,45.2,45.2,No,0.67010146,High,58.33,False
3870-MQAMG,54,One year,Electronic check,110.35,5893.15,Yes,0.34879392,Medium,52.29,True
6670-MFRPK,69,Two year,Credit card (automatic),79.2,5420.65,No,0.08256026,Low,25.79,False
6177-PEVRA,48,Two year,Credit card (automatic),55.5,2627.35,No,0.022416985,Low,15.59,False
4800-CZMPC,48,One year,Credit card (automatic),103.25,5037.55,Yes,0.21085577,Low,40.84,True
4813-HQMGZ,8,Month-to-month,Electronic check,90.25,743.75,No,0.7469132,High,75.08,True
7579-KKLOE,71,Two year,Mailed check,91.25,6589.6,No,0.006413413,Low,23.5,True
7377-DMMRI,2,Month-to-month,Electronic check,47.8,92.45,Yes,0.5464557,Medium,50.33,False
8402-EIVQS,67,One year,Credit card (automatic),100.9,6733.15,No,0.19163598,Low,38.91,True
4947-DSMXK,34,Month-to-month,Bank transfer (automatic),97.7,3410.0,No,0.41251582,Medium,53.56,True
7245-NIIWQ,3,Month-to-month,Electronic check,69.85,199.85,No,0.5951505,Medium,59.31,False
0002-ORFBO,9,One year,Mailed check,65.6,593.3,No,0.1010364,Low,23.65,False
3324-OIRTO,71,One year,Bank transfer (automatic),104.65,7288.4,No,0.0735698,Low,31.59,True
5414-OFQCB,57,Two year,Credit card (automatic),90.45,5229.8,No,0.040183745,Low,25.66,True
4967-WPNCF,72,Two year,Bank transfer (automatic),63.7,4464.8,No,0.0073482813,Low,16.61,False
8552-OBVRU,48,Month-to-month,Electronic check,104.5,5068.05,No,0.26605088,Low,45.02,True
8499-BRXTD,18,One year,Mailed check,20.1,401.85,No,0.022998389,Low,6.69,False
9154-QDGTH,43,One year,Credit card (automatic),104.3,4451.85,No,0.3517188,Medium,50.97,True
8197-BFWVU,72,Two year,Bank transfer (automatic),93.25,6688.95,No,0.005215134,Low,23.92,True
2577-GVSIL,35,One year,Bank transfer (automatic),73.45,2661.1,No,0.12185898,Low,27.09,False
9367-OIUXP,4,Month-to-month,Mailed check,20.7,73.05,No,0.09249135,Low,11.7,False
6770-UAYGJ,49,Two year,Mailed check,25.25,1211.65,No,0.011016734,Low,7.15,False
6463-HHXJR,71,Two year,Bank transfer (automatic),100.5,7030.65,No,0.013112203,Low,26.31,True
7928-VJYAB,11,Month-to-month,Electronic check,90.6,1020.2,No,0.4943004,Medium,57.49,True
1187-WILMM,63,Two year,Credit card (automatic),89.4,5597.65,No,0.0118998345,Low,23.42,False
9776-OJUZI,65,Month-to-month,Bank transfer (automatic),95.45,6223.3,No,0.23782524,Low,40.76,True
1306-RPWXZ,49,Two year,Credit card (automatic),20.45,1024.65,No,0.008715878,Low,5.78,False
8949-JTMAY,29,Month-to-month,Credit card (automatic),98.6,2933.2,Yes,0.57896316,Medium,65.44,True
2774-LVQUS,15,Month-to-month,Electronic check,83.05,1258.3,Yes,0.62111187,High,64.46,False
3097-PYWXL,4,Month-to-month,Electronic check,19.95,82.9,No,0.14900078,Low,15.47,False
2266-SJNAT,72,One year,Credit card (automatic),109.15,7789.6,No,0.078498445,Low,33.07,True
0869-PAPRP,26,Month-to-month,Credit card (automatic),85.7,2067.0,No,0.31217653,Medium,43.5,False
4238-JSSWH,35,Month-to-month,Bank transfer (automatic),102.05,3452.55,No,0.4260871,Medium,55.61,True
2972-YDYUW,57,One year,Electronic check,94.7,5468.95,No,0.099830456,Low,30.91,True
1104-FEJAM,28,Month-to-month,Electronic check,64.4,1802.15,No,0.12228766,Low,24.83,False
2809-ILCYT,25,One year,Mailed check,26.8,733.55,No,0.046211507,Low,10.01,False
5499-ECUTN,47,One year,Credit card (automatic),66.05,3021.45,No,0.06829894,Low,21.47,False
4981-FLTMF,57,Month-to-month,Bank transfer (automatic),65.2,3687.85,No,0.045579255,Low,19.66,False
9121-PHQSR,16,Month-to-month,Credit card (automatic),85.05,1391.15,No,0.52137333,Medium,57.98,False
3113-IWHLC,5,Month-to-month,Mailed check,55.8,274.35,No,0.26086926,Low,32.36,False
3211-ILJTT,17,Month-to-month,Bank transfer (automatic),70.4,1214.05,Yes,0.3668714,Medium,43.47,False
4612-THJBS,56,One year,Bank transfer (automatic),104.75,5510.65,Yes,0.29516298,Low,47.12,True
4277-BWBML,72,Two year,Bank transfer (automatic),19.95,1322.85,No,0.005657719,Low,5.44,False
4094-NSEDU,21,Month-to-month,Electronic check,94.25,1973.75,Yes,0.69284135,High,72.31,True
0234-TEVTT,48,One year,Credit card (automatic),45.0,2196.3,No,0.06054677,Low,15.61,False
4304-TSPVK,68,Two year,Bank transfer (automatic),114.9,7843.55,No,0.1006733,Low,36.07,True
1552-AAGRX,30,Month-to-month,Bank transfer (automatic),106.4,3211.9,No,0.31210616,Medium,48.73,True
2637-FKFSY,3,Month-to-month,Mailed check,46.1,130.15,No,0.43692887,Medium,42.23,False
9796-MVYXX,14,Two year,Mailed check,39.7,692.35,No,0.03172718,Low,12.25,False
7874-ECPQJ,4,Month-to-month,Bank transfer (automatic),20.05,85.5,No,0.11893881,Low,13.39,False
0020-INWCK,71,Two year,Credit card (automatic),95.75,6849.4,No,0.045788866,Low,27.39,True
7089-RKVSZ,8,One year,Mailed check,24.4,203.95,No,0.03215355,Low,8.41,False
2683-JXWQQ,61,Month-to-month,Bank transfer (automatic),33.6,2117.2,No,0.08903861,Low,14.72,False
9548-ZMVTX,72,Two year,Bank transfer (automatic),90.45,6565.85,No,0.00930308,Low,23.5,True
8739-XNIKG,5,Month-to-month,Electronic check,84.0,424.75,No,0.81882375,High,78.54,False
9755-JHNMN,49,Two year,Bank transfer (automatic),67.4,3306.85,No,0.017784713,Low,18.27,False
3981-QSVQI,8,Month-to-month,Bank transfer (automatic),19.7,168.9,No,0.15465385,Low,15.8,False
2789-HQBOU,3,Month-to-month,Electronic check,80.35,253.8,No,0.6528149,High,66.0,False
9424-CMPOG,9,Two year,Mailed check,19.6,197.4,No,0.014474288,Low,5.96,False
5067-WJEUN,67,Two year,Bank transfer (automatic),54.2,3838.2,No,0.0091196885,Low,14.33,False
3450-WXOAT,46,Month-to-month,Credit card (automatic),45.2,2065.15,No,0.113783434,Low,19.38,False
9251-WNSOD,67,One year,Mailed check,75.1,5064.45,No,0.07971692,Low,24.55,False
6974-DAFLI,55,One year,Electronic check,19.7,1140.05,No,0.04309992,Low,7.99,False
2616-UUTFK,33,Month-to-month,Bank transfer (automatic),72.75,2447.45,No,0.16062291,Low,29.62,False
7064-JHXCE,62,Two year,Credit card (automatic),20.05,1263.9,No,0.006908571,Low,5.55,False
5103-MHMHY,1,Month-to-month,Mailed check,45.95,45.95,Yes,0.502956,Medium,46.82,False
7989-AWGEH,49,Month-to-month,Electronic check,39.2,1838.15,No,0.13921893,Low,19.65,False
4373-VVHQL,1,Month-to-month,Electronic check,44.75,44.75,No,0.5607945,Medium,50.56,False
4559-UWIHT,14,Month-to-month,Electronic check,82.65,1185.0,No,0.6382841,High,65.56,False
7268-IGMFD,18,Month-to-month,Bank transfer (automatic),93.9,1743.9,No,0.29136384,Low,44.12,True
1846-XWOQN,1,Month-to-month,Electronic check,70.15,70.15,Yes,0.80333376,High,73.96,False
0235-KGSLC,1,Month-to-month,Credit card (automatic),85.55,85.55,Yes,0.8444225,High,80.72,False
6650-BWFRT,72,Two year,Credit card (automatic),117.15,8529.5,No,0.016854621,Low,30.78,True
9570-KYEUA,64,Two year,Credit card (automatic),99.25,6549.45,No,0.030448176,Low,27.21,True
6993-YGFJV,69,Two year,Bank transfer (automatic),112.55,7806.5,No,0.12336905,Low,37.07,True
2712-SYWAY,1,Month-to-month,Electronic check,25.7,25.7,No,0.37541685,Medium,32.77,False
0730-BGQGF,71,Two year,Credit card (automatic),90.3,6287.3,No,0.0074456483,Low,23.33,True
5498-IBWPI,66,One year,Credit card (automatic),49.4,3251.85,No,0.04763292,Low,15.81,False
9101-NTIXF,2,Month-to-month,Mailed check,19.4,50.6,No,0.12691082,Low,13.78,False
0013-SMEOE,71,Two year,Bank transfer (automatic),109.7,7904.25,No,0.027992984,Low,29.67,True
9314-QDMDW,11,One year,Electronic check,61.25,729.95,No,0.1526006,Low,26.16,False
9308-ANMVE,47,Month-to-month,Electronic check,55.3,2654.05,No,0.22438318,Low,29.68,False
2884-GBPFB,35,Month-to-month,Electronic check,70.3,2416.55,Yes,0.4787803,Medium,51.27,False
3757-NJYBX,32,Month-to-month,Bank transfer (automatic),106.35,3520.75,Yes,0.42813298,Medium,56.84,True
3413-DHLPB,60,Month-to-month,Bank transfer (automatic),103.75,5969.95,No,0.23200491,Low,42.45,True
7649-PHJVR,11,One year,Mailed check,19.5,226.8,No,0.027819643,Low,6.87,False
6114-TCFID,29,One year,Credit card (automatic),39.5,1082.75,No,0.04785526,Low,13.33,False
3787-TRIAL,21,Month-to-month,Electronic check,26.05,565.75,No,0.3597898,Medium,31.77,False
2573-GYRUU,48,Month-to-month,Credit card (automatic),91.05,4370.75,No,0.35538673,Medium,47.88,True
5156-UMKOW,3,Month-to-month,Mailed check,29.65,90.05,No,0.2955807,Low,28.18,False
1247-QBVSH,43,Month-to-month,Mailed check,50.2,2169.4,No,0.113507286,Low,20.63,False
6734-GMPVK,5,Month-to-month,Electronic check,105.3,550.6,No,0.6187774,High,69.92,True
9822-OAOVB,1,Month-to-month,Electronic check,55.45,55.45,No,0.6868146,High,62.09,False
6161-ERDGD,71,One year,Electronic check,85.45,6300.85,No,0.061670043,Low,25.9,False
1226-JZNKR,8,One year,Electronic check,19.8,160.05,No,0.06772243,Low,9.74,False
7318-EIVKO,8,Month-to-month,Electronic check,59.25,436.6,No,0.4728261,Medium,48.07,False
3771-PZOBW,20,Month-to-month,Credit card (automatic),90.7,1781.35,No,0.421973,Medium,52.45,True
5136-KCKGI,33,One year,Mailed check,103.7,3467.0,Yes,0.24456902,Low,43.32,True
8231-BSWXX,71,One year,Credit card (automatic),79.05,5552.5,No,0.06027079,Low,24.19,False
6486-LHTMA,31,One year,Electronic check,90.7,2835.5,No,0.26476166,Low,41.45,True
4083-BFNYK,38,One year,Credit card (automatic),95.0,3591.25,No,0.13160157,Low,33.21,True
3722-WPXTK,1,Month-to-month,Electronic check,88.35,88.35,Yes,0.86478233,High,82.85,False
7389-KBFIT,2,Month-to-month,Mailed check,30.25,63.75,No,0.5381811,Medium,45.31,False
7176-WIONM,12,Month-to-month,Bank transfer (automatic),49.85,617.15,No,0.3772367,Medium,39.0,False
5141-ZUVBH,9,Month-to-month,Bank transfer (automatic),93.0,870.25,No,0.45193717,Medium,55.13,True
1089-HDMKP,11,Month-to-month,Electronic check,54.55,601.25,No,0.21485177,Low,28.82,False
7623-HKYRK,6,Month-to-month,Mailed check,19.7,111.65,No,0.094073884,Low,11.56,False
0310-SUCIN,71,One year,Bank transfer (automatic),84.8,6046.1,No,0.0237448,Low,23.09,False
5197-PYEPU,42,One year,Credit card (automatic),94.45,3923.8,No,0.09149964,Low,30.27,True
2929-ERCFZ,8,Month-to-month,Electronic check,94.2,777.3,Yes,0.72214687,High,74.35,True
7548-SEPYI,5,Month-to-month,Electronic check,96.25,512.45,Yes,0.8009892,High,80.39,True
8835-VSDSE,2,Month-to-month,Electronic check,70.7,141.45,Yes,0.6293596,High,61.92,False
6619-RPLQZ,45,Two year,Mailed check,20.85,892.15,No,0.006483498,Low,5.72,False
3275-RHRNE,28,One year,Credit card (automatic),60.0,1682.05,No,0.080212265,Low,20.77,False
3503-TYDAY,43,Month-to-month,Electronic check,80.45,3398.9,No,0.3164013,Medium,42.47,False
6901-GOGZG,60,Two year,Electronic check,84.95,4984.85,No,0.03773834,Low,24.1,False
1623-NLDOT,42,One year,Mailed check,33.55,1445.3,Yes,0.09409066,Low,15.06,False
7021-XSNYE,7,Two year,Credit card (automatic),49.65,305.55,No,0.022018353,Low,14.08,False
9621-OUPYD,25,One year,Bank transfer (automatic),20.2,507.9,No,0.026690245,Low,6.97,False
9898-KZQDZ,40,Month-to-month,Credit card (automatic),94.55,3640.45,Yes,0.41229615,Medium,52.75,True
8982-NHAVY,27,One year,Bank transfer (automatic),100.5,2673.45,No,0.32923946,Medium,48.44,True
4307-KWMXE,10,Month-to-month,Electronic check,35.75,389.8,No,0.2683066,Low,27.81,False
0141-YEAYS,27,Month-to-month,Bank transfer (automatic),86.45,2401.05,No,0.40209958,Medium,49.99,False
2450-ZKEED,11,One year,Bank transfer (automatic),53.8,651.55,No,0.095618345,Low,20.28,False
3694-DELSO,4,Month-to-month,Credit card (automatic),38.55,156.1,No,0.33624834,Medium,33.28,False
3893-JRNFS,68,Month-to-month,Bank transfer (automatic),39.9,2796.35,No,0.18790051,Low,23.23,False
9603-OAIHC,1,Month-to-month,Electronic check,70.05,70.05,No,0.83360326,High,76.05,False
1133-KXCGE,18,One year,Mailed check,20.1,407.05,No,0.023940811,Low,6.75,False
5236-PERKL,57,Two year,Bank transfer (automatic),112.95,6465.0,Yes,0.10026701,Low,35.55,True
0142-GVYSN,26,Month-to-month,Electronic check,20.3,511.25,No,0.06509917,Low,9.69,False
1049-FYSYG,17,Month-to-month,Credit card (automatic),35.65,646.05,No,0.30493522,Medium,30.35,False
7854-FOKSF,1,Month-to-month,Electronic check,35.9,35.9,Yes,0.6766337,High,56.43,False
2519-FAKOD,38,Month-to-month,Bank transfer (automatic),99.25,3777.15,Yes,0.5040181,Medium,60.35,True
8406-LNMHF,59,One year,Credit card (automatic),82.95,4903.15,No,0.05328155,Low,24.69,False
1821-BUCWY,30,Two year,Mailed check,55.65,1653.85,No,0.012114952,Low,14.91,False
8263-JQAIK,2,Month-to-month,Mailed check,24.45,47.5,Yes,0.69886845,High,55.1,False
0023-UYUPN,50,One year,Electronic check,25.2,1306.3,No,0.043353517,Low,9.4,False
8314-DPQHL,9,One year,Mailed check,50.8,463.6,No,0.08356914,Low,18.68,False
1465-WCZVT,3,Month-to-month,Mailed check,19.65,60.65,No,0.11914234,Low,13.3,False
9481-SFCQY,14,Month-to-month,Credit card (automatic),59.8,824.85,No,0.19078878,Low,28.46,False
6360-SVNWV,31,Month-to-month,Credit card (automatic),73.55,2094.65,No,0.20882073,Low,33.2,False
0567-GGCAC,7,Month-to-month,Electronic check,61.4,438.9,No,0.15226968,Low,26.17,False
7089-IVVAZ,8,Month-to-month,Bank transfer (automatic),103.35,847.3,Yes,0.82446647,High,83.82,True
8884-MRNSU,17,One year,Bank transfer (automatic),19.9,329.75,No,0.03449695,Low,7.44,False
2171-UDMFD,32,Month-to-month,Credit card (automatic),19.45,674.55,No,0.07414447,Low,10.1,False
9050-IKDZA,2,Month-to-month,Mailed check,81.5,162.55,No,0.7059047,High,70.0,False
2205-YMZZJ,7,Month-to-month,Electronic check,84.8,546.95,Yes,0.82399267,High,79.1,False
9802-CAQUT,72,Two year,Credit card (automatic),109.55,7887.25,No,0.009911887,Low,28.37,True
1254-IZEYF,31,Month-to-month,Electronic check,99.95,3186.65,Yes,0.61318403,High,68.17,True
0187-WZNAB,27,Month-to-month,Mailed check,74.4,1972.35,No,0.17102394,Low,30.77,False
9492-TOKRI,18,Month-to-month,Credit card (automatic),90.0,1527.35,Yes,0.5021375,Medium,57.89,True
1475-VWVDO,7,Month-to-month,Electronic check,74.9,490.55,No,0.609074,High,61.56,False
9221-OTIVJ,14,Month-to-month,Electronic check,104.85,1531.4,Yes,0.7200871,High,76.89,True
1357-MVDOZ,11,Month-to-month,Bank transfer (automatic),59.65,683.25,No,0.20579065,Low,29.47,False
7602-MVRMB,72,Two year,Bank transfer (automatic),110.45,8058.85,No,0.021628553,Low,29.42,True
3325-FUYCG,28,One year,Electronic check,106.1,2847.4,Yes,0.18491907,Low,39.75,True
5908-QMGOE,15,Month-to-month,Credit card (automatic),74.2,1133.9,Yes,0.63276184,High,63.04,False
1197-BVMVG,4,Month-to-month,Electronic check,74.45,294.45,No,0.7577994,High,71.85,False
5406-KGRMX,71,Two year,Electronic check,24.55,1719.15,No,0.010691427,Low,6.95,False
8481-YYXWG,5,Month-to-month,Electronic check,89.35,461.7,Yes,0.6659021,High,69.19,False
5968-HYJRZ,47,Two year,Mailed check,24.55,1160.45,No,0.012767059,Low,7.1,False
5198-EFNBM,57,One year,Electronic check,90.65,5199.8,No,0.12092567,Low,31.37,True
7516-GMHUV,50,Two year,Credit card (automatic),105.05,5163.3,No,0.2798446,Low,46.13,True
7140-ADSMJ,8,Month-to-month,Credit card (automatic),20.45,162.3,No,0.08292633,Low,10.97,False
2230-XTUWL,48,Two year,Mailed check,19.55,883.35,No,0.01029996,Low,5.66,False
7706-YLMQA,70,One year,Bank transfer (automatic),19.7,1341.5,No,0.013519609,Low,5.92,False
2585-KTFRE,1,Month-to-month,Bank transfer (automatic),70.45,70.45,No,0.16979003,Low,29.68,False
7994-UYIVZ,8,Month-to-month,Bank transfer (automatic),85.65,659.45,No,0.7524674,High,74.31,False
2609-IAICY,1,Month-to-month,Electronic check,77.15,77.15,Yes,0.9089386,High,83.12,False
1740-CSDJP,1,Month-to-month,Bank transfer (automatic),35.25,35.25,Yes,0.72660714,High,59.77,False
7717-BICXI,60,Two year,Mailed check,20.55,1205.05,No,0.008065112,Low,5.76,False
6559-RAKOZ,49,One year,Electronic check,97.95,4917.9,No,0.3134412,Medium,46.69,True
2636-OHFMN,4,Month-to-month,Electronic check,48.55,201.0,Yes,0.7221311,High,62.81,False
4716-MRVEN,29,One year,Mailed check,20.0,599.3,No,0.014880989,Low,6.09,False
2143-LJULT,67,Two year,Credit card (automatic),25.25,1733.15,No,0.0082495855,Low,6.96,False
1323-OOEPC,53,Month-to-month,Credit card (automatic),98.4,5149.5,Yes,0.44291925,Medium,55.86,True
3200-MNQTF,67,Two year,Credit card (automatic),70.9,4677.1,No,0.024689702,Low,19.64,False
6164-HXUGH,6,Month-to-month,Mailed check,19.85,119.3,No,0.12556951,Low,13.8,False
5630-IXDXV,47,Month-to-month,Electronic check,106.35,4849.1,No,0.5038282,Medium,62.14,True
0320-DWVTU,53,Two year,Mailed check,99.5,5424.25,No,0.026818272,Low,27.01,True
9135-MGVPY,69,Two year,Mailed check,84.7,5878.9,No,0.013895352,Low,22.37,False
1212-GLHMD,3,Month-to-month,Mailed check,86.05,244.85,No,0.49201646,Medium,56.18,False
7878-JGDKK,4,Month-to-month,Mailed check,44.55,220.75,No,0.30524638,Medium,32.62,False
1088-AUUZZ,56,Two year,Credit card (automatic),75.85,4261.2,No,0.013060966,Low,20.08,False
0397-GZBBC,59,Month-to-month,Bank transfer (automatic),93.85,5574.75,Yes,0.42970353,Medium,53.79,True
6614-YWYSC,61,Two year,Bank transfer (automatic),25.0,1501.75,No,0.013291842,Low,7.25,False
9588-OZDMQ,2,Month-to-month,Electronic check,45.0,89.75,No,0.5196088,Medium,47.74,False
7641-EUYET,46,Month-to-month,Electronic check,100.7,4541.2,Yes,0.41558203,Medium,54.53,True
6476-EPYZR,12,Month-to-month,Mailed check,20.5,255.5,No,0.06167174,Low,9.5,False
9921-ZVRHG,14,Month-to-month,Electronic check,80.45,1072.0,Yes,0.6735784,High,67.47,False
1174-FGIFN,28,One year,Electronic check,90.45,2509.25,No,0.17640573,Low,35.2,True
6620-HVDUJ,24,Month-to-month,Bank transfer (automatic),60.45,1440.75,No,0.06822141,Low,20.05,False
4701-MLJPN,31,Month-to-month,Electronic check,55.25,1715.65,Yes,0.12701856,Low,22.85,False
1032-MAELW,68,One year,Electronic check,78.45,5333.35,No,0.12634161,Low,28.66,False
7641-TQFHN,39,Two year,Mailed check,100.55,3895.35,No,0.058091953,Low,29.47,True
1552-TKMXS,42,Month-to-month,Credit card (automatic),20.35,869.9,No,0.037853844,Low,7.79,False
9206-GVPEQ,13,Month-to-month,Electronic check,54.45,706.85,Yes,0.44201154,Medium,44.7,False
8622-ZLFKO,6,Month-to-month,Electronic check,90.75,512.25,No,0.823435,High,80.57,True
1596-BBVTG,35,Month-to-month,Credit card (automatic),75.35,2636.05,Yes,0.26697287,Low,37.72,False
6188-UXBBR,38,One year,Credit card (automatic),20.25,814.75,No,0.019021204,Low,6.45,False
2333-KWEWW,18,Two year,Credit card (automatic),20.05,388.6,No,0.011944002,Low,5.9,False
5702-SKUOB,4,Month-to-month,Mailed check,19.6,93.45,No,0.11436257,Low,12.96,False
1134-YWTYF,27,Month-to-month,Electronic check,53.8,1389.85,No,0.13752373,Low,23.22,False
6061-GWWAV,41,One year,Mailed check,70.2,2894.55,No,0.041462604,Low,20.64,False
0679-TDGAK,50,One year,Electronic check,75.5,4025.6,No,0.086482584,Low,25.13,False
6585-WCEWR,72,Two year,Electronic check,20.35,1354.4,No,0.0077441004,Low,5.68,False
9067-YGSCA,70,One year,Credit card (automatic),26.05,1856.4,No,0.013537795,Low,7.53,False
9067-SQTNS,44,One year,Bank transfer (automatic),20.6,926.0,No,0.018089077,Low,6.47,False
8433-WXGNA,2,Month-to-month,Electronic check,75.7,189.2,Yes,0.5545282,Medium,57.94,False
1776-SPBWV,34,One year,Bank transfer (automatic),20.1,682.1,No,0.0282435,Low,7.05,False
8735-SDUFN,72,Two year,Bank transfer (automatic),24.3,1778.7,No,0.0064699054,Low,6.59,False
9668-PUGNU,71,Two year,Electronic check,24.5,1816.2,No,0.013828242,Low,7.16,False
9405-GPBBG,64,Two year,Credit card (automatic),110.5,7069.25,No,0.06482172,Low,32.45,True
1926-QUZNN,72,Two year,Bank transfer (automatic),25.25,1841.2,No,0.0055403374,Low,6.77,False
3707-GNWHM,1,Month-to-month,Mailed check,74.25,74.25,Yes,0.86243683,High,79.13,False
7016-NVRIC,29,One year,Bank transfer (automatic),90.1,2656.7,No,0.11828838,Low,31.04,True
5829-NVSQN,23,One year,Bank transfer (automatic),68.75,1689.45,No,0.043785464,Low,20.43,False
9565-AXSMR,52,Two year,Mailed check,19.2,1054.75,No,0.0074049276,Low,5.37,False
8922-LIEGH,25,Month-to-month,Electronic check,89.7,2187.55,Yes,0.59900737,Medium,64.59,False
8869-LIHMK,64,Two year,Bank transfer (automatic),115.1,7334.05,No,0.050868712,Low,32.64,True
8245-UMPYT,16,Month-to-month,Electronic check,96.4,1581.2,Yes,0.74479115,High,76.49,True
5186-SAMNZ,1,Month-to-month,Bank transfer (automatic),69.5,69.5,Yes,0.85990155,High,77.75,False
0447-RXSGD,24,Month-to-month,Bank transfer (automatic),99.65,2404.85,No,0.61964685,High,68.55,True
4927-WWOOZ,2,Month-to-month,Electronic check,91.45,171.45,No,0.86039495,High,83.33,True
5788-YPOEG,34,Two year,Mailed check,84.75,2839.45,No,0.016732885,Low,22.58,False
5373-SFODM,36,Month-to-month,Credit card (automatic),85.25,3132.75,Yes,0.5039226,Medium,56.81,False
0661-KBKPA,53,One year,Mailed check,78.75,3942.45,No,0.097423494,Low,26.71,False
9081-WWXKP,47,Two year,Credit card (automatic),20.25,873.4,No,0.0063833864,Low,5.56,False
0784-ZQJZX,72,Two year,Credit card (automatic),19.9,1529.65,No,0.0034968143,Low,5.27,False
3133-PZNSR,72,Two year,Credit card (automatic),97.75,6991.6,No,0.009561002,Low,25.36,True
5766-ZJYBB,1,Month-to-month,Mailed check,19.4,19.4,Yes,0.3509612,Medium,29.47,False
8931-GJJIQ,9,Month-to-month,Electronic check,83.3,803.3,Yes,0.74693567,High,73.33,False
4277-PVRAN,8,Month-to-month,Bank transfer (automatic),80.1,679.3,Yes,0.61868894,High,63.54,False
0022-TCJCI,45,One year,Credit card (automatic),62.7,2791.5,Yes,0.11403622,Low,23.82,False
0722-SVSFK,7,Month-to-month,Electronic check,100.4,715.0,No,0.75612307,High,78.29,True
3612-YVGSJ,71,Two year,Credit card (automatic),24.45,1681.6,No,0.0058047306,Low,6.58,False
9825-YCXWZ,41,One year,Bank transfer (automatic),101.1,4016.2,No,0.23250186,Low,41.82,True
5397-NSKQG,67,Two year,Credit card (automatic),50.9,3281.65,No,0.02242301,Low,14.43,False
8565-HBFNN,69,One year,Credit card (automatic),107.2,7317.1,No,0.20477599,Low,41.42,True
2000-DHJUY,70,Two year,Bank transfer (automatic),92.2,6474.45,No,0.0236842,Low,24.95,True
0203-HHYIJ,25,One year,Bank transfer (automatic),25.3,676.35,Yes,0.05369025,Low,10.15,False
8670-ERCJH,72,Two year,Bank transfer (automatic),113.4,8164.1,No,0.025431516,Low,30.43,True
7758-UJWYS,34,Two year,Electronic check,40.55,1325.85,No,0.043052416,Low,13.26,False
2050-ONYDQ,65,Two year,Credit card (automatic),26.0,1654.85,No,0.0066251075,Low,7.03,False
7055-JCGNI,70,Two year,Credit card (automatic),111.95,7795.95,No,0.0917697,Low,34.71,True
0739-UUAJR,72,Two year,Credit card (automatic),53.8,3952.45,No,0.011634726,Low,14.41,False
4826-DXMUP,35,One year,Mailed check,72.1,2495.15,No,0.1544387,Low,29.03,False
0952-KMEEH,13,Month-to-month,Mailed check,98.15,1230.25,Yes,0.6482717,High,70.17,True
7285-KLOTR,12,One year,Electronic check,78.85,876.75,No,0.13914235,Low,29.66,False
0654-PQKDW,62,One year,Bank transfer (automatic),70.75,4263.45,No,0.028250845,Low,19.85,False
7175-NTIXE,25,Month-to-month,Credit card (automatic),76.15,1992.95,No,0.08060911,Low,24.88,False
7963-SHNDT,52,Two year,Mailed check,39.1,1982.1,No,0.0119062895,Low,10.71,False
9796-BPKIW,8,Month-to-month,Credit card (automatic),69.95,562.7,No,0.5081578,Medium,53.24,False
0188-GWFLE,2,Month-to-month,Mailed check,20.05,33.7,No,0.10513292,Low,12.42,False
8129-GMVGI,56,Two year,Mailed check,20.05,1090.1,No,0.01616366,Low,6.2,False
2882-DDZPG,12,Month-to-month,Bank transfer (automatic),19.45,227.45,No,0.117488034,Low,13.14,False
3547-LQRIK,47,One year,Electronic check,26.9,1250.85,No,0.036562715,Low,9.36,False
9137-NOQKA,2,Month-to-month,Electronic check,19.2,37.2,No,0.093666464,Low,11.41,False
5843-TTHGI,18,Month-to-month,Mailed check,50.0,892.7,No,0.19282563,Low,26.13,False
1849-RJYIG,8,Month-to-month,Electronic check,60.0,487.75,No,0.29890537,Low,36.08,False
8868-GAGIO,45,Month-to-month,Mailed check,84.55,3713.95,No,0.17969568,Low,33.94,False
4061-UKJWL,3,Month-to-month,Mailed check,45.45,141.7,No,0.3542138,Medium,36.28,False
5380-XPJNZ,38,One year,Mailed check,20.05,678.2,No,0.020611707,Low,6.51,False
8263-QMNTJ,72,Two year,Electronic check,115.55,8425.3,No,0.028739523,Low,31.2,True
8178-EYZUO,46,Month-to-month,Electronic check,93.7,4154.8,Yes,0.32992938,Medium,46.77,True
3230-JCNZS,71,Two year,Credit card (automatic),99.0,7061.65,No,0.015060627,Low,26.06,True
0277-ORXQS,66,Two year,Bank transfer (automatic),50.55,3364.55,No,0.01864945,Low,14.08,False
5130-IEKQT,25,Month-to-month,Mailed check,105.95,2655.25,Yes,0.589702,Medium,68.05,True
3230-WYKIR,18,One year,Credit card (automatic),82.0,1425.45,Yes,0.18425627,Low,33.61,False
7996-BPXHY,13,Two year,Bank transfer (automatic),25.0,332.5,No,0.016764358,Low,7.49,False
3227-WLKLI,65,Two year,Bank transfer (automatic),91.55,5963.95,No,0.017816843,Low,24.38,True
0407-BDJKB,60,Month-to-month,Electronic check,95.75,5742.9,Yes,0.38957065,Medium,51.46,True
2266-FUBDZ,15,Two year,Mailed check,19.35,278.85,No,0.019556709,Low,6.26,False
8237-ULIXL,72,Two year,Credit card (automatic),24.85,1871.85,No,0.004099123,Low,6.56,False
9600-UDOPK,30,Month-to-month,Credit card (automatic),94.05,2866.45,Yes,0.5234975,Medium,60.4,True
8216-AZUUZ,42,Two year,Electronic check,100.4,4303.65,No,0.09981051,Low,32.35,True
9153-BTBVV,71,Two year,Bank transfer (automatic),25.0,1753.0,No,0.0055528046,Low,6.7,False
4074-SJFFA,1,Month-to-month,Mailed check,54.75,54.75,Yes,0.6582626,High,59.91,False
3269-ATYWD,39,Month-to-month,Bank transfer (automatic),95.65,3759.05,Yes,0.46925622,Medium,57.01,True
5186-PEIZU,35,Month-to-month,Bank transfer (automatic),19.25,617.65,No,0.03635364,Low,7.41,False
1074-AMIOH,53,Month-to-month,Bank transfer (automatic),108.25,5935.1,No,0.23730569,Low,43.96,True
4910-GMJOT,1,Month-to-month,Electronic check,94.6,94.6,Yes,0.93695974,High,89.49,True
0354-WYROK,31,Month-to-month,Electronic check,98.9,2911.3,Yes,0.55863035,Medium,64.09,True
4361-FEBGN,48,Two year,Credit card (automatic),20.15,982.95,No,0.009755902,Low,5.77,False
7748-UMTRK,30,Month-to-month,Electronic check,101.3,2974.5,No,0.4696957,Medium,58.47,True
0380-ZCSBI,10,Month-to-month,Credit card (automatic),20.0,198.7,No,0.08629186,Low,11.09,False
7145-FEJWU,12,Month-to-month,Electronic check,105.3,1275.65,No,0.6224138,High,70.17,True
6463-MVYRY,57,Two year,Bank transfer (automatic),69.85,4003.0,No,0.01814362,Low,18.92,False
3969-JQABI,58,Month-to-month,Credit card (automatic),65.25,3791.6,No,0.076290786,Low,21.82,False
9624-EGDEQ,37,Two year,Mailed check,19.8,813.3,No,0.012324823,Low,5.86,False
1051-EQPZR,44,Month-to-month,Mailed check,19.6,780.25,No,0.046609163,Low,8.21,False
5849-ASHZJ,27,One year,Credit card (automatic),20.05,552.9,No,0.013121839,Low,5.98,False
5780-INQIK,8,Month-to-month,Electronic check,49.4,408.25,No,0.2908891,Low,32.84,False
7576-OYWBN,3,Month-to-month,Electronic check,76.05,231.8,Yes,0.8034903,High,75.46,False
4526-ZJJTM,25,Month-to-month,Bank transfer (automatic),88.4,2191.15,No,0.31539086,Medium,44.41,False
8384-FZBJK,57,Month-to-month,Electronic check,100.6,5611.7,No,0.4098152,Medium,54.1,True
3750-RNQKR,12,Month-to-month,Mailed check,19.45,246.25,No,0.10407024,Low,12.2,False
0962-CQPWQ,62,Two year,Bank transfer (automatic),20.3,1296.15,No,0.008587592,Low,5.73,False
3096-YXENJ,65,Two year,Bank transfer (automatic),107.65,7082.85,No,0.13485299,Low,36.64,True
1265-BCFEO,71,Two year,Bank transfer (automatic),80.45,5662.25,No,0.020387987,Low,21.75,False
5837-LXSDN,21,One year,Credit card (automatic),58.85,1215.45,No,0.12184524,Low,23.4,False
5945-AZYHT,71,One year,Electronic check,109.6,7854.15,No,0.16680768,Low,39.36,True
8325-QRPZR,7,Month-to-month,Electronic check,75.15,525.0,No,0.6103284,High,61.71,False
6384-VMJHP,72,Two year,Credit card (automatic),73.0,5265.2,No,0.0068230205,Low,18.92,False
2262-SLNVK,1,Month-to-month,Electronic check,70.1,70.1,No,0.7269127,High,68.59,False
7730-CLDSV,72,Two year,Bank transfer (automatic),98.65,7129.45,No,0.013986433,Low,25.9,True
1135-HIORI,64,One year,Electronic check,111.45,7266.95,No,0.08957017,Low,34.43,True
0164-APGRB,72,Two year,Electronic check,114.9,8496.7,No,0.022412816,Low,30.6,True
6481-ESCNL,29,Month-to-month,Bank transfer (automatic),100.55,2878.75,No,0.35941488,Medium,50.56,True
1790-NESIO,13,Two year,Mailed check,20.4,261.3,No,0.009889459,Low,5.85,False
1550-EENBN,31,Month-to-month,Electronic check,104.35,3205.6,No,0.23392075,Low,42.74,True
5539-TMZLF,1,Month-to-month,Electronic check,69.75,69.75,Yes,0.8787523,High,79.13,False
4323-SADQS,7,Month-to-month,Electronic check,34.5,279.25,Yes,0.20488937,Low,23.06,False
4446-BZKHU,61,Month-to-month,Electronic check,105.55,6281.45,Yes,0.5088608,Medium,62.29,True
5202-IVJNU,39,Month-to-month,Credit card (automatic),30.1,1131.3,Yes,0.27065882,Low,26.55,False
5976-JCJRH,10,Month-to-month,Electronic check,70.3,738.2,Yes,0.5483891,Medium,56.15,False
8198-RKSZG,14,Month-to-month,Credit card (automatic),80.45,1137.05,No,0.2221753,Low,35.88,False
0137-OCGAB,1,Month-to-month,Mailed check,80.2,80.2,Yes,0.8900289,High,82.56,False
3351-NQLDI,67,One year,Credit card (automatic),94.35,6341.45,Yes,0.14630471,Low,34.08,True
9297-EONCV,72,Two year,Bank transfer (automatic),91.35,6697.2,No,0.005452356,Low,23.46,True
7593-JNWRU,6,Month-to-month,Bank transfer (automatic),44.6,260.8,Yes,0.2970345,Low,32.06,False
4588-YBNIB,1,Month-to-month,Mailed check,19.6,19.6,Yes,0.49186063,Medium,39.38,False
1069-QJOEE,25,One year,Electronic check,19.9,505.45,No,0.021827305,Low,6.56,False
3336-JORSO,33,Month-to-month,Electronic check,110.45,3655.45,Yes,0.43097386,Medium,58.07,True
7799-DSEWS,18,Month-to-month,Electronic check,68.35,1299.8,No,0.12714298,Low,26.17,False
8766-PAFNE,71,Two year,Credit card (automatic),79.1,5564.85,No,0.015309848,Low,21.05,False
5315-CKEQK,28,One year,Electronic check,51.0,1381.8,No,0.12533689,Low,21.66,False
3130-ICDUP,2,Month-to-month,Credit card (automatic),80.55,188.1,No,0.47193974,Medium,53.39,False
0820-FNRNX,17,Month-to-month,Mailed check,66.7,1077.05,No,0.17191617,Low,28.88,False
0880-FVFWF,56,Month-to-month,Electronic check,86.4,4922.4,No,0.23616175,Low,38.36,False
4611-ANLQC,60,One year,Electronic check,50.05,2911.5,No,0.09047893,Low,18.98,False
4213-HKBJO,33,Two year,Credit card (automatic),25.7,826.1,No,0.013315057,Low,7.42,False
2792-LSHWX,1,Month-to-month,Mailed check,83.4,83.4,No,0.5221245,Medium,57.62,False
5028-GZLDO,2,Month-to-month,Credit card (automatic),70.7,140.7,Yes,0.4977014,Medium,52.7,False
0014-BMAQU,63,Two year,Credit card (automatic),84.65,5377.8,No,0.023978429,Low,23.06,False
6861-XWTWQ,7,Month-to-month,Electronic check,99.25,665.45,Yes,0.9084342,High,88.66,True
9018-PCIOK,55,Two year,Mailed check,64.75,3617.1,No,0.03260326,Low,18.64,False
4837-QUSFT,65,One year,Bank transfer (automatic),100.15,6643.5,No,0.06355296,Low,29.75,True
6877-TJMBR,1,Month-to-month,Electronic check,84.8,84.8,Yes,0.723806,High,72.09,False
9953-ZMKSM,63,Two year,Mailed check,25.25,1559.3,No,0.006534778,Low,6.84,False
0907-HQNTS,70,Two year,Credit card (automatic),113.0,7987.6,No,0.0420726,Low,31.49,True
7665-NKLAV,36,Two year,Credit card (automatic),40.65,1547.35,No,0.011501978,Low,11.07,False
6769-DCQLI,52,One year,Bank transfer (automatic),105.0,5426.85,Yes,0.28980553,Low,46.81,True
2433-KMEAS,22,Month-to-month,Electronic check,54.45,1127.35,Yes,0.44536698,Medium,44.93,False
4391-LNRXK,22,Month-to-month,Bank transfer (automatic),94.95,2142.8,No,0.23652479,Low,40.54,True
8250-ZNGGW,5,Month-to-month,Credit card (automatic),59.9,287.85,No,0.18079151,Low,27.79,False
2195-ZRVAX,47,Month-to-month,Electronic check,85.3,4045.65,Yes,0.39671138,Medium,49.32,False
3550-SAHFP,33,Month-to-month,Electronic check,83.35,2757.85,Yes,0.6119846,High,63.9,False
2011-TRQYE,18,Month-to-month,Credit card (automatic),33.5,600.0,Yes,0.28735408,Low,28.58,False
8562-GHPPI,1,Month-to-month,Credit card (automatic),19.8,19.8,No,0.25692818,Low,22.99,False
5893-PYOLZ,56,Two year,Credit card (automatic),81.8,4534.45,No,0.02144537,Low,22.17,False
4986-MXSFP,2,Month-to-month,Mailed check,20.0,40.9,No,0.14505474,Low,15.21,False
6131-FOYAS,35,Month-to-month,Electronic check,59.6,2094.9,No,0.1532534,Low,25.78,False
3027-YNWZU,64,Two year,Credit card (automatic),25.0,1584.8,No,0.00856944,Low,6.92,False
5609-IMCGG,15,Month-to-month,Credit card (automatic),84.35,1302.65,No,0.32552257,Medium,44.1,False
4873-ILOLJ,24,Month-to-month,Electronic check,90.35,2238.5,Yes,0.50229144,Medium,57.99,True
4727-MCYZG,1,Month-to-month,Mailed check,55.55,55.55,No,0.5237659,Medium,50.7,False
9481-WHGWY,70,Two year,Credit card (automatic),75.35,5437.75,No,0.019607576,Low,20.41,False
2725-KXXWT,1,Month-to-month,Electronic check,90.75,90.75,Yes,0.86484915,High,83.47,True
9565-DJPIB,4,Month-to-month,Mailed check,89.6,365.65,Yes,0.67690057,High,70.02,False
4328-VUFWD,39,One year,Electronic check,59.3,2209.15,No,0.10557896,Low,22.37,False
3301-LSLWQ,29,Month-to-month,Electronic check,66.1,1912.15,No,0.17305522,Low,28.81,False
7473-ZBDSN,14,Two year,Mailed check,18.8,255.55,No,0.007118193,Low,5.25,False
3166-PNEOF,61,Two year,Credit card (automatic),86.45,5175.3,No,0.018267639,Low,23.12,False
5639-NTUPK,13,Month-to-month,Credit card (automatic),52.1,670.65,No,0.20623247,Low,27.6,False
8780-YRMTT,66,Two year,Mailed check,47.4,3177.25,No,0.013285247,Low,12.9,False
8348-HFYIV,2,Month-to-month,Electronic check,49.25,90.35,Yes,0.85124797,High,72.03,False
5140-FOMCQ,59,One year,Credit card (automatic),109.15,6557.75,No,0.21463287,Low,42.6,True
6242-SGYTS,62,One year,Credit card (automatic),94.95,5791.85,No,0.069211684,Low,28.83,True
8166-ORCHU,33,One year,Electronic check,93.55,3055.5,No,0.12875895,Low,32.65,True
8414-OOEEL,66,Two year,Credit card (automatic),79.5,5196.1,No,0.05525752,Low,23.95,False
8454-AATJP,72,Two year,Credit card (automatic),115.05,8405.0,No,0.015918264,Low,30.18,True
6849-WLEYG,1,Month-to-month,Mailed check,19.75,19.75,Yes,0.34329885,Medium,29.02,False
4659-NZRUF,19,Month-to-month,Electronic check,95.15,1789.25,Yes,0.5872964,Medium,65.15,True
4531-AUZNK,51,One year,Mailed check,95.15,5000.05,No,0.09315037,Low,30.56,True
4191-XOVOM,63,Month-to-month,Electronic check,105.4,6713.2,No,0.23861176,Low,43.33,True
2150-OEGBV,27,One year,Bank transfer (automatic),20.1,562.6,No,0.021871759,Low,6.61,False
8429-XIBUM,22,Month-to-month,Bank transfer (automatic),101.35,2317.1,Yes,0.6472232,High,70.91,True
1855-CFULU,4,Month-to-month,Mailed check,20.05,91.45,No,0.17934893,Low,17.62,False
4878-BUNFV,42,Two year,Mailed check,20.7,828.85,No,0.0060107196,Low,5.65,False
1872-EBWSC,29,One year,Mailed check,20.35,617.35,No,0.013873533,Low,6.11,False
2608-BHKFN,4,Month-to-month,Credit card (automatic),70.05,266.9,Yes,0.54758567,Medium,56.03,False
7026-YMSBE,30,One year,Mailed check,19.7,625.05,No,0.016477916,Low,6.13,False
7341-LXCAF,4,Month-to-month,Electronic check,74.65,301.4,Yes,0.7539698,High,71.64,False
6997-UVGOX,71,Two year,Bank transfer (automatic),85.45,6029.9,No,0.005583154,Low,21.98,False
9674-EHPPG,46,Two year,Credit card (automatic),40.4,1842.7,No,0.014335959,Low,11.21,False
9462-MJUAW,4,Month-to-month,Mailed check,50.4,206.6,Yes,0.39867896,Medium,40.64,False
8128-YVJRG,7,Month-to-month,Mailed check,79.65,604.7,Yes,0.54322857,Medium,58.15,False
5440-VHLUL,69,One year,Bank transfer (automatic),105.2,7386.05,No,0.39294124,Medium,54.08,True
5781-BKHOP,72,Two year,Bank transfer (automatic),100.65,7334.05,No,0.009211868,Low,26.07,True
4283-FUTGF,19,Month-to-month,Electronic check,79.85,1471.75,Yes,0.6265023,High,64.03,False
5213-TWWJU,28,Month-to-month,Electronic check,91.0,2626.15,No,0.26012784,Low,41.2,True
1569-TTNYJ,5,Month-to-month,Electronic check,78.75,412.1,Yes,0.77025115,High,73.81,False
8628-MFKAX,72,Two year,Credit card (automatic),116.75,8277.05,No,0.017509116,Low,30.72,True
2397-BRLOM,8,Month-to-month,Credit card (automatic),80.45,583.45,Yes,0.6143381,High,63.33,False
7629-WIXZF,7,One year,Electronic check,59.1,369.25,No,0.12102847,Low,23.4,False
5445-GLVOT,22,Month-to-month,Electronic check,49.8,1049.05,No,0.30784413,Medium,34.13,False
3976-HXHCE,72,Two year,Bank transfer (automatic),19.3,1414.8,No,0.0069124713,Low,5.36,False
2466-NEJOJ,8,Month-to-month,Credit card (automatic),19.65,169.75,No,0.08151462,Low,10.67,False
0254-KCJGT,52,One year,Credit card (automatic),81.4,4354.45,No,0.08561003,Low,26.56,False
5472-CVMDX,68,Two year,Mailed check,38.9,2719.2,No,0.0096030375,Low,10.5,False
6461-SZMCV,71,Two year,Bank transfer (automatic),87.95,6365.35,No,0.005642291,Low,22.61,False
8150-QUDFX,2,Month-to-month,Mailed check,19.85,51.6,No,0.1385968,Low,14.72,False
9508-ILZDG,34,Month-to-month,Electronic check,96.35,3190.25,No,0.46600136,Medium,56.96,True
2346-DJQTB,35,Month-to-month,Electronic check,24.15,812.5,No,0.18484887,Low,19.04,False
1697-LYYYX,61,One year,Credit card (automatic),19.1,1143.8,No,0.009576774,Low,5.5,False
1942-OQFRW,1,Month-to-month,Electronic check,44.0,44.0,No,0.4535064,Medium,42.86,False
4749-VFKVB,1,Month-to-month,Mailed check,50.1,50.1,Yes,0.62049747,High,56.09,False
9640-ZSLDC,53,One year,Credit card (automatic),60.6,3297.0,No,0.087894745,Low,21.46,False
4231-LZUYM,72,Two year,Bank transfer (automatic),25.65,1887.0,No,0.0046260064,Low,6.8,False
7598-UAASY,2,Month-to-month,Electronic check,76.4,151.8,Yes,0.662916,High,65.71,False
7938-OUHIO,3,Month-to-month,Electronic check,98.7,293.65,Yes,0.7577227,High,77.98,True
8510-AWCXC,13,Month-to-month,Electronic check,100.8,1308.1,Yes,0.7661587,High,79.1,True
6128-AQBMT,41,Month-to-month,Electronic check,53.95,2215.4,No,0.5055266,Medium,49.02,False
3594-BDSOA,24,One year,Credit card (automatic),20.4,482.8,No,0.015208305,Low,6.22,False
0431-APWVY,28,One year,Bank transfer (automatic),90.1,2598.95,Yes,0.20178708,Low,36.89,True
5133-VRSAB,8,Month-to-month,Mailed check,29.35,216.45,No,0.20258373,Low,21.6,False
5996-DAOQL,1,Month-to-month,Mailed check,20.45,20.45,No,0.3245188,Medium,27.88,False
6838-YAUVY,54,Two year,Bank transfer (automatic),95.1,5064.85,No,0.07174918,Low,29.05,True
0484-JPBRU,41,Month-to-month,Bank transfer (automatic),25.25,996.45,No,0.078504995,Low,11.87,False
7883-ROJOC,19,Month-to-month,Mailed check,44.9,839.65,No,0.14897147,Low,21.77,False
0244-LGNFY,72,Two year,Bank transfer (automatic),92.65,6733.0,No,0.0045703356,Low,23.73,True
7274-CGTOD,62,Two year,Bank transfer (automatic),43.7,2618.3,No,0.013846357,Low,12.01,False
4295-YURET,56,Two year,Credit card (automatic),72.6,4084.35,No,0.019051189,Low,19.67,False
3426-NIYYL,15,Month-to-month,Electronic check,51.55,765.5,Yes,0.3301173,Medium,36.13,False
8225-BTJAU,10,Month-to-month,Electronic check,79.25,793.55,Yes,0.62807626,High,63.99,False
4635-EJYPD,32,Two year,Mailed check,18.95,613.95,No,0.004509921,Low,5.1,False
1866-ZSLJM,21,Month-to-month,Credit card (automatic),20.5,402.85,No,0.055740476,Low,9.08,False
4636-TVXVG,62,One year,Bank transfer (automatic),19.95,1244.8,No,0.018337082,Low,6.32,False
4236-UJPWO,2,Month-to-month,Electronic check,24.5,46.4,No,0.464522,Medium,38.71,False
9392-XBGTD,27,Two year,Mailed check,20.6,581.85,No,0.0061809868,Low,5.64,False
3387-VATUS,5,Month-to-month,Bank transfer (automatic),94.85,462.8,Yes,0.8576545,High,84.0,True
6402-SSEJG,25,One year,Electronic check,61.05,1540.2,No,0.09542347,Low,22.1,False
1143-NMNQJ,2,Month-to-month,Electronic check,85.7,169.8,Yes,0.8428102,High,80.65,False
1169-SAOCL,49,One year,Bank transfer (automatic),106.65,5168.1,No,0.27875832,Low,46.46,True
1110-KYLGQ,63,Month-to-month,Credit card (automatic),108.25,6780.1,No,0.14459723,Low,37.47,True
9929-PLVPA,4,Month-to-month,Credit card (automatic),20.4,94.5,No,0.090177245,Low,11.47,False
3518-PZXZQ,1,Month-to-month,Mailed check,55.3,55.3,No,0.66985065,High,60.86,False
2371-JUNGC,11,Month-to-month,Mailed check,20.25,208.0,No,0.07966842,Low,10.69,False
7693-QPEFS,52,Month-to-month,Bank transfer (automatic),72.95,3829.75,No,0.22101,Low,33.9,False
0924-BJCRC,60,Month-to-month,Electronic check,89.45,5294.6,No,0.17542459,Low,34.88,False
5074-FBGHB,64,One year,Credit card (automatic),104.65,6889.8,No,0.30332774,Medium,47.67,True
2351-BKRZW,43,Two year,Bank transfer (automatic),75.2,3254.35,No,0.028059581,Low,20.96,False
4455-BFSPD,61,One year,Bank transfer (automatic),101.15,6383.9,No,0.12276269,Low,34.15,True
0415-MOSGF,1,Month-to-month,Mailed check,44.4,44.4,Yes,0.45885056,Medium,43.34,False
1724-BQUHA,5,Month-to-month,Electronic check,89.5,477.7,Yes,0.7510572,High,75.18,False
3948-KXDUF,66,Two year,Bank transfer (automatic),68.75,4447.55,No,0.011663643,Low,18.18,False
2323-ARSVR,67,Two year,Electronic check,111.05,7321.05,No,0.06721736,Low,32.76,True
0815-MFZGM,42,Two year,Credit card (automatic),99.0,4135.0,No,0.076249845,Low,30.35,True
4826-XTSOH,1,Month-to-month,Electronic check,86.05,86.05,Yes,0.92650145,High,86.59,False
5480-XTFFL,31,Two year,Mailed check,21.0,697.7,No,0.0106560895,Low,6.05,False
8295-FHIVV,7,Month-to-month,Mailed check,19.4,168.65,No,0.13224661,Low,14.16,False
2495-INZWQ,4,Month-to-month,Electronic check,44.55,174.3,Yes,0.6587987,High,57.37,False
9086-YJYXS,34,One year,Bank transfer (automatic),77.2,2753.8,No,0.13059463,Low,28.64,False
1179-INLAT,3,One year,Mailed check,19.45,69.25,No,0.037976246,Low,7.57,False
7909-FIOIY,19,Month-to-month,Mailed check,24.85,434.8,No,0.19717595,Low,20.08,False
4139-SUGLD,31,Month-to-month,Bank transfer (automatic),35.4,1077.5,Yes,0.13954166,Low,18.71,False
6857-VWJDT,1,Month-to-month,Mailed check,95.65,95.65,Yes,0.8888293,High,86.38,True
6351-SCJKT,3,Month-to-month,Mailed check,41.35,107.25,No,0.22924149,Low,26.49,False
5468-BPMMO,46,Month-to-month,Electronic check,19.6,851.2,No,0.06764432,Low,9.69,False
5624-BQSSA,1,Month-to-month,Mailed check,20.95,20.95,Yes,0.40265685,Medium,33.48,False
0197-PNKNK,69,One year,Bank transfer (automatic),84.45,5848.6,No,0.054091815,Low,25.12,False
2439-QKJUL,5,Month-to-month,Mailed check,20.25,109.8,No,0.098748036,Low,12.03,False
1194-SPVSP,1,Month-to-month,Bank transfer (automatic),19.65,19.65,No,0.2489455,Low,22.39,False
9534-NSXEM,26,One year,Credit card (automatic),20.65,595.5,No,0.015727326,Low,6.32,False
2408-WITXK,10,Month-to-month,Electronic check,34.7,329.8,Yes,0.6136802,High,51.72,False
8929-KSWIH,25,Two year,Bank transfer (automatic),99.3,2513.5,No,0.07271998,Low,30.18,True
2250-IVBWA,64,Month-to-month,Electronic check,81.05,5135.35,No,0.10195412,Low,27.61,False
1810-MVMAI,30,Month-to-month,Electronic check,67.6,2000.2,No,0.06349691,Low,21.52,False
9506-UXUSK,13,Month-to-month,Electronic check,70.15,931.75,No,0.5006208,Medium,52.77,False
1229-RCALF,64,One year,Electronic check,115.0,7396.15,No,0.0960026,Low,35.77,True
3572-UOLYZ,46,Month-to-month,Bank transfer (automatic),84.8,3958.85,No,0.21634461,Low,36.57,False
1429-UYJSV,12,One year,Mailed check,19.7,260.9,No,0.029216617,Low,7.02,False
5577-OTWWW,15,Month-to-month,Bank transfer (automatic),19.75,297.3,Yes,0.18310773,Low,17.81,False
6100-QQHEB,17,Month-to-month,Electronic check,92.55,1515.1,Yes,0.6757524,High,70.68,True
6366-XIVKZ,13,Month-to-month,Mailed check,63.15,816.8,No,0.16355285,Low,27.4,False
3470-OBUET,67,Two year,Credit card (automatic),74.0,4868.4,No,0.037384365,Low,21.31,False
2770-NSVDG,24,Month-to-month,Electronic check,29.1,688.0,No,0.39029932,Medium,34.67,False
9375-MHRRS,6,Month-to-month,Mailed check,50.05,288.35,No,0.21641305,Low,27.79,False
2634-HCZGT,53,One year,Electronic check,60.05,3229.65,Yes,0.10859894,Low,22.77,False
7503-QQRVF,16,Month-to-month,Credit card (automatic),74.3,1178.25,Yes,0.5078434,Medium,54.32,False
4860-YZGZM,10,Month-to-month,Electronic check,20.0,185.4,No,0.12575972,Low,13.86,False
6599-GZWCM,13,One year,Mailed check,74.65,966.25,No,0.14725472,Low,29.17,False
2691-NZETQ,9,Month-to-month,Electronic check,85.35,758.6,Yes,0.7642095,High,75.06,False
4404-HIBDJ,25,One year,Mailed check,74.3,1863.8,Yes,0.04766041,Low,22.11,False
5533-NHFRF,7,Month-to-month,Electronic check,44.4,265.8,No,0.41572562,Medium,40.32,False
7037-MTYVW,38,Two year,Bank transfer (automatic),85.4,3297.0,No,0.022070892,Low,23.12,False
4760-THGOT,43,Month-to-month,Electronic check,94.1,4107.3,No,0.3219039,Medium,46.31,True
7295-JOMMD,4,Month-to-month,Bank transfer (automatic),98.1,396.3,Yes,0.7896909,High,80.06,True
4016-BJKTZ,25,Two year,Electronic check,108.9,2809.05,No,0.18954521,Low,40.78,True
6584-VQMYT,27,One year,Mailed check,56.2,1567.55,No,0.03079561,Low,16.35,False
9838-BFCQT,72,Two year,Mailed check,26.1,1851.45,No,0.003797485,Low,6.86,False
2790-XUYMV,71,One year,Credit card (automatic),85.45,6028.95,No,0.027184455,Low,23.49,False
0581-MDMPW,24,Month-to-month,Credit card (automatic),88.95,2072.75,No,0.35999805,Medium,47.67,False
5013-SBUIH,50,Two year,Electronic check,109.65,5551.15,Yes,0.19669433,Low,41.47,True
1023-BQXZE,57,Two year,Bank transfer (automatic),74.35,4317.35,No,0.030763483,Low,20.94,False
9163-GHAYE,15,Month-to-month,Electronic check,48.85,736.8,No,0.20165375,Low,26.46,False
3904-UKFRE,4,Month-to-month,Electronic check,80.1,336.15,No,0.60851514,High,62.83,False
5353-WILCI,28,Month-to-month,Electronic check,56.05,1522.65,No,0.11487839,Low,22.2,False
0709-TVGUR,9,Month-to-month,Electronic check,74.55,622.9,Yes,0.7033545,High,68.07,False
0058-EVZWM,55,Month-to-month,Bank transfer (automatic),89.8,4959.6,No,0.2040813,Low,36.97,False
6023-YEBUP,3,Month-to-month,Electronic check,100.95,329.95,Yes,0.8575125,High,85.53,True
7209-JCUDS,10,Month-to-month,Electronic check,94.9,1048.85,Yes,0.75565845,High,76.87,True
7009-PCARS,55,One year,Bank transfer (automatic),19.1,1001.5,No,0.0119552165,Low,5.66,False
0519-DRGTI,20,Month-to-month,Mailed check,20.35,442.6,No,0.05184944,Low,8.77,False
1017-FBQMM,62,One year,Credit card (automatic),106.05,6703.5,No,0.08263595,Low,32.58,True
3001-CBHLQ,32,Month-to-month,Electronic check,104.9,3351.55,Yes,0.59533215,Medium,68.17,True
1985-MBRYP,43,Two year,Bank transfer (automatic),19.65,779.25,No,0.015343996,Low,6.04,False
6158-DWPZT,9,One year,Bank transfer (automatic),24.1,259.8,Yes,0.18468001,Low,19.02,False
9372-TXXPS,60,Two year,Bank transfer (automatic),59.85,3483.45,No,0.011737054,Low,15.94,False
3259-QMXUN,58,Two year,Electronic check,86.1,4890.5,No,0.054133724,Low,25.54,False
1015-JPFYW,7,One year,Mailed check,19.45,136.75,No,0.030998476,Low,7.08,False
6645-MXQJT,2,Month-to-month,Electronic check,97.1,184.15,No,0.5957532,Medium,66.23,True
4360-QRAVE,37,Month-to-month,Electronic check,36.65,1315.0,No,0.25150678,Low,26.86,False
8433-WPJTV,65,One year,Bank transfer (automatic),103.9,6767.1,No,0.13852006,Low,35.94,True
5804-JMYIO,39,Two year,Mailed check,19.75,757.95,No,0.013524373,Low,5.94,False
3763-GCZHZ,66,One year,Electronic check,104.05,6890.0,Yes,0.40260953,Medium,54.47,True
6484-LATFU,68,Two year,Mailed check,24.55,1657.4,No,0.0053734067,Low,6.58,False
7599-NTMDP,62,Two year,Bank transfer (automatic),48.7,3008.55,No,0.0137348585,Low,13.26,False
0772-GYEQQ,3,Month-to-month,Mailed check,88.35,262.05,Yes,0.6365893,High,66.88,False
0536-ACXIP,72,Two year,Electronic check,109.55,8165.1,No,0.03566871,Low,30.17,True
0936-NQLJU,41,Two year,Credit card (automatic),20.65,875.55,No,0.0073744385,Low,5.73,False
4831-EOBFE,29,Month-to-month,Credit card (automatic),94.65,2649.15,Yes,0.4025468,Medium,52.09,True
1575-KRZZE,4,Month-to-month,Electronic check,55.2,220.65,No,0.2675498,Low,32.67,False
3251-YMVWZ,53,One year,Bank transfer (automatic),24.05,1301.9,No,0.044670098,Low,9.2,False
4102-OQUPX,1,Month-to-month,Electronic check,74.4,74.4,Yes,0.9076631,High,82.33,False
9170-GYZJC,41,Month-to-month,Credit card (automatic),79.9,3326.2,Yes,0.12063297,Low,28.63,False
4884-LEVMQ,39,Two year,Bank transfer (automatic),20.45,790.0,No,0.0099972375,Low,5.87,False
8857-CUPFQ,63,Two year,Mailed check,19.25,1237.65,No,0.010182338,Low,5.58,False
7610-TVOPG,15,Month-to-month,Electronic check,26.35,378.6,No,0.20508203,Low,21.01,False
3638-DIMPH,13,One year,Electronic check,43.8,592.65,No,0.10806815,Low,18.63,False
1845-ZLLIG,1,Month-to-month,Mailed check,50.15,50.15,No,0.51875293,Medium,48.98,False
8559-WNQZS,1,Two year,Mailed check,20.45,20.45,No,0.016179577,Low,6.3,False
3999-QGRJH,8,Month-to-month,Electronic check,69.7,560.85,Yes,0.55365974,Medium,56.36,False
1699-UOTXU,60,Two year,Electronic check,61.4,3638.25,No,0.017303143,Low,16.72,False
2454-RPBRZ,12,Month-to-month,Electronic check,98.1,1060.2,Yes,0.8863192,High,86.83,True
0635-WKOLD,40,One year,Credit card (automatic),70.75,2921.75,No,0.073500015,Low,23.02,False
5993-JSUWV,66,Two year,Bank transfer (automatic),61.15,4017.45,No,0.011227254,Low,16.23,False
4518-FZBSX,42,One year,Mailed check,20.25,854.9,No,0.012844846,Low,6.01,False
5387-ASZNZ,66,One year,Credit card (automatic),63.85,4174.35,No,0.0334554,Low,18.47,False
6988-CJEYV,49,Month-to-month,Electronic check,98.7,4920.55,No,0.37990713,Medium,51.53,True
2002-MZHWP,1,Month-to-month,Mailed check,20.5,20.5,Yes,0.36309332,Medium,30.6,False
3097-FQTVJ,41,Two year,Mailed check,20.0,810.3,No,0.008698653,Low,5.66,False
5465-BUBFA,41,Two year,Bank transfer (automatic),19.3,772.4,No,0.01098085,Low,5.64,False
7299-GNVPL,23,Month-to-month,Mailed check,84.4,1936.85,No,0.14863491,Low,31.73,False
9743-DQKQW,3,Month-to-month,Electronic check,25.1,79.8,No,0.5481082,Medium,44.71,False
1215-VFYVK,4,Month-to-month,Mailed check,48.25,202.25,No,0.2168456,Low,27.37,False
9371-BITHB,52,Two year,Mailed check,19.85,1070.5,No,0.013535905,Low,5.96,False
2265-CYWIV,4,Month-to-month,Electronic check,99.6,347.65,Yes,0.88433105,High,87.07,True
9093-FPDLG,11,Month-to-month,Electronic check,94.2,999.9,No,0.58754826,Medium,64.93,True
0541-FITGH,2,Month-to-month,Mailed check,62.15,113.1,No,0.34702525,Medium,39.99,False
6985-HAYWX,26,Month-to-month,Bank transfer (automatic),79.3,2015.8,No,0.24692197,Low,37.32,False
7508-KBIMB,24,One year,Credit card (automatic),56.25,1454.25,No,0.04915761,Low,17.65,False
6838-HVLXG,12,Month-to-month,Mailed check,20.3,246.7,No,0.075267404,Low,10.4,False
2277-DJJDL,60,Month-to-month,Electronic check,99.0,6017.9,No,0.4356828,Medium,55.51,True
1897-OKVMW,64,Two year,Mailed check,90.6,5817.45,No,0.011237755,Low,23.68,True
5485-ITNPC,66,Two year,Bank transfer (automatic),85.9,5595.3,No,0.016108874,Low,22.83,False
0233-FTHAV,60,One year,Bank transfer (automatic),79.2,4765.0,No,0.06090145,Low,24.27,False
4644-PIZRT,17,One year,Bank transfer (automatic),70.35,1201.65,No,0.07914396,Low,23.31,False
8922-NPKBJ,42,Two year,Mailed check,19.35,867.3,No,0.016244883,Low,6.03,False
2740-TVLFN,1,Month-to-month,Electronic check,50.15,50.15,No,0.69950336,High,61.63,False
7771-CFQRQ,47,Two year,Bank transfer (automatic),63.8,3007.25,No,0.025196051,Low,17.88,False
9512-PHSMG,10,Month-to-month,Mailed check,20.55,252.75,No,0.07951021,Low,10.76,False
6963-EZQEE,70,Two year,Credit card (automatic),88.55,6306.5,No,0.031243728,Low,24.56,False
2452-KDRRH,67,Month-to-month,Credit card (automatic),101.4,6841.05,No,0.50360477,Medium,60.87,True
2004-OCQXK,1,Month-to-month,Electronic check,81.95,81.95,Yes,0.8581239,High,80.77,False
5027-QPKTE,7,Month-to-month,Electronic check,69.35,451.1,Yes,0.5562995,Medium,56.46,False
4146-SVFUD,1,Month-to-month,Mailed check,44.6,44.6,No,0.44522345,Medium,42.43,False
1564-HJUVY,4,Month-to-month,Bank transfer (automatic),63.75,226.2,No,0.19914621,Low,30.05,False
3617-XLSGQ,66,Two year,Bank transfer (automatic),109.25,7082.5,No,0.08654071,Low,33.66,True
7517-LDMPS,12,Month-to-month,Electronic check,84.6,1017.35,No,0.5402143,Medium,59.19,False
7244-KXYZN,24,One year,Credit card (automatic),20.45,527.35,No,0.015167402,Low,6.23,False
5226-NOZFC,26,Month-to-month,Electronic check,85.75,2146.5,No,0.47842455,Medium,55.15,False
2672-HUYVI,6,Month-to-month,Electronic check,91.1,455.3,Yes,0.77853984,High,77.51,True
1400-WIVLL,57,Two year,Electronic check,107.95,5969.85,No,0.33697423,Medium,50.86,True
7508-MYBOG,14,Month-to-month,Electronic check,86.1,1235.55,Yes,0.6766893,High,69.12,False
8148-NLEGT,42,Two year,Electronic check,22.95,1014.25,No,0.014798535,Low,6.83,False
0148-DCDOS,25,Month-to-month,Bank transfer (automatic),94.7,2362.1,Yes,0.52716863,Medium,60.83,True
8347-GDTMP,64,Two year,Credit card (automatic),19.45,1225.65,No,0.01264542,Low,5.8,False
9992-RRAMN,22,Month-to-month,Electronic check,85.1,1873.7,Yes,0.60871494,High,64.11,False
6746-WAUWT,19,One year,Credit card (automatic),19.7,386.5,No,0.028791353,Low,6.99,False
0310-MVLET,61,Month-to-month,Electronic check,99.15,6010.05,Yes,0.3996131,Medium,53.02,True
0428-IKYCP,22,Month-to-month,Bank transfer (automatic),87.0,1850.65,No,0.32973152,Medium,45.06,False
4550-VBOFE,70,Month-to-month,Electronic check,102.95,7101.5,Yes,0.56871545,Medium,65.82,True
2187-PKZAY,12,Month-to-month,Bank transfer (automatic),79.95,1043.4,No,0.5880644,Medium,61.36,False
4003-OCTMP,31,One year,Electronic check,64.0,1910.75,No,0.05717266,Low,20.17,False
6652-YFFJO,11,Month-to-month,Electronic check,64.9,716.1,No,0.3363676,Medium,39.94,False
7225-IILWY,68,Two year,Mailed check,25.75,1686.15,No,0.005040593,Low,6.86,False
5248-RPYWW,72,Two year,Bank transfer (automatic),90.15,6716.45,No,0.0068443674,Low,23.25,True
7923-IYJWY,67,Two year,Credit card (automatic),116.1,7839.85,No,0.18265316,Low,42.12,True
3170-GWYKC,60,Month-to-month,Bank transfer (automatic),104.95,6236.75,No,0.2279129,Low,42.47,True
5696-QURRL,1,Month-to-month,Mailed check,45.05,45.05,Yes,0.5619403,Medium,50.72,False
7409-KIUTL,1,Month-to-month,Electronic check,71.0,71.0,Yes,0.782486,High,72.71,False
9830-ECLEN,58,One year,Mailed check,50.0,2919.85,No,0.038697828,Low,15.34,False
1732-VHUBQ,47,Month-to-month,Bank transfer (automatic),70.55,3309.25,Yes,0.26620042,Low,36.46,False
0495-RVCBF,1,Month-to-month,Electronic check,79.7,79.7,Yes,0.8921179,High,82.58,False
2668-TZSPS,1,Month-to-month,Mailed check,20.45,20.45,No,0.26371711,Low,23.63,False
7854-EDSSA,22,Month-to-month,Electronic check,59.0,1254.7,Yes,0.16966195,Low,26.78,False
8869-TORSS,48,One year,Credit card (automatic),60.35,2896.4,Yes,0.049719013,Low,18.73,False
7446-SFAOA,37,One year,Bank transfer (automatic),19.85,717.5,No,0.03492162,Low,7.46,False
9522-ZSINC,13,One year,Electronic check,19.95,253.8,No,0.039197147,Low,7.78,False
8234-GSZYK,43,Two year,Bank transfer (automatic),26.45,1110.05,No,0.018624207,Low,7.99,False
6505-OZNPG,6,Two year,Mailed check,63.4,348.8,No,0.026365008,Low,17.86,False
6164-HAQTX,71,Two year,Bank transfer (automatic),53.95,3888.65,No,0.006147204,Low,14.06,False
0679-IDSTG,1,Month-to-month,Electronic check,69.25,69.25,Yes,0.8614159,High,77.79,False
7765-LWVVH,72,Two year,Electronic check,95.1,6843.15,No,0.02421958,Low,25.72,True
1658-TJVOA,6,Month-to-month,Electronic check,74.1,450.9,No,0.54375714,Medium,56.78,False
0953-LGOVU,12,Month-to-month,Mailed check,35.5,432.25,No,0.14032379,Low,18.79,False
2115-BFTIW,25,Month-to-month,Mailed check,70.95,1767.35,Yes,0.18032588,Low,30.55,False
4692-NNQRU,21,One year,Electronic check,79.2,1742.45,No,0.10928082,Low,27.66,False
7742-MYPGI,6,Month-to-month,Mailed check,48.8,297.35,No,0.27026626,Low,31.25,False
0611-DFXKO,20,Month-to-month,Mailed check,89.0,1820.45,Yes,0.37049586,Medium,48.42,False
7780-OTDSO,18,Month-to-month,Electronic check,99.4,1742.95,Yes,0.77071595,High,79.06,True
9619-GSATL,43,One year,Electronic check,55.45,2444.25,No,0.11439133,Low,22.02,False
5622-UEJFI,35,Two year,Credit card (automatic),25.4,949.8,No,0.010955035,Low,7.18,False
9747-DDZOS,1,Month-to-month,Bank transfer (automatic),73.5,73.5,Yes,0.71697176,High,68.76,False
0674-DGMAQ,32,Month-to-month,Electronic check,93.5,2970.8,No,0.4883801,Medium,57.81,True
6203-HBZPA,52,Two year,Credit card (automatic),63.9,3334.95,No,0.016663875,Low,17.31,False
0484-FFVBJ,32,One year,Bank transfer (automatic),64.85,2010.95,No,0.12426937,Low,25.08,False
0301-FIDRB,72,Two year,Bank transfer (automatic),63.8,4684.3,No,0.0060776407,Low,16.54,False
4139-JPIAM,51,Month-to-month,Credit card (automatic),44.45,2181.55,No,0.068382636,Low,16.02,False
2181-TIDSV,68,Two year,Bank transfer (automatic),19.95,1303.25,No,0.008610861,Low,5.64,False
2761-XECQW,8,Month-to-month,Mailed check,43.35,371.4,No,0.49865502,Medium,45.86,False
1936-CZAKF,49,Two year,Credit card (automatic),49.65,2409.9,No,0.07758927,Low,17.97,False
9453-PATOS,72,Two year,Mailed check,85.1,6155.4,No,0.0038209558,Low,21.77,False
0564-JJHGS,9,Month-to-month,Electronic check,95.5,829.1,Yes,0.8314273,High,82.33,True
3348-CFRNX,28,Month-to-month,Mailed check,92.35,2602.9,Yes,0.4246036,Medium,53.05,True
4402-FTBXC,54,Month-to-month,Mailed check,89.8,4667.0,No,0.1726687,Low,34.77,False
1428-GTBJJ,11,Month-to-month,Electronic check,74.55,824.75,Yes,0.5293705,Medium,55.89,False
2931-XIQBR,50,One year,Mailed check,103.05,5153.5,No,0.14517914,Low,36.2,True
0106-UGRDO,69,Two year,Electronic check,116.0,8182.85,No,0.06585689,Low,33.92,True
5542-TBBWB,1,Month-to-month,Electronic check,69.9,69.9,No,0.83197874,High,75.9,False
1930-QPBVZ,68,Two year,Bank transfer (automatic),95.1,6683.4,No,0.0286608,Low,26.03,True
2606-PKWJB,40,One year,Mailed check,40.25,1564.05,No,0.028902236,Low,12.19,False
5322-ZSMZY,31,Two year,Mailed check,25.75,755.6,No,0.009426422,Low,7.17,False
8059-UDZFY,33,Month-to-month,Bank transfer (automatic),105.35,3465.05,No,0.39083335,Medium,53.97,True
7740-BTPUX,55,Two year,Electronic check,113.6,6292.7,No,0.14933023,Low,39.15,True
5220-AGAAX,68,Two year,Bank transfer (automatic),24.0,1664.3,No,0.008764912,Low,6.68,False
0208-BPQEJ,12,Month-to-month,Bank transfer (automatic),19.4,198.1,No,0.12981519,Low,13.99,False
9435-JMLSX,71,Two year,Bank transfer (automatic),86.1,6045.9,No,0.0058598495,Low,22.16,False
3352-ALMCK,40,Month-to-month,Mailed check,102.65,4108.15,No,0.5331417,Medium,63.25,True
5312-IRCFR,64,One year,Electronic check,92.85,5980.75,No,0.1285921,Low,32.46,True
5294-IMHHT,53,One year,Bank transfer (automatic),97.75,5043.2,No,0.13057989,Low,33.84,True
8802-UNOJF,12,Month-to-month,Mailed check,83.8,1029.75,Yes,0.6097999,High,63.86,False
6313-GIDIT,53,Month-to-month,Electronic check,54.45,2854.55,Yes,0.5112561,Medium,49.54,False
6176-YJWAS,72,Two year,Credit card (automatic),97.95,7114.25,No,0.012460851,Low,25.62,True
5310-NOOVA,46,Two year,Electronic check,19.95,907.05,No,0.015250957,Low,6.11,False
4526-EXKKN,40,Two year,Mailed check,24.6,973.95,No,0.0145214945,Low,7.23,False
5311-IHLEI,12,Month-to-month,Bank transfer (automatic),50.95,605.75,No,0.17260592,Low,24.95,False
3987-KQDDU,9,Month-to-month,Electronic check,75.6,661.55,No,0.31300738,Medium,41.01,False
3404-JNXAX,51,Month-to-month,Electronic check,80.75,4116.9,No,0.35068387,Medium,44.95,False
5131-PONJI,49,Month-to-month,Credit card (automatic),90.4,4494.65,No,0.19984442,Low,36.83,True
2845-AFFTX,41,Month-to-month,Electronic check,99.8,4259.3,Yes,0.7658422,High,78.82,True
3489-VSFRD,56,One year,Credit card (automatic),60.25,3282.75,No,0.034430057,Low,17.63,False
3345-JHUEO,4,Month-to-month,Electronic check,20.2,55.7,No,0.16327403,Low,16.53,False
5815-HGGHV,20,One year,Mailed check,64.15,1274.45,No,0.05396796,Low,19.98,False
5260-UMPWX,26,Month-to-month,Credit card (automatic),20.25,493.95,No,0.043667387,Low,8.17,False
2249-YPRNG,20,Month-to-month,Bank transfer (automatic),105.85,2239.65,Yes,0.56729376,Medium,66.45,True
7410-YTJIK,7,Month-to-month,Mailed check,75.45,480.75,Yes,0.48202267,Medium,52.8,False
4626-GYCZP,7,Month-to-month,Electronic check,93.85,635.6,Yes,0.85821307,High,83.78,True
5649-RXQTV,51,Month-to-month,Electronic check,99.0,5038.15,No,0.4301929,Medium,55.12,True
2674-MIAHT,4,Month-to-month,Mailed check,80.3,324.2,No,0.730577,High,71.43,False
2576-HXMPA,1,Month-to-month,Credit card (automatic),19.55,19.55,No,0.2369945,Low,21.53,False
7587-AOVVU,27,Month-to-month,Electronic check,100.75,2793.55,No,0.33095792,Medium,48.62,True
5590-BYNII,22,Month-to-month,Electronic check,100.75,2095.0,Yes,0.75369674,High,78.21,True
6898-MDLZW,12,Month-to-month,Mailed check,53.75,648.65,No,0.1573688,Low,24.59,False
3237-AJGEH,3,Month-to-month,Mailed check,31.0,95.05,Yes,0.32108763,Medium,30.31,False
4707-YNOQA,34,One year,Credit card (automatic),25.6,917.15,No,0.023843851,Low,8.14,False
9357-UJRUN,24,One year,Electronic check,58.35,1346.9,No,0.06795502,Low,19.5,False
1591-NFNLQ,51,Month-to-month,Credit card (automatic),80.0,4242.35,Yes,0.22927141,Low,36.26,False
8648-PFRMP,14,Month-to-month,Electronic check,46.35,672.7,No,0.60839635,High,54.3,False
7663-CUXZB,59,Two year,Electronic check,113.75,6561.25,No,0.09072612,Low,35.09,True
0258-NOKBL,3,Month-to-month,Electronic check,90.4,268.45,No,0.5601297,Medium,62.05,True
1163-VIPRI,65,Two year,Electronic check,109.3,7337.55,No,0.09471656,Low,34.24,True
2815-CPTUL,5,Month-to-month,Mailed check,70.25,331.9,Yes,0.59290457,Medium,59.25,False
9348-ROUAI,59,Two year,Credit card (automatic),90.3,5194.05,No,0.01400894,Low,23.79,True
9443-JUBUO,72,Two year,Credit card (automatic),65.25,4478.85,No,0.0056396937,Low,16.88,False
0596-BQCEQ,62,Month-to-month,Electronic check,100.15,6283.3,Yes,0.34575567,Medium,49.5,True
1481-ZUWZA,28,Month-to-month,Credit card (automatic),94.5,2659.4,Yes,0.4619491,Medium,56.21,True
3043-TYBNO,3,Month-to-month,Mailed check,60.65,196.9,No,0.20180854,Low,29.45,False
4830-FAXFM,19,Month-to-month,Credit card (automatic),24.1,439.2,No,0.10112297,Low,13.17,False
5906-BFOZT,1,Month-to-month,Mailed check,19.5,19.5,No,0.4242176,Medium,34.62,False
2960-NKRSO,24,Month-to-month,Electronic check,85.95,2107.15,No,0.29489437,Low,42.36,False
8996-ZROXE,57,One year,Electronic check,53.5,3035.8,No,0.07712492,Low,18.91,False
5598-IKHQQ,72,Two year,Credit card (automatic),25.45,1866.45,No,0.0042410595,Low,6.73,False
0397-ZXWQF,67,Two year,Bank transfer (automatic),20.5,1430.95,No,0.0064529465,Low,5.63,False
5266-PFRQK,52,One year,Credit card (automatic),20.85,1071.6,No,0.024774335,Low,7.0,False
4674-HGNUA,71,Two year,Credit card (automatic),89.9,6457.15,No,0.0064741177,Low,23.16,True
6765-MBQNU,26,One year,Mailed check,26.0,684.05,No,0.03891646,Low,9.29,False
9786-IJYDL,35,Two year,Mailed check,113.2,3914.05,No,0.05970723,Low,32.78,True
1303-SRDOK,55,Two year,Credit card (automatic),69.05,3842.6,No,0.027219363,Low,19.35,False
3769-MHZNV,33,Two year,Mailed check,20.1,670.35,No,0.011181015,Low,5.86,False
6295-OSINB,72,Two year,Electronic check,109.65,7880.25,No,0.03221693,Low,29.96,True
3308-MHOOC,1,Month-to-month,Mailed check,19.2,19.2,No,0.2228947,Low,20.45,False
2309-OSFEU,10,Month-to-month,Mailed check,33.9,298.45,Yes,0.40048257,Medium,36.6,False
2207-QPJED,37,Month-to-month,Electronic check,90.0,3371.75,No,0.24731736,Low,40.05,True
4177-JPDFU,12,Month-to-month,Mailed check,34.0,442.45,No,0.17568834,Low,20.89,False
2239-CFOUJ,1,One year,Mailed check,20.4,20.4,No,0.052018363,Low,8.79,False
8046-DNVTL,62,Two year,Credit card (automatic),38.6,2345.55,No,0.016270842,Low,10.89,False
2209-XADXF,1,Month-to-month,Bank transfer (automatic),25.25,25.25,No,0.50769657,Medium,41.92,False
6620-JDYNW,18,Month-to-month,Mailed check,60.6,1156.35,No,0.19736642,Low,29.13,False
1891-FZYSA,69,Month-to-month,Electronic check,89.95,6143.15,Yes,0.47853863,Medium,56.22,True
4770-UEZOX,2,Month-to-month,Electronic check,74.75,144.8,No,0.65013164,High,64.39,False
1038-RQOST,19,Month-to-month,Mailed check,20.6,414.95,No,0.055383053,Low,9.08,False
7613-LLQFO,12,Month-to-month,Electronic check,84.45,1059.55,Yes,0.7782941,High,75.82,False
4568-TTZRT,9,Month-to-month,Mailed check,20.4,181.8,No,0.06992776,Low,10.05,False
9513-DXHDA,27,One year,Electronic check,81.7,2212.55,No,0.07855287,Low,26.14,False
2640-PMGFL,27,Month-to-month,Electronic check,79.5,2180.55,Yes,0.4440997,Medium,51.17,False
3801-HMYNL,1,Month-to-month,Mailed check,89.15,89.15,Yes,0.77251244,High,76.6,False
0516-QREYC,24,Month-to-month,Mailed check,20.3,459.95,No,0.060614258,Low,9.37,False
9685-WKZGT,14,Month-to-month,Electronic check,74.95,1036.75,Yes,0.71737665,High,69.15,False
6022-UGGSO,32,Month-to-month,Electronic check,74.4,2276.95,Yes,0.49429214,Medium,53.4,False
8084-OIVBS,11,One year,Mailed check,20.0,211.95,No,0.027054664,Low,6.95,False
8896-BQTTI,1,Month-to-month,Mailed check,25.0,25.0,No,0.3358076,Medium,29.82,False
3865-QBWSJ,38,Month-to-month,Mailed check,80.45,3162.65,No,0.2638874,Low,38.8,False
3352-RICWQ,9,Two year,Mailed check,19.75,210.65,No,0.023618387,Low,6.64,False
2160-GPFXD,54,Two year,Credit card (automatic),65.65,3566.7,No,0.012701367,Low,17.47,False
2065-MMKGR,29,One year,Credit card (automatic),71.0,2080.1,No,0.12127774,Low,26.43,False
5857-TYBCJ,44,Month-to-month,Electronic check,89.2,4040.2,No,0.508169,Medium,58.11,False
1498-NHTLT,59,Two year,Electronic check,86.75,5186.0,No,0.019861551,Low,23.31,False
4484-CGXFK,3,Month-to-month,Electronic check,55.3,196.15,Yes,0.5870285,Medium,55.06,False
1402-PTHGN,18,One year,Mailed check,61.5,1087.45,No,0.058271796,Low,19.62,False
4176-RELJR,67,Two year,Credit card (automatic),25.1,1672.15,No,0.009868601,Low,7.03,False
6214-EDAKZ,22,Month-to-month,Electronic check,55.15,1206.05,Yes,0.2135033,Low,28.88,False
5199-FPUSP,33,One year,Credit card (automatic),34.05,1113.95,No,0.04618247,Low,11.83,False
6377-KSLXC,5,Month-to-month,Mailed check,19.95,107.05,No,0.11062862,Low,12.78,False
1796-JANOW,2,Month-to-month,Mailed check,19.95,38.15,No,0.11862252,Low,13.34,False
0238-WHBIQ,72,Two year,Credit card (automatic),89.7,6339.3,No,0.004669473,Low,22.99,False
8735-NBLWT,9,Month-to-month,Mailed check,20.4,184.1,No,0.062975116,Low,9.56,False
6651-RLGGM,67,Two year,Mailed check,26.3,1688.9,No,0.005040593,Low,7.0,False
6127-ISGTU,16,Month-to-month,Electronic check,84.95,1378.25,Yes,0.67689246,High,68.84,False
1614-JBEBI,8,Month-to-month,Mailed check,20.7,137.6,No,0.08412158,Low,11.12,False
8740-XLHDR,5,Month-to-month,Mailed check,43.25,219.0,Yes,0.26365647,Low,29.38,False
1208-DNHLN,23,One year,Credit card (automatic),48.35,1067.15,Yes,0.19588833,Low,25.93,False
1761-AEZZR,1,Month-to-month,Electronic check,79.55,79.55,Yes,0.88596386,High,82.11,False
3923-CSIHK,50,Month-to-month,Electronic check,71.05,3444.85,Yes,0.3178968,Medium,40.2,False
5696-EXCYS,17,Two year,Credit card (automatic),19.45,369.05,No,0.015891865,Low,6.03,False
5795-KTGUD,68,Two year,Bank transfer (automatic),110.8,7553.6,No,0.10285521,Low,35.19,True
7120-RFMVS,1,Month-to-month,Electronic check,84.5,84.5,Yes,0.8505945,High,80.89,False
7924-GJZFI,25,Month-to-month,Electronic check,69.3,1813.1,No,0.36624753,Medium,43.14,False
4702-HDRKD,67,One year,Bank transfer (automatic),49.35,3321.35,No,0.026327763,Low,14.31,False
8512-WIWYV,32,One year,Credit card (automatic),20.35,707.5,No,0.016706396,Low,6.31,False
5897-ZYEKH,67,One year,Electronic check,105.6,7112.15,No,0.19254357,Low,40.16,True
5456-ITGIC,72,Two year,Credit card (automatic),64.45,4641.1,No,0.011824431,Low,17.11,False
7317-GGVPB,71,Two year,Credit card (automatic),108.6,7690.9,Yes,0.2001199,Low,41.44,True
1406-PUQVY,1,Month-to-month,Electronic check,49.9,49.9,No,0.5315668,Medium,49.82,False
1322-AGOQM,46,Month-to-month,Bank transfer (automatic),30.3,1380.1,Yes,0.182296,Low,20.42,False
3677-IYRBF,2,Month-to-month,Electronic check,30.4,78.65,Yes,0.80737835,High,64.2,False
5692-FPTAH,1,Month-to-month,Mailed check,45.4,45.4,Yes,0.5744755,Medium,51.68,False
9114-AAFQH,48,One year,Electronic check,65.65,3094.65,No,0.13655339,Low,26.14,False
8715-KKTFG,61,One year,Bank transfer (automatic),103.3,6518.35,No,0.18187486,Low,38.83,True
1550-LOAHA,32,Month-to-month,Bank transfer (automatic),84.15,2585.95,Yes,0.32499295,Medium,44.01,False
1728-BQDMA,2,Month-to-month,Electronic check,44.45,82.7,No,0.4103203,Medium,39.95,False
0268-QKIWO,3,Month-to-month,Electronic check,19.75,58.85,Yes,0.20656788,Low,19.45,False
0876-WDUUZ,5,Month-to-month,Credit card (automatic),85.4,425.9,Yes,0.69603324,High,70.3,False
5117-ZSMHQ,71,Two year,Bank transfer (automatic),89.9,6342.7,No,0.00584183,Low,23.12,True
5151-HQRDG,37,Month-to-month,Mailed check,55.05,2030.75,No,0.10543403,Low,21.29,False
0960-HUWBM,65,Two year,Bank transfer (automatic),104.1,6700.05,No,0.11582023,Low,34.41,True
6465-GSRCL,67,One year,Bank transfer (automatic),106.6,7244.7,No,0.14174122,Low,36.85,True
0617-FHSGK,49,Month-to-month,Credit card (automatic),75.2,3678.3,Yes,0.21377932,Low,33.96,False
0263-FJTQO,50,Two year,Credit card (automatic),70.5,3486.65,No,0.019333804,Low,19.16,False
7319-ZNRTR,25,One year,Electronic check,19.6,411.15,No,0.030218033,Low,7.07,False
2858-MOFSQ,17,One year,Mailed check,55.85,937.5,Yes,0.16881052,Low,25.93,False
7503-EPSZW,64,Two year,Mailed check,24.05,1559.15,No,0.009928597,Low,6.77,False
7089-XXAYG,25,One year,Credit card (automatic),38.1,970.4,No,0.17416368,Low,21.82,False
8118-LSUEL,23,Month-to-month,Electronic check,106.4,2483.5,Yes,0.71860844,High,77.18,True
8070-AAWZP,24,Month-to-month,Mailed check,34.25,828.2,No,0.21059372,Low,23.39,False
1666-JXLKU,37,Month-to-month,Electronic check,100.05,3810.55,No,0.6082541,High,67.85,True
7855-DIWPO,21,Month-to-month,Electronic check,68.65,1493.2,No,0.44399074,Medium,48.42,False
5133-POWUA,1,Month-to-month,Mailed check,45.8,45.8,No,0.57595545,Medium,51.89,False
5652-MSDEY,10,Month-to-month,Mailed check,75.75,777.3,No,0.521656,Medium,55.65,False
7005-CCBKV,6,Month-to-month,Electronic check,84.4,556.35,Yes,0.6890067,High,69.55,False
1810-BOHSY,51,One year,Credit card (automatic),96.4,4911.05,No,0.17315233,Low,36.47,True
1784-BXEFA,10,Month-to-month,Mailed check,20.55,187.35,No,0.07861706,Low,10.69,False
7351-MHQVU,6,Month-to-month,Credit card (automatic),50.95,307.6,No,0.17278047,Low,24.97,False
9224-VTYID,47,Two year,Mailed check,90.5,4318.35,No,0.015554853,Low,23.95,True
9500-IWPXQ,61,One year,Electronic check,79.4,4820.55,No,0.07707152,Low,25.45,False
5762-TJXGK,52,Two year,Bank transfer (automatic),58.75,3038.55,No,0.035581116,Low,17.33,False
4504-YOULA,35,Month-to-month,Credit card (automatic),59.45,2136.9,No,0.11279593,Low,22.91,False
5569-IDSEY,71,One year,Bank transfer (automatic),105.7,7472.15,No,0.2048873,Low,41.05,True
4250-FDVOU,6,Month-to-month,Electronic check,56.25,389.1,Yes,0.17434575,Low,26.41,False
7284-ZZLOH,45,Two year,Credit card (automatic),53.3,2296.25,No,0.020562777,Low,14.9,False
5277-ZLOOR,2,Month-to-month,Electronic check,85.55,187.45,Yes,0.85922706,High,81.76,False
2141-RRYGO,4,Month-to-month,Bank transfer (automatic),68.65,261.25,Yes,0.30136433,Medium,38.44,False
1777-JYQPJ,2,Month-to-month,Mailed check,24.3,38.45,No,0.3924229,Medium,33.61,False
6376-GAHQE,4,Month-to-month,Electronic check,77.85,299.2,Yes,0.60605776,High,62.09,False
3401-URHDA,51,One year,Credit card (automatic),59.9,3043.6,No,0.047806326,Low,18.48,False
1599-EAHXY,60,One year,Credit card (automatic),23.95,1506.4,No,0.017023543,Low,7.24,False
8631-XVRZL,9,One year,Mailed check,20.15,163.7,No,0.029352799,Low,7.15,False
5052-PNLOS,3,Month-to-month,Bank transfer (automatic),105.35,323.25,Yes,0.77924836,High,81.16,True
3853-LYGAM,17,Month-to-month,Bank transfer (automatic),95.65,1640.0,No,0.37919173,Medium,50.71,True
6979-ZNSFF,8,Month-to-month,Electronic check,87.05,762.1,Yes,0.77419263,High,76.19,False
5751-USDBL,46,Two year,Mailed check,81.0,3846.35,No,0.0114323525,Low,21.26,False
5680-LQOGP,68,Two year,Credit card (automatic),82.45,5646.6,No,0.019370548,Low,22.19,False
2386-LAHRK,1,Month-to-month,Mailed check,53.5,53.5,Yes,0.6514003,High,59.11,False
8189-DUKMV,4,One year,Bank transfer (automatic),20.5,79.05,No,0.04807406,Low,8.54,False
6032-IGALN,1,Month-to-month,Mailed check,25.1,25.1,Yes,0.61363727,High,49.3,False
9931-DCEZH,28,One year,Credit card (automatic),54.4,1516.6,No,0.05394524,Low,17.52,False
1898-JSNDC,39,One year,Credit card (automatic),58.6,2224.5,No,0.121439315,Low,23.3,False
0315-LVCRK,11,Month-to-month,Electronic check,84.8,888.75,No,0.46415058,Medium,53.91,False
3911-RSNHI,71,Two year,Credit card (automatic),61.4,4310.35,No,0.013678337,Low,16.47,False
2410-CIYFZ,2,Month-to-month,Mailed check,20.4,42.9,No,0.09121874,Low,11.54,False
4248-HCETZ,30,Month-to-month,Mailed check,79.65,2365.15,Yes,0.41152948,Medium,48.93,False
5505-OVWQW,17,One year,Mailed check,20.15,353.65,No,0.026343653,Low,6.93,False
7271-AJDTL,55,Month-to-month,Credit card (automatic),94.45,5073.1,No,0.29008746,Low,44.17,True
1867-TJHTS,58,Month-to-month,Bank transfer (automatic),79.8,4526.85,No,0.17809844,Low,32.63,False
0516-WJVXC,5,Month-to-month,Electronic check,54.2,308.25,Yes,0.25707027,Low,31.69,False
9174-FKWZE,1,Month-to-month,Electronic check,19.45,19.45,Yes,0.6426943,High,49.9,False
6860-YRJZP,9,Month-to-month,Electronic check,74.05,678.45,No,0.7293381,High,69.76,False
4429-WYGFR,26,Month-to-month,Bank transfer (automatic),49.15,1237.3,No,0.07361222,Low,17.57,False
2817-LVCPP,50,Two year,Credit card (automatic),19.4,1023.95,No,0.01965023,Low,6.28,False
5038-ETMLM,72,Two year,Bank transfer (automatic),113.65,8182.75,No,0.015998026,Low,29.83,True
5056-FIMPT,43,One year,Credit card (automatic),106.0,4532.3,No,0.20320271,Low,41.0,True
4521-WFJAI,56,Two year,Bank transfer (automatic),25.95,1444.05,No,0.019370163,Low,7.91,False
6569-KTMDU,1,Month-to-month,Mailed check,19.1,19.1,No,0.16368173,Low,16.28,False
8809-RIHDD,72,Two year,Electronic check,103.4,7372.65,Yes,0.21737483,Low,41.34,True
8809-XKHMD,72,Two year,Bank transfer (automatic),100.55,7325.1,No,0.015116559,Low,26.46,True
0396-YCHWO,36,Month-to-month,Electronic check,95.4,3474.2,No,0.53065187,Medium,61.25,True
0867-LDTTC,5,Month-to-month,Bank transfer (automatic),75.15,392.65,No,0.23582695,Low,35.49,False
4822-NGOCH,13,Month-to-month,Electronic check,84.45,1058.6,Yes,0.72136533,High,71.83,False
9391-DXGGG,44,One year,Credit card (automatic),89.15,3990.75,No,0.08943482,Low,28.78,False
9844-FELAJ,70,One year,Electronic check,107.9,7475.85,No,0.19086851,Low,40.62,True
2122-SZZZD,44,One year,Credit card (automatic),19.5,835.5,No,0.015316785,Low,6.0,False
5307-DZCVC,32,Month-to-month,Credit card (automatic),85.95,2628.6,Yes,0.464267,Medium,54.21,False
3148-AOIQT,69,Two year,Credit card (automatic),24.95,1718.35,No,0.007941825,Low,6.86,False
8679-JOEVF,16,Month-to-month,Electronic check,59.4,1023.9,Yes,0.31552187,Medium,37.09,False
8395-ETZKQ,68,One year,Bank transfer (automatic),19.5,1193.55,No,0.02873357,Low,6.94,False
6692-YQHXC,16,Month-to-month,Credit card (automatic),69.95,1205.5,No,0.37167823,Medium,43.69,False
3889-VWBID,68,Two year,Bank transfer (automatic),82.85,5776.45,No,0.015750721,Low,22.03,False
5222-JCXZT,4,Month-to-month,Mailed check,19.0,78.9,No,0.03964308,Low,7.58,False
9754-CLVZW,26,Month-to-month,Credit card (automatic),38.85,1025.15,No,0.1079747,Low,17.37,False
1432-FPAXX,29,Month-to-month,Electronic check,30.6,856.35,Yes,0.3465892,Medium,31.99,False
2739-CCZMB,5,Month-to-month,Credit card (automatic),20.35,122.0,No,0.08206192,Low,10.89,False
7080-TNUWP,70,One year,Bank transfer (automatic),95.0,6602.9,No,0.10726795,Low,31.51,True
0496-AHOOK,24,One year,Bank transfer (automatic),74.4,1712.9,No,0.06481446,Low,23.33,False
8336-TAVKX,72,Two year,Bank transfer (automatic),78.45,5682.25,No,0.007652197,Low,20.35,False
2468-SJFLM,1,Month-to-month,Mailed check,74.3,74.3,No,0.61177516,High,61.59,False
3181-VTHOE,70,One year,Bank transfer (automatic),51.05,3635.15,No,0.0587676,Low,17.01,False
7168-HDQHG,36,Month-to-month,Bank transfer (automatic),19.2,702.9,No,0.027100861,Low,6.75,False
4803-AXVYP,38,Month-to-month,Electronic check,99.55,3734.25,Yes,0.57418734,Medium,65.34,True
3884-HCSWG,17,Month-to-month,Electronic check,70.0,1144.5,Yes,0.51936454,Medium,54.04,False
4567-AKPIA,41,One year,Bank transfer (automatic),109.1,4454.25,No,0.21919462,Low,42.91,True
5077-DXTCG,1,Month-to-month,Electronic check,45.3,45.3,Yes,0.65442663,High,57.25,False
1142-WACZW,2,Month-to-month,Bank transfer (automatic),29.85,75.6,Yes,0.38377747,Medium,34.41,False
7901-HXJVA,14,Month-to-month,Electronic check,76.45,1117.55,No,0.37378085,Medium,45.48,False
5649-ANRML,2,Month-to-month,Credit card (automatic),95.1,180.25,Yes,0.65296,High,69.73,True
4892-VLANZ,1,Month-to-month,Mailed check,19.8,19.8,Yes,0.35100788,Medium,29.57,False
5924-IFQTT,13,Month-to-month,Electronic check,72.8,930.05,No,0.2170701,Low,33.59,False
7968-QUXNS,6,Month-to-month,Mailed check,18.95,110.15,No,0.036420282,Low,7.34,False
2919-HBCJO,4,Month-to-month,Bank transfer (automatic),76.65,333.6,Yes,0.5556205,Medium,58.26,False
4236-XPXAV,5,Month-to-month,Mailed check,99.15,465.05,Yes,0.7932282,High,80.57,True
8903-WMRNW,15,Month-to-month,Electronic check,101.75,1669.4,No,0.49622858,Medium,60.44,True
2452-SNHFZ,47,Month-to-month,Credit card (automatic),75.45,3545.1,No,0.14016007,Low,28.87,False
3629-WEAAM,8,Month-to-month,Mailed check,64.1,504.05,No,0.18161333,Low,28.91,False
6029-CSMJE,17,Month-to-month,Mailed check,25.65,440.2,No,0.2652399,Low,25.05,False
7993-NQLJE,15,Month-to-month,Mailed check,75.1,1151.55,No,0.27346358,Low,38.12,False
9909-DFRJA,26,One year,Bank transfer (automatic),95.85,2475.35,No,0.1387459,Low,33.93,True
9099-FTUHS,23,Month-to-month,Electronic check,54.4,1249.25,No,0.1838404,Low,26.61,False
0581-BXBUB,4,Month-to-month,Electronic check,72.75,317.75,No,0.43643704,Medium,48.93,False
4962-CHQPW,29,One year,Mailed check,19.85,535.05,No,0.015265265,Low,6.08,False
9467-ROOLM,25,Month-to-month,Mailed check,19.05,461.3,No,0.02100392,Low,6.28,False
3030-YZADT,9,Month-to-month,Mailed check,44.95,431.0,Yes,0.20085904,Low,25.42,False
7410-KTVFV,18,Month-to-month,Mailed check,49.55,878.35,Yes,0.20280503,Low,26.71,False
5150-ITWWB,3,Month-to-month,Electronic check,94.85,335.75,No,0.8509316,High,83.53,True
2253-KPMNB,69,Two year,Bank transfer (automatic),46.25,3121.4,No,0.01223501,Low,12.54,False
1345-ZUKID,14,One year,Mailed check,19.35,324.8,No,0.035972852,Low,7.41,False
6429-SHBCB,19,Month-to-month,Mailed check,69.6,1394.55,No,0.1409854,Low,27.45,False
9281-OFDMF,39,Month-to-month,Electronic check,90.7,3413.25,No,0.31304255,Medium,44.83,True
2603-HVKCG,31,Month-to-month,Electronic check,101.4,3143.65,No,0.41377842,Medium,54.58,True
1834-WULEG,24,One year,Mailed check,20.25,439.75,No,0.014205729,Low,6.11,False
9097-ZUBYC,14,Month-to-month,Bank transfer (automatic),48.8,664.4,No,0.18862294,Low,25.53,False
5148-ORICT,64,Two year,Mailed check,74.35,4759.55,No,0.018562976,Low,20.08,False
4893-GYUJU,50,One year,Mailed check,19.35,1033.0,No,0.033796117,Low,7.25,False
4578-PHJYZ,52,One year,Electronic check,68.75,3482.85,No,0.04758221,Low,20.7,False
7272-QDCKA,28,One year,Electronic check,100.2,2688.45,No,0.26751623,Low,44.04,True
8908-SLFCJ,21,Two year,Credit card (automatic),20.85,435.25,No,0.013275643,Low,6.2,False
8393-DLHGA,25,Month-to-month,Electronic check,95.9,2448.75,Yes,0.6027748,High,66.42,True
9766-HGEDE,17,One year,Mailed check,19.35,307.0,No,0.042224262,Low,7.84,False
6968-MHOMU,58,One year,Credit card (automatic),45.0,2689.35,No,0.19340071,Low,24.91,False
7395-IGJOS,17,Month-to-month,Bank transfer (automatic),81.5,1329.2,Yes,0.35094908,Medium,45.16,False
5044-XDPYX,51,Two year,Mailed check,25.5,1281.25,No,0.010587283,Low,7.18,False
1814-WFGVS,72,Two year,Mailed check,48.9,3527.0,No,0.0056203213,Low,12.75,False
2834-SPCJV,52,Month-to-month,Electronic check,84.1,4348.65,Yes,0.36863312,Medium,47.05,False
3721-WKIIL,27,Two year,Mailed check,19.6,561.15,No,0.012093754,Low,5.8,False
6734-CKRSM,3,Month-to-month,Mailed check,20.0,63.6,No,0.1209613,Low,13.52,False
1265-ZFOSD,64,Two year,Mailed check,81.3,5129.3,No,0.012824655,Low,21.44,False
6568-POCUI,45,Two year,Credit card (automatic),95.2,4285.8,No,0.054127645,Low,27.84,True
7890-VYYWG,3,Month-to-month,Mailed check,36.45,93.7,Yes,0.7757471,High,63.51,False
5197-LQXXH,71,Two year,Credit card (automatic),83.3,5894.5,No,0.014240192,Low,22.04,False
9907-SWKKF,1,Month-to-month,Mailed check,25.05,25.05,Yes,0.69093937,High,54.69,False
3457-PQBYH,58,Two year,Credit card (automatic),20.3,1160.75,No,0.012819917,Low,6.03,False
7682-AZNDK,34,Month-to-month,Electronic check,89.85,3091.75,No,0.34110382,Medium,46.58,True
0587-DMGBH,8,Month-to-month,Electronic check,49.85,365.55,Yes,0.28215328,Low,32.34,False
5384-ZTTWP,15,Month-to-month,Mailed check,19.8,272.95,No,0.14121239,Low,14.89,False
3745-HRPHI,66,Two year,Bank transfer (automatic),54.65,3632.0,No,0.017121816,Low,15.0,False
7636-OWBPG,12,Month-to-month,Credit card (automatic),29.35,381.2,No,0.31984603,Medium,29.8,False
1231-YNDEK,58,Two year,Bank transfer (automatic),19.15,1035.5,No,0.02165537,Low,6.35,False
1407-DIGZV,3,Two year,Mailed check,19.1,52.0,No,0.007206256,Low,5.33,False
6397-JNZZG,43,Month-to-month,Credit card (automatic),55.55,2342.2,Yes,0.4268925,Medium,43.92,False
0570-BFQHT,9,Month-to-month,Electronic check,80.55,653.9,No,0.4115978,Medium,49.16,False
4393-OBCRR,3,One year,Mailed check,20.25,71.2,No,0.029520871,Low,7.18,False
3523-QRQLL,22,One year,Bank transfer (automatic),69.5,1498.2,Yes,0.16401911,Low,29.04,False
8564-LDKFL,40,One year,Bank transfer (automatic),106.0,4178.65,No,0.4152306,Medium,55.85,True
3696-DFHHB,68,Two year,Bank transfer (automatic),25.5,1821.8,No,0.0060066725,Low,6.86,False
0895-DQHEW,54,Month-to-month,Electronic check,104.3,5278.15,Yes,0.6424795,High,71.32,True
4717-GHADL,50,Two year,Mailed check,79.6,4024.2,No,0.033166174,Low,22.43,False
5501-TVMGM,1,Month-to-month,Electronic check,55.25,55.25,No,0.7420537,High,65.9,False
5879-HMFFH,72,Two year,Bank transfer (automatic),88.05,6520.8,No,0.0042253835,Low,22.54,False
6772-WFQRD,40,One year,Bank transfer (automatic),20.4,854.9,No,0.01996408,Low,6.55,False
3810-DVDQQ,72,Two year,Bank transfer (automatic),117.6,8308.9,No,0.017847927,Low,30.96,True
6972-SNKKW,6,Month-to-month,Mailed check,20.0,109.2,No,0.10114874,Low,12.13,False
3694-GLTJM,5,Month-to-month,Credit card (automatic),19.65,92.05,No,0.13085492,Low,14.12,False
8550-XSXUQ,48,One year,Credit card (automatic),70.55,3420.5,No,0.12625265,Low,26.66,False
8149-RSOUN,1,Month-to-month,Electronic check,93.85,93.85,Yes,0.93714917,High,89.31,True
9055-MOJJJ,64,One year,Mailed check,65.8,4068.0,No,0.022050992,Low,18.17,False
4359-INNWN,17,One year,Credit card (automatic),20.05,337.9,No,0.02706743,Low,6.96,False
0585-EGDDA,40,Month-to-month,Electronic check,80.0,3168.75,No,0.41828865,Medium,49.49,False
4032-RMHCI,41,One year,Credit card (automatic),35.4,1412.4,No,0.04708316,Low,12.24,False
0549-CYCQN,51,One year,Bank transfer (automatic),79.6,3974.7,No,0.08329624,Low,25.94,False
3481-JHUZH,41,Month-to-month,Electronic check,80.25,3439.0,No,0.43891838,Medium,51.0,False
7250-EQKIY,1,Month-to-month,Mailed check,50.45,50.45,Yes,0.55122536,Medium,51.33,False
3594-IVHJZ,2,Month-to-month,Mailed check,20.45,42.45,No,0.12089384,Low,13.63,False
6869-FGJJC,68,One year,Credit card (automatic),79.6,5461.45,No,0.06700831,Low,24.8,False
3896-ZVNET,24,Two year,Mailed check,24.7,571.75,No,0.012249465,Low,7.1,False
8205-VSLRB,70,Two year,Credit card (automatic),77.3,5498.2,No,0.03497136,Low,21.98,False
5960-MVTUK,3,Month-to-month,Electronic check,29.75,96.85,No,0.49038276,Medium,41.84,False
6817-WTYHE,2,Month-to-month,Bank transfer (automatic),44.9,111.05,No,0.40107018,Medium,39.42,False
3082-VQXNH,3,Month-to-month,Credit card (automatic),29.8,94.4,No,0.40898892,Medium,36.16,False
4013-UBXWQ,7,Month-to-month,Electronic check,74.65,521.1,Yes,0.5020396,Medium,54.0,False
4931-TRZWN,13,Month-to-month,Electronic check,71.95,923.85,No,0.29224092,Low,38.63,False
0750-EKNGL,7,Month-to-month,Mailed check,20.75,141.1,No,0.07724502,Low,10.65,False
7669-LCRSD,12,Month-to-month,Mailed check,56.3,628.65,No,0.23287478,Low,30.52,False
3567-PQTSO,53,One year,Electronic check,105.25,5576.3,No,0.31397197,Medium,48.57,True
5519-NPHVG,12,Month-to-month,Electronic check,94.2,1046.1,Yes,0.8510969,High,83.37,True
8043-PNYSD,63,Two year,Mailed check,19.55,1245.6,No,0.011255408,Low,5.73,False
9938-EKRGF,15,Month-to-month,Mailed check,84.45,1287.85,No,0.15168409,Low,31.95,False
2703-AMTUL,36,One year,Mailed check,53.65,1939.35,No,0.032026388,Low,15.8,False
0928-JMXNP,4,Month-to-month,Electronic check,29.9,118.25,No,0.67090154,High,54.52,False
8173-RXAYP,24,Two year,Mailed check,19.7,452.55,No,0.012293773,Low,5.84,False
4825-XJGDM,61,One year,Credit card (automatic),43.7,2696.55,No,0.034311995,Low,13.44,False
5402-HTOTQ,16,Month-to-month,Electronic check,55.3,875.35,No,0.26716915,Low,32.67,False
6734-JDTTV,65,Two year,Credit card (automatic),19.85,1267.05,No,0.009083664,Low,5.65,False
7850-THJMU,26,Two year,Credit card (automatic),19.65,494.9,No,0.009105644,Low,5.6,False
3890-RTCMS,16,Month-to-month,Mailed check,49.45,799.0,No,0.18241628,Low,25.26,False
8849-GYOKR,54,One year,Bank transfer (automatic),106.55,5763.3,Yes,0.18866853,Low,40.12,True
3148-BLQJT,1,Month-to-month,Mailed check,20.1,20.1,Yes,0.3918267,Medium,32.51,False
3717-FDJFU,5,Two year,Mailed check,20.45,106.9,No,0.009664141,Low,5.84,False
3665-JATSN,19,Month-to-month,Electronic check,39.7,710.05,No,0.5015136,Medium,45.14,False
7966-YOTQW,10,Month-to-month,Credit card (automatic),54.5,568.2,No,0.25527233,Low,31.64,False
0461-CVKMU,23,Month-to-month,Electronic check,83.8,1900.25,Yes,0.26574135,Low,39.77,False
8806-EAGWC,3,Month-to-month,Mailed check,55.15,159.15,Yes,0.45103997,Medium,45.51,False
8853-TZDGH,72,Two year,Bank transfer (automatic),111.6,8012.75,No,0.02149673,Low,29.7,True
7779-LGOVN,10,Month-to-month,Electronic check,86.65,856.65,Yes,0.7855385,High,76.88,False
4324-BZCKL,10,Month-to-month,Mailed check,55.55,551.3,No,0.22869562,Low,30.04,False
6924-TDGMT,11,One year,Mailed check,20.55,184.95,No,0.026806587,Low,7.07,False
9710-ZUSHQ,37,Month-to-month,Bank transfer (automatic),106.75,4056.75,Yes,0.33159688,Medium,50.18,True
1536-YHDOE,17,One year,Mailed check,62.1,1096.65,No,0.06512659,Low,20.25,False
8123-QBNAZ,36,Month-to-month,Credit card (automatic),104.5,3684.95,No,0.3077542,Medium,47.94,True
3629-ZNKXA,17,Month-to-month,Electronic check,101.8,1752.45,No,0.5650303,Medium,65.27,True
4827-LTQRJ,66,One year,Credit card (automatic),110.6,7210.85,No,0.094384156,Low,34.55,True
7711-YIJWC,61,One year,Bank transfer (automatic),84.9,5264.5,No,0.04541745,Low,24.63,False
5482-VXSXJ,22,Month-to-month,Mailed check,93.2,2157.3,No,0.4217173,Medium,53.07,True
7365-BVCJH,1,Month-to-month,Electronic check,24.4,24.4,No,0.69855016,High,55.06,False
9620-ENEJV,6,Month-to-month,Credit card (automatic),70.55,433.95,No,0.43124354,Medium,48.01,False
4183-WCSEP,31,Month-to-month,Electronic check,78.45,2435.15,Yes,0.3849163,Medium,46.76,False
2378-YIZKA,68,Two year,Credit card (automatic),85.0,5607.75,No,0.014929123,Low,22.52,False
5498-TXHLF,34,Month-to-month,Electronic check,87.45,2874.15,Yes,0.44978786,Medium,53.58,False
0689-DSXGL,52,Month-to-month,Bank transfer (automatic),85.8,4433.3,No,0.10802008,Low,29.24,False
6818-DJXAA,10,Month-to-month,Electronic check,91.1,964.35,No,0.60572773,High,65.42,True
9722-UJOJR,29,Month-to-month,Electronic check,70.75,1974.8,Yes,0.32164532,Medium,40.39,False
0464-WJTKO,72,Two year,Bank transfer (automatic),20.1,1460.85,No,0.004919587,Low,5.42,False
8902-ZEOVF,47,One year,Mailed check,20.05,951.55,No,0.014604048,Low,6.09,False
6778-EICRF,24,One year,Mailed check,74.8,1821.2,No,0.062021285,Low,23.24,False
2662-NNTDK,65,One year,Credit card (automatic),24.8,1600.95,No,0.014883058,Low,7.31,False
4132-KALRO,4,Month-to-month,Mailed check,100.85,399.25,No,0.83162445,High,83.69,True
3902-FOIGH,12,Month-to-month,Electronic check,101.35,1218.55,Yes,0.8310015,High,83.77,True
6772-KSATR,1,Month-to-month,Electronic check,81.7,81.7,Yes,0.79600865,High,76.36,False
7112-OPOTK,33,Month-to-month,Electronic check,68.25,2171.15,Yes,0.31183586,Medium,39.07,False
2874-YXVVA,34,Month-to-month,Electronic check,105.1,3634.8,No,0.31006598,Medium,48.26,True
1245-HARPS,14,Two year,Mailed check,20.4,292.4,No,0.009990732,Low,5.85,False
4210-QFJMF,4,Month-to-month,Electronic check,79.15,317.25,Yes,0.71132505,High,69.79,False
4323-ELYYB,13,One year,Mailed check,20.0,218.55,No,0.024709845,Low,6.78,False
4293-ETKAP,65,Two year,Bank transfer (automatic),79.4,5071.9,No,0.040663406,Low,22.91,False
6064-PUPMC,23,One year,Credit card (automatic),57.2,1423.35,No,0.03362631,Low,16.8,False
6504-VBLFL,55,Two year,Electronic check,58.6,3068.6,No,0.03754701,Low,17.43,False
6322-PJJDJ,49,Two year,Electronic check,94.8,4690.65,No,0.1258614,Low,32.76,True
0330-BGYZE,60,One year,Bank transfer (automatic),102.5,6157.6,No,0.17694956,Low,38.28,True
1085-LDWAM,69,One year,Credit card (automatic),20.35,1442.65,No,0.011402686,Low,5.94,False
7586-ZATGZ,40,Month-to-month,Electronic check,84.9,3369.05,No,0.5372169,Medium,59.05,False
7197-VOJMM,67,Two year,Credit card (automatic),69.2,4671.65,No,0.020896973,Low,18.94,False
3318-OSATS,35,Month-to-month,Electronic check,95.45,3474.05,Yes,0.5557605,Medium,63.02,True
5828-AVIPD,19,One year,Electronic check,100.95,1875.55,Yes,0.30843845,Medium,47.09,True
1843-TLSGD,13,Two year,Mailed check,20.85,272.35,No,0.0114440415,Low,6.07,False
9626-VFRGG,41,Month-to-month,Bank transfer (automatic),88.5,3645.05,No,0.29144502,Low,42.76,False
7075-BNDVQ,4,Month-to-month,Mailed check,35.0,135.75,No,0.2943585,Low,29.45,False
9143-CANJF,24,Month-to-month,Electronic check,55.15,1319.85,No,0.124449305,Low,22.64,False
7284-BUYEC,5,Month-to-month,Credit card (automatic),50.95,229.4,No,0.4610622,Medium,45.15,False
2041-JIJCI,5,Month-to-month,Electronic check,64.0,370.25,No,0.4718274,Medium,49.2,False
1086-LXKFY,1,Month-to-month,Mailed check,69.1,69.1,Yes,0.83538693,High,75.93,False
4900-MSOMT,72,Two year,Bank transfer (automatic),80.2,5714.2,No,0.00525388,Low,20.63,False
2229-VWQJH,24,Month-to-month,Credit card (automatic),49.3,1233.25,No,0.13813803,Low,22.12,False
9194-GFVOI,42,Two year,Credit card (automatic),84.35,3571.6,No,0.020909656,Low,22.77,False
1336-EZFZY,4,Month-to-month,Mailed check,20.05,83.3,No,0.09501075,Low,11.72,False
4282-MSACW,68,One year,Credit card (automatic),117.2,8035.95,No,0.3000067,Medium,50.61,True
1403-LKLIK,33,One year,Mailed check,20.1,579.4,No,0.014161943,Low,6.07,False
2636-ALXXZ,1,Month-to-month,Electronic check,69.6,69.6,Yes,0.8816349,High,79.3,False
7774-OJSXI,31,One year,Electronic check,103.45,3066.45,Yes,0.40525022,Medium,54.5,True
7786-WBJYI,4,Month-to-month,Bank transfer (automatic),77.95,305.55,Yes,0.5835214,Medium,60.54,False
0136-IFMYD,69,Two year,Electronic check,109.95,7634.25,No,0.28927785,Low,48.03,True
5144-TVGLP,38,Month-to-month,Electronic check,94.75,3653.0,No,0.49342838,Medium,58.48,True
9643-AVVWI,3,Month-to-month,Electronic check,80.0,241.3,No,0.66113263,High,66.49,False
0253-ZTEOB,48,Two year,Electronic check,79.65,3870.3,No,0.031935893,Low,22.36,False
2706-QZIHY,15,Two year,Mailed check,25.2,387.9,No,0.016818093,Low,7.54,False
6061-PQHMK,25,One year,Credit card (automatic),19.9,527.5,No,0.016784247,Low,6.2,False
9885-CSMWE,1,Month-to-month,Electronic check,78.45,78.45,Yes,0.8639584,High,80.3,False
6137-MFAJN,48,Month-to-month,Electronic check,44.8,2104.55,No,0.22971225,Low,27.4,False
9122-UMROB,1,Month-to-month,Mailed check,20.3,20.3,No,0.2705484,Low,24.07,False
4232-JGKIY,1,Month-to-month,Electronic check,19.2,19.2,No,0.12453243,Low,13.57,False
2402-TAIRZ,37,One year,Electronic check,80.05,3019.1,No,0.12316395,Low,28.84,False
9659-ZTWSM,66,One year,Bank transfer (automatic),107.35,7051.95,No,0.29487294,Low,47.76,True
9139-TWBAS,26,One year,Bank transfer (automatic),47.85,1190.5,No,0.062555134,Low,16.47,False
6685-GBWJZ,63,One year,Credit card (automatic),70.8,4448.8,No,0.029796215,Low,19.97,False
5016-ETTFF,10,Month-to-month,Mailed check,29.5,255.25,Yes,0.27991796,Low,27.05,False
3866-MDTUB,2,Month-to-month,Electronic check,70.75,146.9,Yes,0.44338202,Medium,48.91,False
2195-VVRJF,18,Month-to-month,Credit card (automatic),59.1,1011.05,No,0.17920367,Low,27.47,False
3913-RDSJZ,64,Two year,Mailed check,25.55,1714.95,No,0.00817126,Low,7.03,False
8058-JMEQO,9,Month-to-month,Electronic check,84.45,762.5,Yes,0.7719878,High,75.37,False
4203-QGNZA,28,Month-to-month,Mailed check,20.25,535.35,No,0.039416306,Low,7.87,False
5043-TRZWM,1,Month-to-month,Electronic check,75.55,75.55,No,0.750805,High,71.64,False
0697-ZMSWS,4,Month-to-month,Electronic check,85.65,338.9,Yes,0.8132779,High,78.57,False
7657-DYEPJ,38,One year,Credit card (automatic),70.15,2497.35,Yes,0.11072303,Low,25.47,False
9494-BDNNC,66,One year,Electronic check,95.3,6273.4,No,0.18489535,Low,37.02,True
1640-PLFMP,1,Month-to-month,Electronic check,70.25,70.25,No,0.80148417,High,73.85,False
5366-OBVMR,18,Month-to-month,Mailed check,50.3,908.75,No,0.17280118,Low,24.8,False
8276-MQBYC,51,Month-to-month,Electronic check,97.8,4913.3,Yes,0.6648368,High,71.25,True
7644-OMVMY,0,Two year,Mailed check,19.85,0.0,No,0.02106543,Low,6.49,False
7593-XFKDI,1,Month-to-month,Mailed check,46.3,46.3,Yes,0.49371657,Medium,46.26,False
4573-JKNAE,12,Two year,Bank transfer (automatic),19.35,212.3,No,0.018846313,Low,6.21,False
0337-CNPZE,41,Month-to-month,Electronic check,106.3,4443.45,Yes,0.61130655,High,69.65,True
9817-APLHW,12,Month-to-month,Electronic check,25.0,316.2,No,0.13983822,Low,16.1,False
8380-MQINP,55,Two year,Mailed check,20.3,1079.05,No,0.011427611,Low,5.93,False
0840-DFEZH,7,Month-to-month,Electronic check,75.35,564.65,No,0.69130594,High,67.43,False
1513-XNPPH,12,Month-to-month,Electronic check,89.4,1095.65,Yes,0.6425531,High,67.56,False
8690-ZVLCL,68,Two year,Credit card (automatic),88.0,6161.9,No,0.017401353,Low,23.45,False
6015-VVHHE,5,Month-to-month,Credit card (automatic),83.15,446.05,Yes,0.79102236,High,76.38,False
1125-SNVCK,49,Month-to-month,Mailed check,43.8,2106.05,No,0.109964944,Low,18.76,False
0384-LPITE,40,One year,Credit card (automatic),62.05,2511.55,No,0.1163657,Low,23.82,False
4616-EWBNJ,16,One year,Bank transfer (automatic),20.1,318.6,No,0.041424047,Low,7.98,False
6347-DCUIK,10,Month-to-month,Mailed check,74.15,811.8,Yes,0.6007715,High,60.79,False
1335-HQMKX,72,One year,Electronic check,101.35,7323.15,No,0.12519883,Low,34.37,True
2545-EBUPK,2,Month-to-month,Electronic check,84.05,186.05,No,0.86112756,High,81.51,False
6923-AQONU,23,Two year,Mailed check,20.9,454.0,No,0.00820684,Low,5.85,False
2172-EJXVF,71,One year,Electronic check,105.9,7521.95,No,0.18948601,Low,40.02,True
0897-FEGMU,11,Month-to-month,Electronic check,99.5,1056.95,Yes,0.91044223,High,88.87,True
7663-RGWBC,1,Month-to-month,Mailed check,44.15,44.15,Yes,0.54299676,Medium,49.16,False
1120-BMWUB,16,Month-to-month,Mailed check,53.9,834.15,Yes,0.18775229,Low,26.76,False
9124-LHCJQ,1,Month-to-month,Mailed check,85.45,85.45,Yes,0.90925986,High,85.24,False
4536-PLEQY,12,Month-to-month,Credit card (automatic),85.05,999.8,No,0.53514653,Medium,58.95,False
7029-IJEJK,54,One year,Bank transfer (automatic),44.1,2369.7,No,0.04630883,Low,14.38,False
8871-JLMHM,68,Two year,Credit card (automatic),90.2,6297.65,No,0.022856114,Low,24.39,True
2235-ZGKPT,4,Month-to-month,Mailed check,50.85,239.55,Yes,0.35352796,Medium,37.59,False
3891-PUQOD,1,Month-to-month,Electronic check,59.2,59.2,Yes,0.6544766,High,60.77,False
5447-VYTKW,27,Month-to-month,Mailed check,53.45,1461.45,No,0.058784615,Low,17.62,False
3623-FQBOX,21,Month-to-month,Mailed check,19.95,416.4,No,0.07078284,Low,9.99,False
0689-NKYLF,13,Month-to-month,Electronic check,83.2,1060.6,Yes,0.63204163,High,65.26,False
8659-HDIYE,64,Month-to-month,Credit card (automatic),74.65,4869.35,No,0.08487175,Low,24.8,False
3658-KIBGF,1,Month-to-month,Electronic check,54.9,54.9,Yes,0.56617665,Medium,53.5,False
3474-BAFSJ,57,Two year,Bank transfer (automatic),57.5,3265.95,No,0.045195352,Low,17.69,False
5519-YLDGW,21,Month-to-month,Electronic check,103.9,2254.2,Yes,0.7844247,High,81.16,True
3865-ZFZIB,19,Two year,Mailed check,19.65,358.15,No,0.01554278,Low,6.05,False
1855-AGAWH,31,One year,Electronic check,93.8,2939.8,No,0.29482213,Low,44.33,True
7109-CQYUZ,52,Two year,Mailed check,89.25,4652.4,No,0.013762065,Low,23.51,False
1370-GGAWX,46,One year,Electronic check,94.15,4408.45,No,0.20908694,Low,38.42,True
4680-KUTAJ,11,Month-to-month,Electronic check,55.6,580.8,No,0.33362418,Medium,37.4,False
5307-UVGNB,53,Month-to-month,Bank transfer (automatic),48.7,2495.2,No,0.15502855,Low,23.16,False
4946-EDSEW,11,Month-to-month,Mailed check,19.25,180.3,Yes,0.06633923,Low,9.51,False
2883-ILGWO,57,Month-to-month,Bank transfer (automatic),104.9,5913.95,No,0.33458304,Medium,49.92,True
2516-VQRRV,2,Month-to-month,Mailed check,75.45,158.4,Yes,0.75737995,High,72.08,False
7580-UGXNC,2,Month-to-month,Mailed check,54.85,104.2,Yes,0.44446564,Medium,44.97,False
3642-BYHDO,71,Two year,Bank transfer (automatic),19.9,1389.35,No,0.0051948163,Low,5.39,False
9629-NHXFW,1,Month-to-month,Mailed check,19.4,19.4,No,0.5203843,Medium,41.33,False
2696-RZVZW,68,Two year,Credit card (automatic),25.05,1629.2,No,0.006873751,Low,6.81,False
5766-FTRTS,72,Two year,Mailed check,84.45,6033.1,No,0.004032947,Low,21.62,False
0396-HUJBP,2,Month-to-month,Mailed check,19.3,44.4,No,0.078618355,Low,10.38,False
5178-LMXOP,1,Month-to-month,Electronic check,95.1,95.1,Yes,0.9371449,High,89.63,True
8879-ZKJOF,41,One year,Bank transfer (automatic),79.85,3320.75,No,0.08352318,Low,26.02,False
6285-FTQBF,72,Two year,Credit card (automatic),25.55,1867.7,No,0.003640154,Low,6.71,False
8185-UPYBR,6,Month-to-month,Electronic check,75.5,438.0,Yes,0.7052648,High,68.44,False
4585-HETAI,4,Month-to-month,Electronic check,73.75,325.45,Yes,0.6413537,High,63.53,False
7526-BEZQB,12,Month-to-month,Electronic check,96.05,1148.1,Yes,0.87517935,High,85.53,True
1474-JUWSM,58,One year,Electronic check,68.4,3972.25,No,0.054761644,Low,21.11,False
3530-CRZSB,7,Month-to-month,Mailed check,20.65,155.9,No,0.0794095,Low,10.78,False
8498-XXGWA,65,Month-to-month,Mailed check,55.15,3673.15,No,0.050665498,Low,17.48,False
9617-INGJY,1,Month-to-month,Mailed check,70.6,70.6,No,0.77223366,High,71.89,False
0621-TSSMU,56,One year,Credit card (automatic),19.95,1126.75,No,0.033337492,Low,7.37,False
7234-KMNRQ,4,Month-to-month,Mailed check,19.0,73.45,No,0.03730233,Low,7.41,False
7636-PEPNS,58,One year,Mailed check,44.1,2413.05,No,0.06384674,Low,15.61,False
4683-WYDOU,62,Two year,Bank transfer (automatic),107.6,6912.7,No,0.30318785,Medium,48.41,True
9052-DHNKM,26,One year,Electronic check,61.55,1581.95,No,0.0534169,Low,19.29,False
6794-HKIAJ,62,Month-to-month,Bank transfer (automatic),90.7,5586.45,No,0.073620185,Low,28.07,True
5578-NKCXI,58,One year,Credit card (automatic),99.25,5846.65,No,0.07788004,Low,30.53,True
1642-HMARX,68,Two year,Electronic check,91.7,6424.7,No,0.024210753,Low,24.86,True
3096-WPXBT,61,One year,Credit card (automatic),100.7,6018.65,No,0.07506577,Low,30.69,True
8434-PNQZX,42,Two year,Credit card (automatic),78.45,3373.4,No,0.0318671,Low,22.05,False
5950-AAAGJ,18,Month-to-month,Bank transfer (automatic),84.3,1537.9,No,0.33456355,Medium,44.72,False
4299-OPXEJ,56,Two year,Bank transfer (automatic),19.55,1080.55,No,0.033152875,Low,7.26,False
4951-UKAAQ,4,Month-to-month,Electronic check,88.95,355.2,Yes,0.79942393,High,78.43,False
9618-LFJRU,4,Month-to-month,Credit card (automatic),20.45,82.85,No,0.086905494,Low,11.25,False
6693-DJWTY,35,One year,Credit card (automatic),55.6,2016.45,No,0.032932565,Low,16.35,False
0744-GKNGE,64,Month-to-month,Bank transfer (automatic),86.8,5327.25,No,0.0730351,Low,27.04,False
6447-EGDIV,31,One year,Mailed check,20.95,683.25,No,0.028198015,Low,7.27,False
1167-OYZJF,67,Two year,Bank transfer (automatic),20.05,1263.05,No,0.013066602,Low,5.98,False
2108-YKQTY,4,Month-to-month,Credit card (automatic),50.7,151.3,Yes,0.2785458,Low,32.31,False
4806-DXQCE,70,Two year,Electronic check,113.65,7714.65,No,0.073466025,Low,33.85,True
4918-QLLIW,3,Month-to-month,Credit card (automatic),53.4,188.7,Yes,0.4191476,Medium,42.83,False
7056-IMHCC,53,Month-to-month,Electronic check,101.9,5549.4,Yes,0.6312629,High,69.93,True
4854-SSLTN,2,Two year,Mailed check,59.5,130.5,No,0.015339824,Low,16.11,False
5294-DMSFH,29,Month-to-month,Credit card (automatic),87.8,2621.75,No,0.4160184,Medium,51.3,False
4837-PZTIC,47,Two year,Mailed check,41.9,1875.25,No,0.012315673,Low,11.45,False
1625-JAIIY,68,One year,Electronic check,83.0,5685.8,Yes,0.24173236,Low,37.89,False
0603-OLQDC,12,Month-to-month,Mailed check,69.85,837.5,No,0.17076738,Low,29.6,False
3272-VUHPV,8,Month-to-month,Bank transfer (automatic),56.3,401.5,No,0.18081655,Low,26.88,False
4176-FXYBO,54,Month-to-month,Electronic check,109.55,6118.95,No,0.37200966,Medium,53.72,True
1063-DHQJF,69,Two year,Mailed check,92.15,6480.9,No,0.02435243,Low,24.98,True
8663-UPDGF,26,Month-to-month,Bank transfer (automatic),69.5,1800.05,No,0.14075363,Low,27.41,False
6719-FGEDO,72,Two year,Bank transfer (automatic),97.0,7104.2,No,0.007473953,Low,25.03,True
1837-YQUCE,70,Two year,Bank transfer (automatic),58.35,4214.25,No,0.013846637,Low,15.71,False
2947-DOMLJ,1,Month-to-month,Mailed check,50.6,50.6,Yes,0.36650342,Medium,38.44,False
4112-LUEIZ,10,Month-to-month,Electronic check,89.5,863.1,Yes,0.6890413,High,70.84,False
0369-ZGOVK,28,One year,Bank transfer (automatic),70.4,1992.2,No,0.086225934,Low,23.82,False
4510-HIMLV,1,Month-to-month,Electronic check,69.8,69.8,Yes,0.86280483,High,78.03,False
9919-KNPOO,21,Month-to-month,Electronic check,94.3,1948.35,No,0.66498005,High,70.37,True
8749-JMNKX,51,Month-to-month,Bank transfer (automatic),93.8,4750.95,Yes,0.33789048,Medium,47.35,True
7872-BAAZR,53,One year,Bank transfer (automatic),19.55,1007.9,No,0.025812332,Low,6.75,False
9391-LMANN,53,One year,Electronic check,95.95,5036.9,No,0.09728137,Low,31.05,True
2430-USGXP,24,Month-to-month,Electronic check,101.05,2391.8,Yes,0.7442094,High,77.62,True
8174-TBVCF,70,Two year,Credit card (automatic),94.8,6859.05,No,0.025517575,Low,25.74,True
1698-XFZCI,61,One year,Electronic check,107.75,6521.9,No,0.210779,Low,41.98,True
1877-HKBQX,11,One year,Mailed check,54.6,617.85,No,0.051346462,Low,17.39,False
4450-DLLMH,2,Month-to-month,Credit card (automatic),71.3,157.75,No,0.5971306,Medium,59.81,False
0428-AXXLJ,25,One year,Bank transfer (automatic),19.5,516.3,No,0.026638154,Low,6.79,False
2746-DIJLO,41,One year,Credit card (automatic),56.3,2364.0,No,0.15499309,Low,25.07,False
5955-ERIHD,18,Month-to-month,Electronic check,94.7,1687.95,Yes,0.636701,High,68.49,True
0917-EZOLA,72,Two year,Bank transfer (automatic),104.15,7689.95,Yes,0.17541626,Low,38.59,True
3508-VLHCZ,71,Two year,Credit card (automatic),90.55,6239.05,No,0.0071623377,Low,23.38,True
4086-ATNFV,34,One year,Mailed check,60.8,2042.05,No,0.038131308,Low,18.03,False
0468-YRPXN,29,Month-to-month,Credit card (automatic),98.8,2807.1,No,0.43911478,Medium,55.7,True
5996-NRVXR,40,One year,Credit card (automatic),98.15,4116.8,No,0.15370342,Low,35.56,True
3739-YBWAB,36,One year,Mailed check,35.35,1317.95,No,0.037992448,Low,11.59,False
7047-FWEYA,46,One year,Electronic check,103.15,4594.65,No,0.28366897,Low,45.92,True
2000-MPKCA,58,One year,Electronic check,107.75,6332.75,No,0.29884723,Low,48.14,True
9762-YAQAA,39,One year,Credit card (automatic),81.4,3213.75,No,0.098069854,Low,27.43,False
5949-EBSQK,4,Month-to-month,Credit card (automatic),61.45,229.55,Yes,0.20192167,Low,29.66,False
5473-KHBPS,52,One year,Credit card (automatic),95.7,4976.15,No,0.10538942,Low,31.55,True
0100-DUVFC,70,One year,Electronic check,104.8,7308.95,No,0.39104527,Medium,53.85,True
5397-TUPSH,65,One year,Bank transfer (automatic),70.95,4555.2,No,0.054289475,Low,21.72,False
8950-MTZNV,1,Month-to-month,Mailed check,44.95,44.95,No,0.5278057,Medium,48.3,False
0326-VDYXE,70,One year,Electronic check,97.65,6982.5,No,0.24638416,Low,41.92,True
6773-LQTVT,29,Month-to-month,Mailed check,35.65,1025.15,No,0.28184813,Low,28.74,False
7274-RTAPZ,1,Month-to-month,Electronic check,90.55,90.55,Yes,0.8675147,High,83.6,True
0436-TWFFZ,67,Two year,Mailed check,85.25,5714.2,No,0.021318136,Low,23.03,False
8566-YPRGL,1,Month-to-month,Mailed check,19.5,19.5,No,0.44861552,Medium,36.33,False
0311-UNPFF,26,Month-to-month,Bank transfer (automatic),88.8,2274.35,Yes,0.386469,Medium,49.49,False
6609-MXJHJ,30,Two year,Mailed check,25.1,789.55,No,0.011064122,Low,7.12,False
2669-OIDSD,48,Month-to-month,Credit card (automatic),100.05,4834.0,No,0.28631318,Low,45.32,True
8400-WZICQ,55,Month-to-month,Electronic check,55.7,3131.8,No,0.10663569,Low,21.54,False
3834-XUIFC,7,Month-to-month,Mailed check,85.2,602.55,Yes,0.79073536,High,76.88,False
9576-SYUHJ,37,Month-to-month,Electronic check,91.15,3369.25,No,0.3205955,Medium,45.47,True
0410-IPFTY,31,Month-to-month,Bank transfer (automatic),83.85,2674.15,No,0.44102743,Medium,52.06,False
2831-EBWRN,4,Month-to-month,Electronic check,45.9,199.75,No,0.53052205,Medium,48.73,False
9430-NKQLY,72,Two year,Credit card (automatic),25.1,1790.8,No,0.003997526,Low,6.62,False
8414-MYSHR,5,Month-to-month,Electronic check,91.4,449.75,Yes,0.76149035,High,76.39,True
0247-SLUJI,1,Month-to-month,Mailed check,19.7,19.7,No,0.35452327,Medium,29.79,False
9402-ORRAH,15,Month-to-month,Electronic check,91.5,1400.3,No,0.5543341,Medium,61.92,True
6483-OATDN,8,Month-to-month,Credit card (automatic),51.3,411.6,No,0.18614219,Low,25.99,False
1293-HHSHJ,35,One year,Mailed check,21.1,741.0,No,0.020549951,Low,6.77,False
4840-ORQXB,56,Month-to-month,Electronic check,104.75,5841.35,No,0.36678585,Medium,52.14,True
7599-FKVXZ,42,Month-to-month,Bank transfer (automatic),106.15,4512.7,Yes,0.6054207,High,69.2,True
3982-DQLUS,65,Month-to-month,Electronic check,85.75,5688.45,No,0.18625155,Low,34.7,False
8610-ZIKJJ,2,One year,Mailed check,20.3,31.9,No,0.034625962,Low,7.55,False
3756-VNWDH,65,One year,Electronic check,100.75,6674.65,No,0.22534776,Low,41.23,True
7801-KICAO,18,Month-to-month,Electronic check,74.15,1345.75,No,0.5523184,Medium,57.39,False
7673-LPRNY,23,One year,Electronic check,78.55,1843.05,No,0.11662337,Low,28.01,False
8229-TNIQA,4,Month-to-month,Mailed check,45.3,196.95,Yes,0.38794506,Medium,38.6,False
6060-QBMGV,70,Two year,Credit card (automatic),19.85,1433.8,No,0.007665933,Low,5.55,False
7339-POGZN,4,Month-to-month,Electronic check,50.7,214.55,No,0.50716436,Medium,48.31,False
2828-SLQPF,19,Month-to-month,Bank transfer (automatic),45.0,865.85,No,0.2116397,Low,26.18,False
4465-VDKIQ,18,Month-to-month,Electronic check,77.8,1358.6,No,0.25025362,Low,37.17,False
2921-XWDJH,38,Month-to-month,Electronic check,83.45,3147.15,No,0.4198762,Medium,50.47,False
6221-AVQYL,2,Month-to-month,Credit card (automatic),73.25,131.05,Yes,0.6946104,High,67.13,False
2558-BUOZZ,47,One year,Bank transfer (automatic),94.8,4535.85,No,0.09025153,Low,30.27,True
9257-AZMTZ,52,Two year,Bank transfer (automatic),20.1,1078.75,No,0.013825707,Low,6.05,False
0003-MKNFE,9,Month-to-month,Mailed check,59.9,542.4,No,0.24409625,Low,32.22,False
0975-UYDTX,26,One year,Credit card (automatic),90.1,2312.55,No,0.09866816,Low,29.67,True
7743-EXURX,8,Month-to-month,Electronic check,51.05,415.05,Yes,0.4087347,Medium,41.51,False
4682-BLBUC,44,One year,Electronic check,70.95,3250.45,No,0.10505249,Low,25.28,False
0975-VOOVL,3,Month-to-month,Mailed check,29.2,98.5,No,0.36107892,Medium,32.65,False
5968-VXZLG,2,Month-to-month,Bank transfer (automatic),46.6,87.9,No,0.53694904,Medium,49.36,False
5569-KGJHX,9,Month-to-month,Bank transfer (automatic),85.35,754.65,Yes,0.6693643,High,68.42,False
4988-IQIGL,1,Month-to-month,Electronic check,75.35,75.35,Yes,0.90751487,High,82.56,False
5201-FRKKS,25,Month-to-month,Bank transfer (automatic),74.3,1952.25,No,0.18910909,Low,32.01,False
9799-CAYJJ,2,Month-to-month,Electronic check,69.3,153.8,No,0.6438638,High,62.58,False
7730-IUTDZ,43,Month-to-month,Electronic check,75.2,3198.6,Yes,0.37143183,Medium,45.0,False
0426-TIRNE,1,Month-to-month,Mailed check,20.9,20.9,Yes,0.40265685,Medium,33.47,False
5443-SCMKX,58,One year,Electronic check,94.3,5610.15,No,0.1935453,Low,37.37,True
8295-KMENE,59,Two year,Mailed check,76.45,4519.5,No,0.014646364,Low,20.34,False
6738-ISCBM,44,One year,Electronic check,54.0,2440.25,No,0.1927022,Low,27.13,False
9821-BESNZ,66,One year,Electronic check,104.25,6860.6,No,0.34762424,Medium,50.67,True
3678-MNGZX,68,Two year,Bank transfer (automatic),19.95,1377.7,No,0.0068385974,Low,5.52,False
1335-NTIUC,9,Month-to-month,Electronic check,24.95,190.25,No,0.5283412,Medium,43.29,False
2916-BQZLN,19,Month-to-month,Electronic check,84.75,1651.95,No,0.44186336,Medium,52.34,False
4558-CGYCZ,4,Month-to-month,Mailed check,19.75,78.3,No,0.14253198,Low,14.97,False
2368-GAKKQ,70,Two year,Bank transfer (automatic),113.65,7939.25,No,0.048172176,Low,32.08,True
8710-YGLWG,1,Month-to-month,Mailed check,44.9,44.9,No,0.5278057,Medium,48.29,False
3199-XGZCY,8,Month-to-month,Electronic check,75.25,576.7,No,0.7175675,High,69.24,False
3785-KTYSH,53,Two year,Mailed check,24.6,1279.0,No,0.012323727,Low,7.08,False
6814-ZPWFQ,51,One year,Bank transfer (automatic),25.0,1260.7,No,0.034844242,Low,8.75,False
4063-EIKNQ,11,Month-to-month,Bank transfer (automatic),20.95,267.35,No,0.09317069,Low,11.81,False
6993-YCOBK,60,Two year,Electronic check,110.6,6586.85,No,0.08530725,Low,33.91,True
5206-HPJKM,17,Month-to-month,Credit card (automatic),55.5,934.15,No,0.15445995,Low,24.83,False
7587-RZNME,3,Month-to-month,Electronic check,43.3,123.65,Yes,0.49563092,Medium,45.63,False
0748-RDGGM,70,One year,Bank transfer (automatic),109.5,7534.65,Yes,0.39040977,Medium,54.99,True
8393-JMVMB,1,Month-to-month,Mailed check,19.45,19.45,No,0.3323277,Medium,28.18,False
5019-GQVCR,43,Month-to-month,Electronic check,84.85,3645.6,No,0.5611437,Medium,60.72,False
6036-TTFYU,16,Month-to-month,Mailed check,19.6,314.45,No,0.11235398,Low,12.82,False
2550-AEVRU,57,One year,Electronic check,53.45,3053.0,No,0.04941036,Low,16.96,False
0969-RGKCU,37,One year,Credit card (automatic),19.8,677.05,No,0.01964075,Low,6.38,False
0378-CJKPV,72,Two year,Credit card (automatic),112.1,7965.95,No,0.006710512,Low,28.79,True
4706-AXVKM,11,Month-to-month,Credit card (automatic),84.8,906.85,Yes,0.7213273,High,71.92,False
5889-JTMUL,50,Month-to-month,Electronic check,95.05,4888.7,Yes,0.48053008,Medium,57.65,True
9026-RNUJS,5,Month-to-month,Electronic check,50.35,237.25,Yes,0.4176067,Medium,41.95,False
3746-EUBYR,1,Month-to-month,Bank transfer (automatic),74.6,74.6,Yes,0.8685877,High,79.65,False
2332-EFBJY,16,Month-to-month,Mailed check,19.7,342.4,Yes,0.14594257,Low,15.19,False
2880-FPNAE,2,Month-to-month,Electronic check,74.2,140.1,No,0.64042574,High,63.58,False
1703-MGIAB,17,Month-to-month,Mailed check,69.0,1108.0,No,0.2615336,Low,35.74,False
4311-QTTAI,16,One year,Credit card (automatic),19.35,295.55,No,0.03647088,Low,7.44,False
9474-PHLYD,15,Month-to-month,Electronic check,59.45,892.65,Yes,0.30758554,Medium,36.55,False
4318-RAJVY,10,One year,Mailed check,19.8,198.25,No,0.043215785,Low,8.03,False
2165-VOEGB,46,One year,Bank transfer (automatic),105.2,4822.85,Yes,0.14530356,Low,36.75,True
3612-YUNGG,64,Two year,Credit card (automatic),109.2,6741.15,No,0.061341938,Low,31.88,True
2254-DLXRI,1,Month-to-month,Mailed check,79.15,79.15,No,0.8853952,High,81.97,False
5062-CJJKH,25,One year,Mailed check,53.65,1355.45,No,0.07883653,Low,19.07,False
9028-LIHRP,71,Two year,Credit card (automatic),100.2,7209.0,No,0.011954372,Low,26.15,True
2219-MVUSO,8,Month-to-month,Mailed check,45.15,438.4,Yes,0.2570182,Low,29.4,False
1053-MXTTK,72,Two year,Bank transfer (automatic),108.65,7726.35,No,0.024677018,Low,29.18,True
1530-ZTDOZ,49,Month-to-month,Bank transfer (automatic),40.65,2070.75,No,0.16488831,Low,21.81,False
1301-LOPVR,29,One year,Credit card (automatic),55.35,1636.95,No,0.0539647,Low,17.76,False
0853-TWRVK,72,Two year,Bank transfer (automatic),105.6,7581.5,No,0.021642955,Low,28.19,True
8914-RBTSB,31,Month-to-month,Electronic check,93.8,3019.5,Yes,0.34978843,Medium,48.18,True
6212-ATMLK,50,Month-to-month,Electronic check,95.7,4729.75,No,0.5567065,Medium,63.15,True
8200-LGKSR,71,Two year,Electronic check,83.2,6126.1,No,0.019599576,Low,22.39,False
1568-BEKZM,70,Two year,Credit card (automatic),90.05,6333.4,No,0.02688935,Low,24.63,True
0670-ANMUU,71,One year,Credit card (automatic),97.65,6687.85,No,0.051884674,Low,28.3,True
6897-RWMUB,61,Two year,Bank transfer (automatic),68.05,4158.25,No,0.0078055267,Low,17.74,False
0963-ZBDRN,32,Month-to-month,Electronic check,96.2,3183.4,Yes,0.4337428,Medium,54.67,True
7594-RQHXR,1,Month-to-month,Electronic check,79.6,79.6,Yes,0.86294603,High,80.52,False
6999-CHVCF,68,Two year,Bank transfer (automatic),102.1,7149.35,No,0.074742615,Low,31.03,True
6134-KWTBV,62,Two year,Bank transfer (automatic),23.4,1429.65,No,0.011787298,Low,6.74,False
1077-HUUJM,7,Month-to-month,Electronic check,71.05,472.65,No,0.5714014,Medium,57.95,False
6331-EWIEB,20,Month-to-month,Electronic check,85.25,1734.5,Yes,0.6189187,High,64.86,False
0895-LNKRC,6,One year,Mailed check,19.45,113.5,No,0.030485546,Low,7.05,False
2045-BMBTJ,33,Month-to-month,Bank transfer (automatic),59.45,1884.65,No,0.24583033,Low,32.23,False
8417-GSODA,28,One year,Bank transfer (automatic),92.2,2568.15,No,0.16321377,Low,34.72,True
5171-EPLKN,27,Two year,Credit card (automatic),19.85,470.0,No,0.009263763,Low,5.66,False
4452-QIIEB,7,Month-to-month,Mailed check,43.9,278.4,No,0.21594176,Low,26.21,False
5998-VVEJY,26,Month-to-month,Electronic check,80.5,2088.8,Yes,0.4107321,Medium,49.09,False
1624-NALOJ,5,Month-to-month,Electronic check,89.8,502.6,Yes,0.82414746,High,80.38,False
6741-EGCBI,30,Month-to-month,Credit card (automatic),90.5,2595.85,No,0.34114584,Medium,46.74,True
7820-ZYGNY,63,One year,Credit card (automatic),90.45,5825.5,No,0.063369036,Low,27.29,True
4317-VTEOA,1,Month-to-month,Electronic check,50.75,50.75,Yes,0.64285016,High,57.82,False
9677-AVKED,53,One year,Electronic check,84.6,4449.75,No,0.1129914,Low,29.28,False
1670-SVOWZ,14,Month-to-month,Credit card (automatic),89.65,1208.35,Yes,0.522267,Medium,59.21,False
2227-JRSJX,21,Month-to-month,Bank transfer (automatic),99.15,1956.4,No,0.48447293,Medium,58.96,True
9847-HNVGP,17,One year,Mailed check,19.95,310.6,No,0.02424042,Low,6.74,False
6696-YDAYZ,16,Two year,Mailed check,20.5,290.55,No,0.009519361,Low,5.85,False
8980-WQFWL,35,Month-to-month,Electronic check,62.1,2096.1,No,0.1991275,Low,29.63,False
1730-ZMAME,32,Month-to-month,Electronic check,79.5,2665.0,No,0.51108587,Medium,55.86,False
6506-EYCNH,28,Month-to-month,Bank transfer (automatic),19.55,543.8,No,0.08710062,Low,11.04,False
4634-JLRJT,1,Month-to-month,Mailed check,20.35,20.35,No,0.3785889,Medium,31.64,False
9501-UKKNL,59,Month-to-month,Electronic check,51.7,3005.8,No,0.23981994,Low,29.85,False
2560-QTSBS,72,One year,Bank transfer (automatic),23.3,1623.15,No,0.011737956,Low,6.71,False
7541-YLXCL,36,One year,Mailed check,65.4,2498.4,Yes,0.16537288,Low,28.1,False
4795-WRNVT,40,Month-to-month,Mailed check,65.1,2586.0,No,0.11532044,Low,24.52,False
6080-TCMYC,40,Month-to-month,Electronic check,81.2,3292.3,No,0.47360086,Medium,53.67,False
0260-ZDLGK,9,Month-to-month,Mailed check,72.9,651.4,Yes,0.23815617,Low,35.09,False
7860-UXCRM,63,Two year,Credit card (automatic),74.5,4674.55,No,0.014526355,Low,19.84,False
6357-JJPQT,3,Month-to-month,Electronic check,80.5,232.35,No,0.6676097,High,67.07,False
2292-XQWSV,40,One year,Mailed check,60.3,2448.5,No,0.14207272,Low,25.18,False
9552-TGUZV,8,Month-to-month,Mailed check,75.0,658.1,No,0.44188225,Medium,49.88,False
5913-INRQV,34,One year,Mailed check,90.15,3128.8,No,0.06344756,Low,27.22,True
8722-NGNBH,5,Month-to-month,Mailed check,40.0,223.45,Yes,0.21465488,Low,25.13,False
6210-KBBPI,9,Month-to-month,Credit card (automatic),99.45,919.4,Yes,0.87928724,High,86.67,True
9643-YBLUR,9,Month-to-month,Credit card (automatic),69.05,653.95,No,0.2831591,Low,37.27,False
8734-FNWVH,31,Month-to-month,Bank transfer (automatic),59.7,1825.5,No,0.11018175,Low,22.79,False
9447-YPTBX,50,One year,Bank transfer (automatic),19.85,943.1,No,0.031608805,Low,7.23,False
0133-BMFZO,2,Month-to-month,Electronic check,86.25,181.65,Yes,0.488915,Medium,56.01,False
6128-CZOMY,1,Month-to-month,Electronic check,45.65,45.65,Yes,0.65442663,High,57.34,False
9540-JYROE,8,Month-to-month,Mailed check,70.1,551.35,Yes,0.49702188,Medium,52.5,False
9026-LHEVG,9,Month-to-month,Electronic check,40.75,359.4,No,0.3070522,Medium,31.79,False
2260-USTRB,2,Month-to-month,Bank transfer (automatic),70.2,115.95,Yes,0.6844371,High,65.65,False
3656-TKRVZ,3,Month-to-month,Electronic check,55.35,165.2,Yes,0.29619038,Low,34.72,False
7011-CVEUC,25,Month-to-month,Credit card (automatic),95.7,2338.35,No,0.3735225,Medium,50.32,True
6185-TASNN,1,Month-to-month,Electronic check,46.3,46.3,No,0.6784132,High,59.19,False
7925-PNRGI,45,Month-to-month,Mailed check,81.3,3541.1,No,0.0640249,Low,25.02,False
8623-TMRBY,51,Month-to-month,Electronic check,84.2,4146.05,Yes,0.4950908,Medium,55.93,False
1552-CZCLL,55,Month-to-month,Credit card (automatic),20.0,1087.25,No,0.055648554,Low,8.95,False
3038-PQIUY,38,Month-to-month,Bank transfer (automatic),66.15,2522.4,No,0.16210388,Low,28.06,False
1501-SGHBW,2,Month-to-month,Mailed check,45.85,81.0,Yes,0.4873437,Medium,45.7,False
9313-CDOGY,38,Month-to-month,Electronic check,19.6,717.3,No,0.07554544,Low,10.24,False
8148-BPLZQ,34,Month-to-month,Electronic check,49.8,1734.2,No,0.15584663,Low,23.49,False
2623-DRYAM,70,One year,Electronic check,101.75,7069.3,No,0.27379206,Low,44.87,True
9987-LUTYD,13,One year,Mailed check,55.15,742.9,No,0.055913847,Low,17.85,False
3208-YPIOE,39,Month-to-month,Electronic check,75.25,3017.65,Yes,0.45166764,Medium,50.63,False
4488-KQFDT,61,One year,Electronic check,103.95,6423.0,No,0.2860656,Low,46.29,True
2612-RANWT,12,Month-to-month,Bank transfer (automatic),100.15,1164.3,Yes,0.8634186,High,85.74,True
5693-PIPCS,41,Two year,Credit card (automatic),99.65,4220.35,No,0.06846996,Low,29.97,True
0491-KAPQG,21,Month-to-month,Electronic check,73.7,1558.7,No,0.5532001,Medium,57.34,False
1925-LFCZZ,55,One year,Bank transfer (automatic),50.05,2743.45,No,0.14300612,Low,22.65,False
8039-EQPIM,69,Two year,Bank transfer (automatic),60.25,4055.5,No,0.01364669,Low,16.18,False
6900-PXRMS,26,Month-to-month,Electronic check,105.75,2710.25,Yes,0.57376766,Medium,66.88,True
8707-RMEZH,69,One year,Credit card (automatic),87.3,6055.55,No,0.08679611,Low,28.13,False
3346-BRMIS,18,Month-to-month,Electronic check,48.35,810.7,Yes,0.66806656,High,58.98,False
3209-ZPKFI,47,Month-to-month,Electronic check,54.25,2538.2,No,0.22829978,Low,29.69,False
6479-VDGRK,72,Two year,Bank transfer (automatic),85.3,6129.2,No,0.003918535,Low,21.82,False
9373-WSLOY,33,Month-to-month,Electronic check,50.0,1750.85,No,0.21121101,Low,27.42,False
2933-FILNV,2,Month-to-month,Mailed check,24.4,36.55,Yes,0.48325607,Medium,39.99,False
3569-JFODW,72,Two year,Credit card (automatic),90.95,6652.45,No,0.0042880555,Low,23.28,True
9819-FBNSV,37,Month-to-month,Bank transfer (automatic),72.25,2575.45,No,0.3607479,Medium,43.5,False
9544-PYPSJ,62,Month-to-month,Credit card (automatic),96.1,6019.35,No,0.20008743,Low,38.28,True
1591-XWLGB,71,Two year,Credit card (automatic),19.85,1379.6,No,0.0055139787,Low,5.4,False
0396-UKGAI,23,Month-to-month,Bank transfer (automatic),55.3,1284.2,No,0.105186634,Low,21.33,False
3243-ZHOHY,16,One year,Mailed check,20.1,296.15,No,0.026850019,Low,6.96,False
5186-EJEGL,9,Month-to-month,Mailed check,69.5,653.25,No,0.14288762,Low,27.56,False
7527-QNRUS,17,Two year,Mailed check,25.15,412.6,No,0.016736744,Low,7.53,False
9986-BONCE,4,Month-to-month,Bank transfer (automatic),20.95,85.5,Yes,0.13062754,Low,14.44,False
2722-JMONI,1,Month-to-month,Electronic check,49.55,49.55,Yes,0.64215165,High,57.47,False
2203-GHNWN,24,Month-to-month,Mailed check,79.65,1928.7,No,0.35923567,Medium,45.27,False
3878-AVSOQ,1,Month-to-month,Electronic check,71.25,71.25,No,0.80939955,High,74.66,False
3258-SYSWS,72,Two year,Bank transfer (automatic),113.8,7845.8,No,0.024644399,Low,30.47,True
5296-PSYVW,72,Two year,Electronic check,24.55,1750.7,No,0.010484425,Low,6.94,False
6319-QSUSR,11,Month-to-month,Credit card (automatic),19.7,216.2,No,0.09894171,Low,11.9,False
4083-EUGRJ,9,Month-to-month,Mailed check,20.25,178.5,Yes,0.087902434,Low,11.27,False
7579-OOPEC,2,Month-to-month,Credit card (automatic),50.15,115.1,Yes,0.4635338,Medium,45.12,False
0512-FLFDW,60,One year,Credit card (automatic),100.5,6029.0,No,0.20296828,Low,39.6,True
1771-OADNZ,29,Month-to-month,Electronic check,95.9,2745.2,Yes,0.6186286,High,67.53,True
0487-CRLZF,49,Two year,Bank transfer (automatic),74.45,3721.9,No,0.024368003,Low,20.51,False
2107-FBPTK,30,Month-to-month,Electronic check,104.1,3121.1,No,0.5056801,Medium,61.7,True
9451-WLYRI,53,One year,Credit card (automatic),19.05,990.45,No,0.009711361,Low,5.49,False
8219-VYBVI,39,Two year,Mailed check,25.0,1004.35,No,0.008907683,Low,6.94,False
1991-VOPLL,9,Month-to-month,Mailed check,19.05,157.65,No,0.040795755,Low,7.67,False
9738-QLWTP,39,One year,Electronic check,81.9,3219.75,No,0.12848754,Low,29.68,False
1016-DJTSV,8,Month-to-month,Electronic check,69.7,572.85,No,0.55365974,Medium,56.36,False
9419-IPPBE,51,One year,Electronic check,90.15,4554.85,No,0.18654294,Low,35.83,True
0174-QRVVY,71,Two year,Credit card (automatic),25.35,1847.55,No,0.0043676603,Low,6.71,False
5699-BNCAS,71,Two year,Mailed check,24.65,1766.75,No,0.008387661,Low,6.81,False
2900-PHPLN,70,Two year,Credit card (automatic),19.55,1462.05,No,0.0120116165,Low,5.78,False
0612-RTZZA,1,Month-to-month,Electronic check,25.25,25.25,Yes,0.7367709,High,57.95,False
8106-GWQOK,38,Two year,Bank transfer (automatic),60.0,2193.2,No,0.020812996,Low,16.61,False
8751-EDEKA,28,Month-to-month,Credit card (automatic),89.9,2433.5,No,0.26183861,Low,41.04,True
6878-GGDWG,32,Month-to-month,Bank transfer (automatic),19.4,641.15,No,0.07894558,Low,10.43,False
4039-PIMHX,49,Two year,Mailed check,49.8,2398.4,No,0.06505654,Low,17.14,False
8450-LUGUK,37,Two year,Bank transfer (automatic),24.1,861.85,No,0.014149447,Low,7.08,False
3604-WLABM,10,Month-to-month,Electronic check,54.25,583.0,No,0.26459488,Low,32.23,False
0795-GMVQO,67,One year,Credit card (automatic),109.9,7332.4,No,0.22893403,Low,43.79,True
2259-OUUSZ,7,One year,Credit card (automatic),35.5,249.55,No,0.13826081,Low,18.65,False
1142-IHLOO,51,One year,Credit card (automatic),87.55,4475.9,No,0.1284002,Low,31.11,False
6410-LEFEN,9,Month-to-month,Electronic check,45.15,416.45,Yes,0.30472058,Medium,32.74,False
4633-MKHYU,9,Month-to-month,Mailed check,88.4,788.6,No,0.63382226,High,66.7,False
6257-RJOHI,4,Month-to-month,Mailed check,50.8,202.3,No,0.2867154,Low,32.9,False
1545-JFUML,71,Two year,Electronic check,99.0,6994.6,No,0.042134304,Low,27.96,True
3194-ORPIK,50,Month-to-month,Bank transfer (automatic),84.4,4116.15,Yes,0.37339392,Medium,47.46,False
7826-VVKWT,24,Two year,Electronic check,96.55,2263.45,No,0.16770181,Low,36.13,True
1353-GHZOS,22,One year,Bank transfer (automatic),59.75,1374.35,No,0.05002414,Low,18.6,False
2587-EKXTS,44,Month-to-month,Electronic check,111.5,4915.15,No,0.3594193,Medium,53.33,True
5442-BXVND,33,Month-to-month,Bank transfer (automatic),24.25,838.5,No,0.055393018,Low,10.0,False
8816-VXNZD,1,Month-to-month,Electronic check,75.1,75.1,Yes,0.8916038,High,81.38,False
9378-FXTIZ,54,One year,Credit card (automatic),70.15,3715.65,Yes,0.098079175,Low,24.59,False
1723-HKXJQ,42,Month-to-month,Electronic check,101.75,4273.45,Yes,0.6950722,High,74.36,True
7825-GKXMW,1,Month-to-month,Electronic check,45.8,45.8,Yes,0.5620251,Medium,50.91,False
9753-OYLBX,1,Month-to-month,Mailed check,20.5,20.5,No,0.36309332,Medium,30.6,False
2364-UFROM,30,One year,Electronic check,70.4,2044.75,No,0.053066835,Low,21.5,False
6656-JWRQX,1,Month-to-month,Mailed check,30.55,30.55,No,0.35561597,Medium,32.61,False
6473-ULUHT,16,Month-to-month,Electronic check,84.9,1398.25,No,0.15315068,Low,32.17,False
1240-KNSEZ,1,Month-to-month,Mailed check,20.1,20.1,Yes,0.50306934,Medium,40.29,False
0836-SEYLU,9,Month-to-month,Mailed check,40.65,328.95,Yes,0.34910032,Medium,34.71,False
4433-JCGCG,46,Month-to-month,Electronic check,101.0,4680.05,Yes,0.6815757,High,73.23,True
3716-BDVDB,1,Month-to-month,Electronic check,69.1,69.1,Yes,0.862218,High,77.81,False
7688-AWMDX,71,Two year,Bank transfer (automatic),54.5,3778.2,No,0.005423048,Low,14.15,False
2842-BCQGE,43,Month-to-month,Credit card (automatic),75.35,3161.4,No,0.3500557,Medium,43.54,False
7244-QWYHG,50,One year,Bank transfer (automatic),44.45,2188.45,No,0.041275892,Low,14.12,False
5899-MQZZL,13,Month-to-month,Mailed check,75.0,999.45,Yes,0.5071603,Medium,54.45,False
6849-OYAMU,19,One year,Bank transfer (automatic),100.0,1888.65,Yes,0.23142305,Low,41.46,True
5312-UXESG,41,Month-to-month,Bank transfer (automatic),98.05,3990.6,No,0.3380299,Medium,48.43,True
9488-HGMJH,1,Month-to-month,Electronic check,71.15,71.15,Yes,0.80939955,High,74.63,False
6038-GCYEC,24,Month-to-month,Credit card (automatic),54.15,1240.25,Yes,0.34958756,Medium,38.15,False
2150-WLKUW,40,One year,Bank transfer (automatic),63.9,2635.0,No,0.074268505,Low,21.34,False
7159-FVYPK,3,Month-to-month,Bank transfer (automatic),69.15,235.0,No,0.43683895,Medium,48.05,False
7032-LMBHI,37,One year,Bank transfer (automatic),64.65,2347.85,No,0.050159846,Low,19.84,False
1150-WFARN,67,Two year,Credit card (automatic),108.75,7156.2,Yes,0.13089919,Low,36.64,True
6088-BXMRG,32,Month-to-month,Electronic check,98.85,3089.6,No,0.55177623,Medium,63.6,True
3144-AUDBS,6,Month-to-month,Electronic check,49.15,270.8,Yes,0.39834943,Medium,40.3,False
4821-SJHJV,32,Month-to-month,Electronic check,89.6,2901.8,No,0.3005867,Medium,43.68,False
7346-MEDWM,59,Month-to-month,Electronic check,83.25,4949.1,No,0.31989172,Medium,43.42,False
1137-DGOWI,30,One year,Bank transfer (automatic),70.25,2198.9,No,0.08049408,Low,23.38,False
5616-PRTNT,20,Month-to-month,Electronic check,19.4,374.5,Yes,0.20548326,Low,19.28,False
3812-LRZIR,27,Two year,Electronic check,24.5,761.95,No,0.014331884,Low,7.19,False
4818-QIUFN,20,Month-to-month,Electronic check,79.15,1520.9,Yes,0.53583914,Medium,57.5,False
9483-GCPWE,9,One year,Mailed check,20.1,190.25,No,0.023620492,Low,6.73,False
4227-OJHAL,68,One year,Credit card (automatic),73.0,5163.0,No,0.091403015,Low,24.84,False
9220-CXRSC,69,Two year,Credit card (automatic),61.4,4059.85,No,0.011633366,Low,16.33,False
4993-JCRGJ,26,Month-to-month,Mailed check,84.3,2281.6,No,0.25633913,Low,39.24,False
9537-JALFH,69,Two year,Bank transfer (automatic),19.9,1356.7,No,0.0068385974,Low,5.51,False
6698-OXETB,11,Two year,Mailed check,20.4,231.45,No,0.010561392,Low,5.89,False
2103-ZRXFN,1,Month-to-month,Mailed check,50.75,50.75,No,0.5815845,Medium,53.53,False
3724-BSCVH,10,One year,Mailed check,20.45,242.4,No,0.023412105,Low,6.81,False
4877-TSOFF,55,One year,Bank transfer (automatic),75.75,4264.25,No,0.044577427,Low,22.26,False
9209-NWPGU,44,One year,Electronic check,65.4,2774.55,No,0.06916625,Low,21.36,False
6961-VCPMC,46,Month-to-month,Electronic check,80.4,3605.2,Yes,0.39353454,Medium,47.86,False
7306-YDSOI,69,Two year,Bank transfer (automatic),59.75,4069.9,No,0.01027988,Low,15.81,False
5288-AHOUP,11,Month-to-month,Electronic check,78.5,874.2,No,0.55968386,Medium,59.01,False
6688-UZPWD,11,Month-to-month,Electronic check,102.0,1145.35,Yes,0.86224985,High,86.13,True
0655-YDGFJ,29,Month-to-month,Bank transfer (automatic),48.95,1323.7,No,0.08812929,Low,18.54,False
8468-EHYJA,57,Month-to-month,Electronic check,99.65,5497.05,No,0.39557976,Medium,52.87,True
6823-SIDFQ,28,One year,Credit card (automatic),18.25,534.7,No,0.0066552954,Low,5.08,False
1097-FSPVW,42,Month-to-month,Credit card (automatic),54.55,2455.05,No,0.1556657,Low,24.68,False
2839-RFSQE,2,Month-to-month,Mailed check,20.65,38.7,Yes,0.10275353,Low,12.41,False
8328-SKJNO,23,One year,Bank transfer (automatic),40.65,947.4,No,0.04099477,Low,13.14,False
7010-ZMVBF,18,Month-to-month,Mailed check,20.45,357.0,No,0.06295171,Low,9.57,False
5201-CBWYG,62,One year,Bank transfer (automatic),24.8,1476.25,No,0.0182802,Low,7.54,False
0968-GSIKN,1,Month-to-month,Mailed check,70.8,70.8,Yes,0.7878757,High,73.04,False
1965-DDBWU,16,Month-to-month,Credit card (automatic),89.05,1448.6,Yes,0.45033732,Medium,54.02,False
9057-SIHCH,3,Month-to-month,Electronic check,96.6,291.9,Yes,0.87719494,High,85.81,True
6352-GIGGQ,67,One year,Bank transfer (automatic),88.8,5903.15,No,0.089710735,Low,28.71,False
3635-QQRQD,62,Two year,Credit card (automatic),20.05,1201.65,No,0.011861579,Low,5.9,False
6771-XWBDM,57,Month-to-month,Credit card (automatic),104.5,5921.35,Yes,0.4091081,Medium,55.04,True
2897-DOVND,2,Month-to-month,Electronic check,69.8,146.65,No,0.624691,High,61.36,False
3082-YVEKW,23,Two year,Bank transfer (automatic),77.15,1759.4,No,0.019142589,Low,20.83,False
0191-EQUUH,25,Two year,Bank transfer (automatic),35.05,844.45,No,0.021074245,Low,10.33,False
7134-HBPBS,72,Two year,Bank transfer (automatic),108.1,7774.05,No,0.057390023,Low,31.33,True
3489-HHPFY,2,Month-to-month,Electronic check,84.05,134.05,No,0.8180954,High,78.5,False
2926-JEJJC,8,One year,Bank transfer (automatic),20.2,140.95,No,0.043339357,Low,8.14,False
8601-QACRS,5,Month-to-month,Mailed check,50.6,249.95,Yes,0.44171232,Medium,43.7,False
4950-BDEUX,35,Month-to-month,Electronic check,49.2,1701.65,No,0.25199258,Low,30.07,False
5789-LDFXO,24,One year,Electronic check,24.6,592.65,No,0.043493807,Low,9.26,False
0508-OOLTO,2,Month-to-month,Electronic check,71.65,135.75,No,0.61746174,High,61.32,False
2984-TBYKU,72,Two year,Credit card (automatic),104.9,7732.65,No,0.015531124,Low,27.59,True
9822-WMWVG,41,Month-to-month,Electronic check,106.5,4282.4,No,0.38194382,Medium,53.64,True
2391-SOORI,4,Month-to-month,Electronic check,49.35,219.65,Yes,0.34825316,Medium,36.85,False
9040-KZVWO,26,One year,Bank transfer (automatic),75.5,2018.1,No,0.05376346,Low,22.84,False
2645-QTLMB,7,Month-to-month,Electronic check,94.25,669.0,Yes,0.7418623,High,75.74,True
4806-HIPDW,1,Month-to-month,Electronic check,68.95,68.95,Yes,0.8664792,High,78.07,False
1548-ARAGG,4,Month-to-month,Mailed check,58.5,224.85,No,0.31299222,Medium,36.69,False
6339-RZCBJ,48,Two year,Credit card (automatic),78.9,3771.5,No,0.015954876,Low,21.05,False
4424-TKOPW,2,Month-to-month,Electronic check,93.85,196.75,Yes,0.8849356,High,85.65,True
4415-WNGVR,12,One year,Electronic check,79.2,943.85,No,0.13818063,Low,29.68,False
2522-AHJXR,60,Month-to-month,Bank transfer (automatic),109.45,6572.85,No,0.21636501,Low,42.8,True
0412-UCCNP,55,Two year,Electronic check,59.2,3175.85,No,0.030848684,Low,17.12,False
1816-FLZDK,1,Month-to-month,Mailed check,29.15,29.15,No,0.31634837,Medium,29.51,False
7096-UCLNH,1,Month-to-month,Mailed check,20.05,20.05,No,0.3918267,Medium,32.49,False
8443-ZRDBZ,4,Month-to-month,Electronic check,76.05,318.9,Yes,0.7145775,High,69.23,False
9136-ALYBR,1,Month-to-month,Mailed check,24.45,24.45,Yes,0.6222616,High,49.74,False
4615-PIVVU,42,Two year,Credit card (automatic),66.5,2762.75,No,0.030938009,Low,18.97,False
8885-QSQBX,1,Month-to-month,Bank transfer (automatic),49.55,49.55,No,0.34398678,Medium,36.6,False
7479-NITWS,7,Month-to-month,Credit card (automatic),89.35,631.85,Yes,0.7833138,High,77.4,False
8617-ENBDS,3,Month-to-month,Credit card (automatic),73.6,232.5,No,0.53539044,Medium,56.07,False
9385-NXKDA,72,Two year,Credit card (automatic),82.65,5919.35,No,0.008561831,Low,21.48,False
0430-IHCDJ,15,Month-to-month,Electronic check,49.0,749.25,No,0.5097337,Medium,48.06,False
2959-MJHIC,4,Month-to-month,Electronic check,80.35,307.4,Yes,0.6859561,High,68.32,False
6674-KVJHG,11,One year,Electronic check,25.2,245.15,No,0.052369535,Low,10.03,False
1814-DKOLC,5,Month-to-month,Mailed check,25.45,134.75,No,0.13265848,Low,15.72,False
4201-JMNGR,1,Month-to-month,Electronic check,55.8,55.8,Yes,0.7117999,High,63.92,False
9351-HXDMR,72,Two year,Credit card (automatic),110.9,8240.85,No,0.03617726,Low,30.55,True
3537-HPKQT,55,Month-to-month,Credit card (automatic),77.75,4266.4,No,0.25210384,Low,37.29,False
2129-ALKBS,40,Month-to-month,Electronic check,26.2,1077.5,No,0.10003949,Low,13.62,False
5821-MMEIL,57,Two year,Bank transfer (automatic),19.9,1115.6,No,0.022919148,Low,6.63,False
5960-WPXQM,1,Month-to-month,Electronic check,79.05,79.05,Yes,0.8814858,High,81.67,False
0684-AOSIH,1,Month-to-month,Electronic check,95.0,95.0,Yes,0.8262763,High,81.84,True
8260-NGFNY,1,Month-to-month,Mailed check,25.2,25.2,Yes,0.47903654,Medium,39.9,False
1309-XGFSN,52,One year,Electronic check,80.85,4079.55,No,0.18829529,Low,33.61,False
1866-RZZQS,41,Month-to-month,Electronic check,98.4,4187.75,Yes,0.7517415,High,77.48,True
6968-URWQU,43,One year,Mailed check,56.35,2391.15,No,0.12863767,Low,23.24,False
4742-TXUEX,47,Two year,Bank transfer (automatic),19.3,890.5,No,0.010852374,Low,5.64,False
9631-XEYKE,3,Month-to-month,Bank transfer (automatic),50.4,137.25,No,0.42996144,Medium,42.83,False
8631-NBHFZ,66,Two year,Credit card (automatic),79.4,5154.6,Yes,0.068887725,Low,24.88,False
1335-MXCSE,55,Two year,Credit card (automatic),55.25,3119.9,No,0.021818051,Low,15.49,False
8873-TMKGR,29,One year,Mailed check,19.1,529.5,No,0.0071787713,Low,5.33,False
8800-JOOCF,12,Month-to-month,Electronic check,84.05,966.55,No,0.6563179,High,67.18,False
1469-LBJQJ,66,Month-to-month,Electronic check,105.2,6936.85,No,0.48375088,Medium,60.44,True
4958-XCBDQ,35,Month-to-month,Electronic check,101.4,3496.3,Yes,0.6194203,High,68.98,True
8337-UPOAQ,10,Month-to-month,Electronic check,89.8,914.3,Yes,0.7971609,High,78.49,False
0064-YIJGF,27,Month-to-month,Bank transfer (automatic),75.75,1929.0,No,0.24502245,Low,36.29,False
2386-OWURY,58,Month-to-month,Electronic check,95.3,5817.7,No,0.24198078,Low,41.01,True
1725-IQNIY,54,Two year,Bank transfer (automatic),109.75,6110.2,Yes,0.24868675,Low,45.13,True
0310-VQXAM,9,Month-to-month,Mailed check,19.85,178.8,No,0.11715768,Low,13.22,False
6598-RFFVI,2,One year,Credit card (automatic),19.3,28.3,Yes,0.02592724,Low,6.69,False
3453-RTHJQ,6,Month-to-month,Electronic check,69.1,435.0,No,0.55691963,Medium,56.44,False
6712-OAWRH,26,Month-to-month,Electronic check,91.25,2351.8,Yes,0.5520846,Medium,61.7,True
6278-FEPBZ,9,Month-to-month,Mailed check,20.25,186.15,No,0.08816188,Low,11.29,False
4280-DLSHD,8,Month-to-month,Mailed check,54.75,445.85,No,0.25044107,Low,31.36,False
1508-DFXCU,12,Month-to-month,Electronic check,81.45,912.0,No,0.5686631,Medium,60.38,False
8614-VGMMV,15,Month-to-month,Electronic check,49.1,679.55,Yes,0.4854295,Medium,46.38,False
7868-BGSZA,43,One year,Electronic check,80.2,3581.6,No,0.13467127,Low,29.69,False
2800-QQUSO,42,Month-to-month,Electronic check,100.3,4222.95,No,0.6667028,High,72.01,True
2930-UOTMB,31,Month-to-month,Credit card (automatic),65.25,1994.3,Yes,0.06768126,Low,21.22,False
7973-DZRKH,66,Two year,Credit card (automatic),90.95,5930.05,No,0.029084321,Low,25.01,True
5914-DVBWJ,18,Month-to-month,Electronic check,85.45,1505.85,Yes,0.60260195,High,63.77,False
7698-YFGEZ,1,Month-to-month,Mailed check,20.0,20.0,No,0.40250662,Medium,33.23,False
2533-QVMSK,61,Two year,Electronic check,94.1,5638.3,Yes,0.055811804,Low,27.68,True
9773-PEQBZ,10,Month-to-month,Electronic check,79.85,797.25,No,0.49560288,Medium,54.86,False
8644-XLFBW,1,Month-to-month,Electronic check,71.65,71.65,Yes,0.8051465,High,74.46,False
0650-BWOZN,18,Month-to-month,Electronic check,73.55,1359.45,No,0.42565894,Medium,48.38,False
8625-AZYZY,24,Month-to-month,Electronic check,104.65,2542.45,Yes,0.71984303,High,76.83,True
7785-RDVIG,3,Month-to-month,Mailed check,19.3,54.7,No,0.07469002,Low,10.1,False
9602-WCXPI,50,One year,Credit card (automatic),20.15,989.05,No,0.016161695,Low,6.22,False
2903-YYTBW,1,Month-to-month,Electronic check,44.55,44.55,No,0.47256845,Medium,44.33,False
3620-MWJNE,2,Month-to-month,Mailed check,54.45,87.3,No,0.25716874,Low,31.76,False
8573-JGCZW,17,One year,Bank transfer (automatic),19.65,351.55,No,0.041319825,Low,7.86,False
6837-HAEVO,69,Two year,Electronic check,105.0,7297.75,No,0.2022287,Low,40.68,True
6701-YVNQG,72,Two year,Credit card (automatic),88.7,6301.7,No,0.0057186224,Low,22.81,False
9306-CPCBC,3,Month-to-month,Electronic check,74.25,210.3,Yes,0.74821454,High,71.13,False
4304-XUMGI,50,Two year,Bank transfer (automatic),75.15,3822.45,No,0.02551537,Low,20.77,False
9504-YAZWB,53,Two year,Mailed check,20.25,1048.45,No,0.01544213,Low,6.2,False
8819-ZBYNA,58,Two year,Credit card (automatic),109.1,6393.65,No,0.1803143,Low,40.18,True
6174-NRBTZ,46,One year,Bank transfer (automatic),30.75,1489.3,No,0.049091473,Low,11.2,False
9481-IEBZY,72,Month-to-month,Credit card (automatic),112.9,8061.5,No,0.09938599,Low,35.48,True
1833-VGRUM,1,Month-to-month,Electronic check,74.2,74.2,Yes,0.8962555,High,81.48,False
6137-NICCO,6,Month-to-month,Mailed check,94.05,518.75,No,0.83523524,High,82.23,True
9065-ZCPQX,72,Two year,Bank transfer (automatic),78.85,5763.15,No,0.0058767935,Low,20.33,False
6402-EJMWF,4,Month-to-month,Mailed check,55.3,238.5,No,0.3772684,Medium,40.38,False
3620-EHIMZ,52,Two year,Mailed check,19.35,1031.7,No,0.020419596,Low,6.32,False
3213-VVOLG,0,Two year,Mailed check,25.35,0.0,No,0.020059291,Low,7.81,False
6870-ECSHE,2,One year,Mailed check,20.45,34.8,No,0.026103698,Low,6.99,False
8747-UDCOI,65,Two year,Bank transfer (automatic),19.35,1319.95,No,0.018450474,Low,6.18,False
8374-XGEJJ,43,Month-to-month,Electronic check,101.0,4388.4,Yes,0.7222892,High,76.08,True
2656-TABEH,4,Month-to-month,Electronic check,100.2,420.2,Yes,0.8635504,High,85.76,True
6946-LMSQS,25,One year,Electronic check,89.05,2177.45,Yes,0.18895896,Low,35.72,False
4626-OZDTJ,51,One year,Credit card (automatic),78.65,3950.85,No,0.09805588,Low,26.73,False
9169-BSVIN,12,Month-to-month,Bank transfer (automatic),74.75,827.05,No,0.24465254,Low,36.01,False
2325-ZUSFD,57,One year,Bank transfer (automatic),70.1,3913.3,Yes,0.044664998,Low,20.84,False
8194-PEEBY,24,One year,Mailed check,19.9,533.5,No,0.015244685,Low,6.09,False
6872-HXFNF,64,One year,Bank transfer (automatic),58.35,3756.45,No,0.031738102,Low,16.96,False
3932-CMDTD,4,One year,Electronic check,105.65,443.9,Yes,0.39964962,Medium,54.67,True
7714-YXSMB,26,Month-to-month,Bank transfer (automatic),100.5,2599.95,No,0.5244588,Medium,62.1,True
8387-UGUSU,15,Month-to-month,Mailed check,20.05,284.3,No,0.089275785,Low,11.31,False
1080-BWSYE,64,Two year,Credit card (automatic),25.65,1740.8,No,0.011015347,Low,7.25,False
4039-HEUNW,36,Month-to-month,Electronic check,96.5,3436.1,Yes,0.5184981,Medium,60.67,True
1194-HVAIF,27,Month-to-month,Credit card (automatic),95.0,2462.55,No,0.37047863,Medium,49.93,True
0812-WUPTB,1,Month-to-month,Mailed check,70.85,70.85,Yes,0.7653216,High,71.47,False
3594-UVONA,35,One year,Credit card (automatic),85.95,3110.1,Yes,0.098600686,Low,28.62,False
0004-TLHLJ,4,Month-to-month,Electronic check,73.9,280.85,Yes,0.64814204,High,64.04,False
1767-TGTKO,8,Month-to-month,Electronic check,45.45,411.75,No,0.37653813,Medium,37.84,False
8439-LTUGF,10,Month-to-month,Credit card (automatic),20.0,198.6,No,0.097636394,Low,11.89,False
8805-JNRAZ,2,Month-to-month,Mailed check,49.2,103.7,No,0.3842924,Medium,39.33,False
5089-IFSDP,58,Two year,Bank transfer (automatic),109.45,6144.55,Yes,0.23788184,Low,44.3,True
6418-HNFED,51,Two year,Credit card (automatic),83.25,4089.45,No,0.018208949,Low,22.31,False
0206-OYVOC,46,Two year,Mailed check,19.25,864.2,No,0.009427135,Low,5.52,False
7291-CDTMJ,1,Month-to-month,Bank transfer (automatic),19.65,19.65,No,0.33266732,Medium,28.25,False
7128-GGCNO,46,Month-to-month,Bank transfer (automatic),72.8,3249.4,No,0.28481734,Low,38.33,False
0237-YFUTL,50,Month-to-month,Bank transfer (automatic),109.65,5405.8,No,0.26100534,Low,45.97,True
7691-KGKGP,53,Month-to-month,Credit card (automatic),65.0,3363.8,No,0.04591014,Low,19.63,False
6710-HSJRD,61,Month-to-month,Electronic check,114.1,7132.15,No,0.29602826,Low,49.55,True
3675-EQOZA,5,Month-to-month,Bank transfer (automatic),20.65,93.55,No,0.11687362,Low,13.4,False
0840-DCNZE,47,One year,Bank transfer (automatic),86.95,4138.9,No,0.07817364,Low,27.44,False
1732-FEKLD,54,One year,Bank transfer (automatic),94.75,5121.75,No,0.11940909,Low,32.3,True
9862-KJTYK,19,Month-to-month,Credit card (automatic),25.35,566.1,No,0.20813382,Low,20.97,False
0479-HMSWA,26,Two year,Electronic check,105.45,2715.3,No,0.07501923,Low,31.89,True
5854-KSRBJ,70,Two year,Mailed check,25.4,1782.05,No,0.0050642155,Low,6.77,False
0365-BZUWY,17,Month-to-month,Electronic check,102.55,1742.5,No,0.68015957,High,73.52,True
4817-VYYWS,30,Month-to-month,Electronic check,100.2,2983.8,Yes,0.5552072,Medium,64.18,True
5701-SVCWR,1,Month-to-month,Mailed check,24.0,24.0,No,0.29483908,Low,26.7,False
3129-AAQOU,19,Two year,Mailed check,25.6,485.9,No,0.013951282,Low,7.44,False
4922-CVPDX,26,Two year,Credit card (automatic),73.5,1905.7,No,0.04605312,Low,21.79,False
1396-QWFBJ,21,Month-to-month,Bank transfer (automatic),74.05,1565.7,Yes,0.4264358,Medium,48.56,False
1357-BIJKI,50,One year,Electronic check,98.25,4858.7,No,0.3558685,Medium,49.73,True
1099-BTKWT,68,One year,Electronic check,54.4,3723.65,No,0.11232093,Low,21.61,False
5299-SJCZT,3,Month-to-month,Bank transfer (automatic),101.55,298.35,Yes,0.83993375,High,84.45,True
2018-PZKMU,9,Month-to-month,Electronic check,103.1,970.45,No,0.5316899,Medium,63.26,True
7340-KEFQE,51,Two year,Bank transfer (automatic),34.2,1782.0,No,0.013268991,Low,9.57,False
4570-QHXHL,9,Month-to-month,Electronic check,43.75,405.7,No,0.34462118,Medium,35.18,False
2403-BCASL,41,One year,Electronic check,111.95,4534.9,Yes,0.32483763,Medium,51.02,True
7392-YYPYJ,22,Month-to-month,Electronic check,100.65,2415.95,No,0.7391036,High,77.16,True
2898-LSJGD,21,One year,Electronic check,55.95,1157.05,Yes,0.21356992,Low,29.08,False
2223-GDSHL,71,Two year,Bank transfer (automatic),116.05,8297.5,No,0.036316007,Low,31.86,True
7359-PTSXY,1,Month-to-month,Electronic check,45.75,45.75,Yes,0.5859813,Medium,52.58,False
9470-RTWDV,26,One year,Credit card (automatic),82.0,2083.1,No,0.09625654,Low,27.45,False
2176-OSJUV,71,Two year,Bank transfer (automatic),65.15,4681.75,No,0.009511873,Low,17.12,False
9348-YVOMK,4,Month-to-month,Credit card (automatic),44.8,176.2,No,0.36231536,Medium,36.68,False
8104-OSKWT,12,Month-to-month,Electronic check,79.8,1001.2,No,0.498942,Medium,55.09,False
4521-YEEHE,18,Month-to-month,Electronic check,88.85,1594.75,No,0.55762315,Medium,61.48,False
4090-KPJIP,3,Month-to-month,Electronic check,74.95,212.4,No,0.7529492,High,71.64,False
3786-WOVKF,72,One year,Bank transfer (automatic),106.85,7677.4,No,0.059437457,Low,31.15,True
4503-BDXBD,11,Month-to-month,Electronic check,74.95,815.5,Yes,0.3058006,Medium,40.34,False
6086-ESGRL,1,Month-to-month,Credit card (automatic),80.15,80.15,Yes,0.8112482,High,77.04,False
2592-HODOV,13,One year,Credit card (automatic),19.3,259.65,No,0.01847719,Low,6.17,False
3886-CERTZ,72,One year,Electronic check,109.25,8109.8,Yes,0.2234769,Low,43.24,True
7995-ZHHNZ,42,One year,Credit card (automatic),56.1,2386.85,No,0.05828018,Low,18.25,False
3824-RHKVR,17,Month-to-month,Credit card (automatic),19.7,340.35,No,0.103139035,Low,12.2,False
5816-SCGFC,7,Month-to-month,Mailed check,51.3,419.35,No,0.2934403,Low,33.5,False
5989-AXPUC,68,Two year,Mailed check,118.6,7990.05,No,0.058170587,Low,34.03,True
4979-HPRFL,56,Two year,Bank transfer (automatic),24.15,1402.25,No,0.0141874505,Low,7.09,False
8590-OHDIW,38,One year,Mailed check,20.3,749.35,No,0.015396025,Low,6.21,False
8015-IHCGW,72,Two year,Electronic check,115.5,8425.15,No,0.014695732,Low,30.21,True
2332-TODQS,48,One year,Credit card (automatic),25.05,1171.5,No,0.030175958,Low,8.44,False
9278-VZKCD,52,Month-to-month,Electronic check,109.1,5647.95,No,0.3559448,Medium,52.48,True
8008-OTEZX,35,One year,Mailed check,19.65,708.8,No,0.018331423,Low,6.25,False
2773-OVBPK,67,Two year,Bank transfer (automatic),111.3,7567.2,No,0.20150384,Low,42.22,True
5999-LCXAO,1,Month-to-month,Mailed check,29.9,29.9,No,0.404168,Medium,35.85,False
5206-XZZQI,53,Month-to-month,Mailed check,80.6,4348.1,No,0.14213076,Low,30.31,False
4803-LBYPN,34,Month-to-month,Mailed check,20.8,635.9,No,0.03351993,Low,7.6,False
5759-RCVCB,3,Month-to-month,Credit card (automatic),35.2,108.95,Yes,0.5411899,Medium,46.78,False
6372-RFVNS,1,Month-to-month,Electronic check,78.8,78.8,Yes,0.85119,High,79.49,False
2139-FQHLM,19,Month-to-month,Mailed check,89.95,1682.4,No,0.19520359,Low,36.39,True
8261-GWDBQ,60,Two year,Bank transfer (automatic),116.05,6925.9,No,0.061800603,Low,33.64,True
1093-YSWCA,11,Two year,Credit card (automatic),19.55,223.15,No,0.012791796,Low,5.83,False
8938-UMKPI,47,Month-to-month,Electronic check,106.4,5127.95,Yes,0.5135798,Medium,62.83,True
0991-BRRFB,18,Month-to-month,Electronic check,49.4,874.8,Yes,0.23266646,Low,28.77,False
3882-IYOIJ,60,Two year,Credit card (automatic),115.25,6758.45,No,0.031297535,Low,31.31,True
8749-TZYEC,72,Two year,Credit card (automatic),24.8,1874.3,No,0.0044035194,Low,6.57,False
1755-FZQEC,39,One year,Mailed check,19.9,791.15,No,0.016183509,Low,6.16,False
3115-JPJDD,59,One year,Credit card (automatic),81.25,4639.45,No,0.038393445,Low,23.21,False
5600-KTXFM,2,Month-to-month,Mailed check,69.95,143.9,No,0.50387985,Medium,52.94,False
3871-IKPYH,1,Month-to-month,Electronic check,69.1,69.1,Yes,0.8376835,High,76.09,False
6319-IEJWJ,20,Month-to-month,Electronic check,90.2,1776.55,Yes,0.50950503,Medium,58.45,True
9025-AOMKI,6,Month-to-month,Bank transfer (automatic),93.55,536.4,Yes,0.8581849,High,83.71,True
6339-TBELP,71,Two year,Credit card (automatic),86.4,6172.0,No,0.016616037,Low,22.99,False
7964-YESJC,24,Month-to-month,Mailed check,66.3,1559.45,No,0.100057304,Low,23.75,False
6173-GOLSU,67,Month-to-month,Credit card (automatic),94.65,6079.0,No,0.45486888,Medium,55.75,True
5275-SQEIZ,1,Month-to-month,Mailed check,80.85,80.85,Yes,0.83383024,High,78.79,False
7716-YTYHG,48,One year,Mailed check,82.05,4029.95,Yes,0.17052132,Low,32.66,False
9938-ZREHM,37,One year,Mailed check,72.1,2658.4,No,0.11656846,Low,26.37,False
7950-XWOVN,11,Month-to-month,Mailed check,34.7,383.55,No,0.20965387,Low,23.44,False
4390-KYULV,3,Month-to-month,Credit card (automatic),20.55,51.15,Yes,0.129456,Low,14.25,False
4647-MUZON,18,Month-to-month,Credit card (automatic),95.95,1745.5,No,0.4555187,Medium,56.13,True
9702-AIUJO,50,One year,Bank transfer (automatic),44.8,2230.85,No,0.057632204,Low,15.35,False
8849-PRIQJ,67,One year,Electronic check,109.4,7281.6,No,0.109507106,Low,35.3,True
8851-RAGOV,25,Month-to-month,Mailed check,71.05,1837.7,No,0.08255822,Low,23.73,False
1304-NECVQ,2,Month-to-month,Electronic check,78.55,149.55,Yes,0.8189837,High,77.17,False
5396-IZEPB,9,Month-to-month,Credit card (automatic),19.7,180.7,No,0.093458645,Low,11.52,False
1729-VLAZJ,10,One year,Mailed check,40.25,411.45,No,0.043187995,Low,13.19,False
8285-ABVLB,70,Two year,Credit card (automatic),19.85,1328.35,No,0.008913068,Low,5.64,False
0701-TJSEF,9,Month-to-month,Bank transfer (automatic),68.25,576.95,No,0.1239124,Low,25.92,False
5712-VBOXD,4,Month-to-month,Credit card (automatic),20.15,68.45,No,0.13098004,Low,14.26,False
6629-LADHQ,2,Month-to-month,Mailed check,50.95,123.05,No,0.28865486,Low,33.08,False
8945-GRKHX,1,Month-to-month,Electronic check,78.65,78.65,Yes,0.8071176,High,76.37,False
1559-DTODC,19,Month-to-month,Bank transfer (automatic),25.15,468.35,No,0.26880243,Low,25.17,False
4797-MIWUM,7,Month-to-month,Bank transfer (automatic),20.25,174.7,No,0.118211396,Low,13.39,False
6959-UWKHF,1,Month-to-month,Electronic check,42.9,42.9,Yes,0.62870884,High,54.85,False
8720-RQSBJ,1,Month-to-month,Electronic check,44.0,44.0,No,0.57038206,Medium,51.04,False
4537-CIBHB,9,One year,Mailed check,20.25,172.35,No,0.028663652,Low,7.12,False
3815-SLMEF,3,Month-to-month,Mailed check,34.25,139.35,Yes,0.21680032,Low,23.83,False
5154-VEKBL,9,Month-to-month,Mailed check,58.5,539.85,Yes,0.23838978,Low,31.47,False
4324-AHJKS,5,Month-to-month,Credit card (automatic),55.8,300.4,No,0.22278267,Low,29.69,False
4355-CVPVS,56,One year,Bank transfer (automatic),88.9,4968.0,No,0.08736542,Low,28.57,False
4495-LHSSK,18,Month-to-month,Mailed check,57.65,992.7,No,0.12268838,Low,23.15,False
5655-JSMZM,49,Month-to-month,Electronic check,96.2,4718.25,Yes,0.66001725,High,70.5,True
5915-ANOEI,70,Two year,Mailed check,79.15,5536.5,No,0.021073544,Low,21.47,False
9861-PDSZP,72,Two year,Credit card (automatic),108.05,7806.6,No,0.04270401,Low,30.29,True
4505-EXZHB,6,Month-to-month,Electronic check,74.4,434.1,Yes,0.5362928,Medium,56.34,False
7225-CBZPL,17,Month-to-month,Electronic check,94.8,1563.9,No,0.6714508,High,70.95,True
6704-UTUKK,29,Month-to-month,Electronic check,45.9,1332.4,No,0.42177734,Medium,41.12,False
4587-VVTOX,6,Month-to-month,Electronic check,105.3,545.2,Yes,0.85098475,High,86.17,True
2019-HDCZY,63,Two year,Electronic check,102.6,6296.75,No,0.16261438,Low,37.3,True
4652-NNHNY,16,Month-to-month,Bank transfer (automatic),73.85,1284.2,Yes,0.45042345,Medium,50.19,False
8788-DOXSU,59,One year,Bank transfer (automatic),61.35,3645.5,No,0.060885992,Low,19.76,False
7404-JLKQG,3,Month-to-month,Electronic check,57.55,161.45,No,0.4823421,Medium,48.3,False
7421-ZLUPA,8,Month-to-month,Mailed check,29.25,226.95,No,0.3121133,Medium,29.24,False
8972-HJWNV,7,Month-to-month,Electronic check,84.55,646.85,Yes,0.82600486,High,79.18,False
3274-NSDWE,68,Two year,Credit card (automatic),19.6,1441.65,No,0.008129663,Low,5.52,False
2632-IVXVF,68,Two year,Credit card (automatic),111.75,7511.3,No,0.08719648,Low,34.34,True
3692-JHONH,52,One year,Electronic check,106.5,5621.85,No,0.3519413,Medium,51.54,True
8915-NNTRC,72,Two year,Credit card (automatic),107.7,7919.8,No,0.014793175,Low,28.24,True
5914-GXMDA,32,One year,Mailed check,19.3,593.2,No,0.014237368,Low,5.87,False
7463-IFMQU,72,Two year,Bank transfer (automatic),20.05,1423.65,No,0.0054811225,Low,5.45,False
2920-RNCEZ,1,Month-to-month,Credit card (automatic),69.95,69.95,No,0.768824,High,71.49,False
2541-YGPKE,42,One year,Credit card (automatic),63.7,2763.35,No,0.081317194,Low,21.78,False
8515-OCTJS,25,Two year,Credit card (automatic),24.75,692.1,Yes,0.021730013,Low,7.77,False
5382-TEMLV,45,Month-to-month,Bank transfer (automatic),50.9,2298.55,No,0.10775126,Low,20.4,False
3441-CGZJH,43,One year,Credit card (automatic),60.4,2640.55,No,0.07623562,Low,20.6,False
9592-ERDKV,37,One year,Mailed check,79.25,2911.8,No,0.08473753,Low,25.95,False
2860-RANUS,20,Month-to-month,Credit card (automatic),85.8,1727.5,Yes,0.43264645,Medium,51.96,False
5261-QSHQM,4,Month-to-month,Electronic check,24.45,86.6,Yes,0.573112,Medium,46.29,False
4778-IZARL,63,Two year,Credit card (automatic),110.1,6705.7,No,0.055996433,Low,31.73,True
0432-CAJZV,3,Month-to-month,Mailed check,90.7,237.65,No,0.6550588,High,68.77,True
7008-LZVOZ,66,Two year,Credit card (automatic),25.3,1672.35,No,0.0072377096,Low,6.9,False
8868-WOZGU,28,Month-to-month,Electronic check,105.7,2979.5,Yes,0.610728,High,69.45,True
1200-TUZHR,8,Month-to-month,Electronic check,85.2,695.75,No,0.72741175,High,72.44,False
9365-CSLBQ,71,Two year,Mailed check,24.35,1654.6,No,0.004283438,Low,6.45,False
1334-FJSVR,1,Month-to-month,Electronic check,24.25,24.25,Yes,0.7049891,High,55.48,False
5884-FBCTL,72,Two year,Bank transfer (automatic),25.1,1857.85,No,0.0041980296,Low,6.63,False
7130-CTCUS,16,Month-to-month,Bank transfer (automatic),54.55,825.1,No,0.19938709,Low,27.74,False
6242-FEGFD,66,Two year,Mailed check,96.6,6424.25,No,0.023308646,Low,26.04,True
7625-XCQRH,11,Month-to-month,Electronic check,76.5,837.95,Yes,0.59009206,Medium,60.63,False
6194-HBGQN,51,One year,Credit card (automatic),81.15,4126.2,No,0.058642324,Low,24.61,False
7634-WSWDB,8,Month-to-month,Electronic check,38.5,330.8,No,0.29255795,Low,30.21,False
6986-IXNDM,14,Month-to-month,Electronic check,92.9,1337.45,No,0.5588215,Medium,62.59,True
1731-TVIUK,4,Month-to-month,Electronic check,93.5,362.2,Yes,0.7845176,High,78.54,True
2987-BJXIK,70,Two year,Mailed check,84.7,5991.05,No,0.018976897,Low,22.73,False
9769-TSBZE,70,Two year,Electronic check,66.0,4891.5,No,0.035383623,Low,19.15,False
0406-BPDVR,54,One year,Credit card (automatic),101.5,5373.1,Yes,0.344855,Medium,49.78,True
0618-XWMSS,28,Month-to-month,Bank transfer (automatic),74.9,2068.55,Yes,0.21762441,Low,34.16,False
1395-WSWXR,24,Two year,Mailed check,20.75,487.05,No,0.0071674394,Low,5.74,False
6023-GSSXW,69,Two year,Credit card (automatic),61.45,4131.2,No,0.028938366,Low,17.55,False
6752-APNJL,42,Month-to-month,Mailed check,54.5,2301.15,No,0.109703325,Low,21.45,False
5276-KQWHG,2,Month-to-month,Electronic check,69.6,131.65,Yes,0.6195672,High,60.95,False
0420-HLGXF,39,Month-to-month,Electronic check,99.75,4036.0,No,0.6354797,High,69.68,True
7446-KQISO,45,Two year,Bank transfer (automatic),109.75,4900.65,No,0.17030416,Low,39.65,True
9823-EALYC,72,Two year,Bank transfer (automatic),80.85,5727.45,No,0.005214169,Low,20.79,False
0582-AVCLN,38,Two year,Mailed check,20.3,743.05,No,0.008132267,Low,5.7,False
5803-NQJZO,72,Two year,Bank transfer (automatic),67.8,4804.65,No,0.005752343,Low,17.53,False
2565-JSLRY,1,Month-to-month,Mailed check,24.05,24.05,Yes,0.39795053,Medium,33.93,False
2607-DHDAK,72,Two year,Credit card (automatic),19.8,1414.65,No,0.004720627,Low,5.33,False
1073-XXCZD,55,Two year,Bank transfer (automatic),25.7,1443.65,No,0.016743863,Low,7.66,False
0743-HRVFF,51,One year,Electronic check,56.15,2898.95,No,0.15210252,Low,24.83,False
4006-HKYHO,63,Two year,Bank transfer (automatic),86.7,5309.5,No,0.0118028885,Low,22.73,False
3727-JEZTU,1,Month-to-month,Mailed check,20.4,20.4,No,0.29062852,Low,25.5,False
8143-ETQTI,23,Two year,Mailed check,19.65,451.55,No,0.013330019,Low,5.9,False
6689-KXGBO,1,Month-to-month,Electronic check,50.55,50.55,Yes,0.4382259,Medium,43.45,False
9667-TKTVZ,2,Month-to-month,Mailed check,54.35,117.05,No,0.4564709,Medium,45.68,False
3657-COGMW,52,Month-to-month,Credit card (automatic),108.1,5839.3,No,0.260328,Low,45.53,True
8570-KLJYJ,36,One year,Mailed check,54.45,1893.5,No,0.034202006,Low,16.15,False
7754-IXRMC,1,Month-to-month,Mailed check,45.35,45.35,No,0.49220267,Medium,45.91,False
9473-CBZOP,28,One year,Mailed check,59.0,1654.45,No,0.030382207,Low,17.03,False
2969-WGHQO,7,One year,Electronic check,69.45,477.05,No,0.06659415,Low,22.21,False
6615-NGGZJ,14,Month-to-month,Electronic check,100.55,1415.55,Yes,0.7453439,High,77.58,True
4334-HOWRP,72,Two year,Credit card (automatic),64.95,4546.0,No,0.011992973,Low,17.25,False
4255-DDUOU,1,Month-to-month,Mailed check,20.5,20.5,Yes,0.47591105,Medium,38.49,False
5863-OOKCL,10,Month-to-month,Mailed check,18.85,163.2,No,0.039991282,Low,7.56,False
1686-STUHN,42,One year,Bank transfer (automatic),19.8,849.9,No,0.028702537,Low,7.01,False
1329-VHWNP,7,Month-to-month,Bank transfer (automatic),25.05,189.95,No,0.2745325,Low,25.55,False
2984-MIIZL,4,Month-to-month,Bank transfer (automatic),74.8,321.9,Yes,0.5998452,Medium,60.89,False
0266-GMEAO,72,Two year,Credit card (automatic),114.3,8058.55,No,0.008372916,Low,29.46,True
5590-YRFJT,20,Month-to-month,Electronic check,24.45,482.8,Yes,0.4235254,Medium,35.82,False
5574-NXZIU,63,Two year,Credit card (automatic),109.2,7049.75,No,0.12470095,Low,36.32,True
0019-GFNTW,56,Two year,Bank transfer (automatic),45.05,2560.1,No,0.017044885,Low,12.57,False
4256-ZWTZI,5,Month-to-month,Mailed check,51.0,286.8,No,0.30602604,Medium,34.31,False
8309-PPCED,72,Two year,Bank transfer (automatic),110.45,7982.5,No,0.028263737,Low,29.88,True
4098-NAUKP,68,Month-to-month,Electronic check,84.65,5683.6,No,0.3859338,Medium,48.4,False
5196-WPYOW,67,One year,Mailed check,60.05,3994.05,No,0.014792127,Low,16.21,False
4608-LCIMN,8,Month-to-month,Bank transfer (automatic),44.65,369.15,No,0.20926553,Low,25.93,False
1485-YDHMM,52,Month-to-month,Bank transfer (automatic),93.25,4631.7,No,0.19594352,Low,37.27,True
4054-CUMIA,18,Month-to-month,Mailed check,20.25,401.95,No,0.08240145,Low,10.88,False
0603-TPMIB,59,Two year,Mailed check,25.45,1534.05,No,0.0098333005,Low,7.12,False
2525-GVKQU,60,Two year,Mailed check,20.6,1093.0,No,0.01027187,Low,5.92,False
8161-QYMTT,7,Month-to-month,Electronic check,94.1,701.3,No,0.8558739,High,83.68,True
9581-GVBXT,59,One year,Mailed check,34.8,1980.3,No,0.027791139,Low,10.74,False
5862-BRIXZ,46,Two year,Bank transfer (automatic),60.75,2893.4,No,0.019825704,Low,16.74,False
5404-GGUKR,5,Month-to-month,Electronic check,51.35,262.3,No,0.41163304,Medium,41.79,False
3308-JSGML,59,Two year,Credit card (automatic),64.05,3886.85,No,0.0248838,Low,17.92,False
2126-GSEGL,70,Two year,Bank transfer (automatic),84.8,5917.55,No,0.028422203,Low,23.41,False
3677-TNKIO,14,Month-to-month,Credit card (automatic),71.0,914.0,Yes,0.39249292,Medium,45.41,False
0440-QEXBZ,44,Month-to-month,Mailed check,50.15,2139.1,No,0.16324137,Low,24.1,False
2434-EEVDB,64,Two year,Credit card (automatic),94.6,5948.7,No,0.053222053,Low,27.62,True
6762-QVYJO,58,Two year,Mailed check,59.75,3624.35,No,0.010556399,Low,15.83,False
6199-IWKGC,46,One year,Electronic check,100.25,4753.85,No,0.2379665,Low,41.98,True
2675-DHUTR,58,Month-to-month,Electronic check,98.9,5780.7,No,0.56231225,Medium,64.35,True
8152-VETUR,72,Two year,Credit card (automatic),97.7,6869.7,No,0.043301236,Low,27.71,True
9667-EQRXU,30,Month-to-month,Electronic check,40.3,1172.95,Yes,0.48692107,Medium,44.27,False
7446-YPODE,11,Month-to-month,Bank transfer (automatic),60.25,662.95,No,0.15794936,Low,26.28,False
9522-BNTHX,34,Month-to-month,Electronic check,56.25,1765.95,No,0.34803575,Medium,38.57,False
4676-WLUHT,54,Two year,Bank transfer (automatic),46.2,2431.95,No,0.026907958,Low,13.56,False
3329-WDIOK,3,Month-to-month,Electronic check,50.6,155.35,Yes,0.66932046,High,59.64,False
7980-MHFLQ,72,Two year,Mailed check,24.9,1859.2,No,0.003896055,Low,6.56,False
2873-ZLIWT,40,Month-to-month,Electronic check,84.85,3303.05,Yes,0.4493499,Medium,52.89,False
3415-TAILE,2,Month-to-month,Mailed check,65.7,134.35,Yes,0.42864266,Medium,46.6,False
0757-WCUUZ,54,Two year,Credit card (automatic),63.35,3409.1,No,0.03362415,Low,18.36,False
1629-DQQVB,14,Month-to-month,Bank transfer (automatic),50.1,709.5,No,0.14368795,Low,22.71,False
1915-IOFGU,1,Month-to-month,Electronic check,70.5,70.5,Yes,0.7269127,High,68.69,False
3045-XETSH,10,Month-to-month,Electronic check,94.85,953.45,Yes,0.7873068,High,79.07,True
0374-AACSZ,1,Month-to-month,Electronic check,50.15,50.15,No,0.35928267,Medium,37.82,False
7239-HZZCX,1,Month-to-month,Mailed check,19.75,19.75,Yes,0.35100788,Medium,29.56,False
4872-VXRIL,56,One year,Bank transfer (automatic),64.65,3665.55,No,0.030887991,Low,18.49,False
9140-CZQZZ,68,Two year,Bank transfer (automatic),79.6,5515.8,No,0.028498286,Low,22.1,False
3423-HHXAO,14,One year,Mailed check,19.5,272.0,No,0.029614346,Low,7.0,False
9938-TKDGL,68,Two year,Electronic check,99.55,6668.0,No,0.075177826,Low,30.41,True
0531-ZZJWQ,55,Month-to-month,Electronic check,74.0,4052.4,No,0.5070948,Medium,54.19,False
6537-QLGEX,16,Month-to-month,Electronic check,38.9,664.4,No,0.49731997,Medium,44.64,False
2688-BHGOG,9,Month-to-month,Electronic check,79.55,718.55,No,0.62335163,High,63.73,False
7683-CBDKJ,14,Month-to-month,Electronic check,65.45,937.6,Yes,0.21413009,Low,31.52,False
0946-CLJTI,58,Month-to-month,Electronic check,98.7,5812.6,Yes,0.65087014,High,70.5,True
3160-TYXLT,53,Month-to-month,Bank transfer (automatic),46.3,2546.85,No,0.2092252,Low,26.34,False
1325-USMEC,70,Two year,Credit card (automatic),99.35,6944.5,No,0.06637254,Low,29.75,True
0916-QOFDP,14,Month-to-month,Electronic check,95.8,1346.3,No,0.67143184,High,71.2,True
0628-CNQRM,22,One year,Bank transfer (automatic),67.5,1544.05,Yes,0.040412795,Low,19.88,False
5606-AMZBO,10,Month-to-month,Credit card (automatic),78.15,765.15,No,0.46314856,Medium,52.16,False
6199-IPCAO,29,Two year,Mailed check,26.1,692.55,No,0.014167463,Low,7.59,False
7665-TOALD,1,Month-to-month,Electronic check,69.6,69.6,Yes,0.8660088,High,78.2,False
0112-QWPNC,49,One year,Electronic check,84.35,4059.35,Yes,0.14814433,Low,31.68,False
0324-BRPCJ,68,Month-to-month,Electronic check,100.2,6851.65,Yes,0.5187658,Medium,61.63,True
2777-PHDEI,1,Month-to-month,Electronic check,78.05,78.05,Yes,0.844294,High,78.82,False
5640-CAXOA,30,One year,Credit card (automatic),40.35,1187.05,No,0.10945695,Low,17.86,False
2235-EZAIK,72,Two year,Credit card (automatic),79.2,5401.9,No,0.0067673754,Low,20.48,False
3847-BAERP,10,Month-to-month,Mailed check,20.9,247.0,No,0.10166753,Low,12.4,False
1196-AMORA,7,Month-to-month,Electronic check,73.6,520.0,Yes,0.594199,Medium,60.19,False
4282-YMKNA,9,Month-to-month,Electronic check,74.75,706.6,Yes,0.6902132,High,67.2,False
1453-RZFON,1,Month-to-month,Mailed check,49.9,49.9,No,0.31896985,Medium,34.93,False
8263-OKETD,20,Month-to-month,Credit card (automatic),68.9,1370.35,No,0.15459946,Low,28.23,False
0670-KDOMA,1,Month-to-month,Mailed check,20.25,20.25,No,0.39265206,Medium,32.6,False
2476-YGEFM,29,Month-to-month,Credit card (automatic),76.0,2215.25,No,0.26771662,Low,37.94,False
8687-BAFGU,1,Month-to-month,Electronic check,74.0,74.0,No,0.548102,Medium,57.06,False
0641-EVBOJ,3,Month-to-month,Mailed check,82.3,214.4,No,0.41581917,Medium,49.9,False
0829-XXPLX,20,Month-to-month,Bank transfer (automatic),89.4,1871.15,No,0.327267,Medium,45.49,False
9974-JFBHQ,64,Month-to-month,Credit card (automatic),99.15,6171.2,No,0.1569463,Low,36.03,True
5356-RHIPP,1,Month-to-month,Mailed check,20.2,20.2,Yes,0.4618026,Medium,37.43,False
6624-JDRDS,6,Month-to-month,Bank transfer (automatic),29.45,161.45,No,0.21825215,Low,22.72,False
0608-JDVEC,50,Two year,Electronic check,19.8,1013.2,No,0.019008733,Low,6.33,False
9780-FKVVF,6,Month-to-month,Bank transfer (automatic),59.15,336.7,No,0.19362476,Low,28.5,False
1919-RTPQD,7,Month-to-month,Electronic check,44.75,333.65,No,0.2791026,Low,30.84,False
5214-NLTIT,72,Two year,Credit card (automatic),90.8,6511.8,No,0.028006924,Low,24.9,True
3345-PBBFH,8,Month-to-month,Bank transfer (automatic),49.55,393.45,No,0.23164074,Low,28.73,False
5055-BRMNE,67,Two year,Credit card (automatic),106.7,7009.5,No,0.12895763,Low,35.98,True
9189-JWSHV,24,Month-to-month,Electronic check,93.55,2264.05,Yes,0.6641637,High,70.13,True
2190-PHBHR,72,Two year,Credit card (automatic),94.45,6921.7,No,0.011240538,Low,24.65,True
2650-GYRYL,33,One year,Bank transfer (automatic),19.45,600.25,No,0.027911492,Low,6.87,False
0746-JTRFU,2,Month-to-month,Electronic check,25.05,56.35,Yes,0.7310698,High,57.5,False
5208-FVQKB,70,Two year,Mailed check,67.95,4664.15,No,0.016638024,Low,18.33,False
7184-LRUUR,22,One year,Bank transfer (automatic),65.25,1441.8,No,0.07443645,Low,21.69,False
6627-CFOSN,59,Month-to-month,Bank transfer (automatic),99.45,5623.7,No,0.18647999,Low,38.18,True
3982-JGSFD,36,One year,Credit card (automatic),20.35,695.85,No,0.018393522,Low,6.43,False
1574-DYCWE,51,Two year,Mailed check,19.95,1028.75,No,0.010035396,Low,5.74,False
7247-XOZPB,53,One year,Bank transfer (automatic),77.4,4155.95,No,0.05701615,Low,23.54,False
2466-FCCPT,20,One year,Bank transfer (automatic),19.7,395.6,No,0.042912748,Low,7.98,False
6211-WWLTF,63,Two year,Credit card (automatic),99.7,6330.4,No,0.0452127,Low,28.35,True
4826-TZEVA,40,Month-to-month,Credit card (automatic),74.8,2971.7,No,0.22723827,Low,34.8,False
6016-NXBNJ,35,One year,Mailed check,19.15,638.0,No,0.008558043,Low,5.44,False
9138-EFSMO,26,One year,Bank transfer (automatic),78.95,2034.25,No,0.12097683,Low,28.41,False
0576-WNXXC,27,Month-to-month,Electronic check,95.55,2510.2,Yes,0.54921055,Medium,62.58,True
4632-XJMEX,53,One year,Credit card (automatic),62.85,3419.5,No,0.029924598,Low,17.97,False
8910-LEDAG,34,Month-to-month,Credit card (automatic),71.55,2427.35,No,0.29606187,Low,38.8,False
3452-GWUIN,19,Month-to-month,Electronic check,94.95,1760.25,No,0.6731044,High,71.1,True
2716-GFZOR,43,Month-to-month,Credit card (automatic),86.1,3551.65,No,0.16470315,Low,33.28,False
3724-UCSHY,6,Month-to-month,Mailed check,19.55,122.9,No,0.08794165,Low,11.09,False
8626-XHBIE,56,Two year,Mailed check,24.8,1424.2,No,0.012360724,Low,7.13,False
4628-CTTLA,57,Month-to-month,Electronic check,39.3,2111.45,Yes,0.40527758,Medium,38.3,False
3192-LNKRK,34,Month-to-month,Mailed check,84.05,2909.95,No,0.3248099,Medium,43.97,False
4439-YRNVD,10,Month-to-month,Electronic check,36.25,374.0,No,0.27181688,Low,28.19,False
2876-VBBBL,1,Month-to-month,Mailed check,20.25,20.25,Yes,0.39265206,Medium,32.6,False
6834-NXDCA,13,Month-to-month,Electronic check,23.9,300.8,Yes,0.48986295,Medium,40.33,False
2208-UGTGR,56,Month-to-month,Electronic check,98.6,5581.05,No,0.36241856,Medium,50.28,True
3005-TYFRD,55,Month-to-month,Credit card (automatic),103.65,5676.65,No,0.44193324,Medium,57.12,True
8670-MEFCP,36,Two year,Credit card (automatic),92.9,3379.25,No,0.013210894,Low,24.39,True
3079-BCHLN,47,One year,Bank transfer (automatic),19.9,942.95,No,0.025626337,Low,6.82,False
7777-UNYHB,12,Month-to-month,Credit card (automatic),20.1,232.4,No,0.09405003,Low,11.66,False
5597-GLBUC,1,Month-to-month,Electronic check,85.45,85.45,Yes,0.86373276,High,82.05,False
7278-CKDNC,24,Month-to-month,Electronic check,80.5,2088.45,No,0.56067806,Medium,59.58,False
2748-MYRVK,63,One year,Bank transfer (automatic),99.9,6137.0,Yes,0.11159314,Low,33.05,True
8450-UYIBU,35,Month-to-month,Electronic check,39.85,1434.6,No,0.37607518,Medium,36.39,False
2969-VAPYH,67,One year,Credit card (automatic),60.5,3870.0,No,0.02233628,Low,16.85,False
4822-YCXMX,25,Month-to-month,Electronic check,84.8,2043.45,Yes,0.5626224,Medium,60.81,False
7181-OQCUT,21,Month-to-month,Mailed check,103.85,2215.0,No,0.5496717,Medium,64.71,True
8474-UMLNT,13,Month-to-month,Bank transfer (automatic),67.8,842.25,No,0.11223664,Low,24.98,False
9821-POOTN,35,Month-to-month,Electronic check,75.2,2576.2,Yes,0.5829832,Medium,59.81,False
3836-FZSDJ,71,Two year,Bank transfer (automatic),24.85,1901.0,No,0.008563612,Low,6.88,False
9142-XMYJH,29,Month-to-month,Credit card (automatic),19.35,601.6,No,0.061954767,Low,9.23,False
6559-ILWKJ,71,Two year,Electronic check,49.35,3515.25,Yes,0.19505413,Low,26.12,False
0187-QSXOE,7,Month-to-month,Electronic check,89.0,605.45,No,0.69802105,High,71.35,False
7733-UDMTP,57,Month-to-month,Electronic check,55.0,3094.05,No,0.47381198,Medium,47.06,False
2649-HWLYB,65,Two year,Bank transfer (automatic),76.15,4929.55,No,0.0293329,Low,21.29,False
5214-CHIWJ,27,One year,Mailed check,20.3,595.05,No,0.013405382,Low,6.07,False
4229-CZMLL,6,Month-to-month,Electronic check,74.9,469.8,Yes,0.7496594,High,71.4,False
6904-JLBGY,72,Two year,Credit card (automatic),117.35,8436.25,No,0.021494608,Low,31.15,True
2465-BLLEU,1,Month-to-month,Mailed check,19.75,19.75,No,0.46963388,Medium,37.86,False
1685-VAYJF,11,Month-to-month,Credit card (automatic),45.2,492.0,No,0.17963775,Low,23.99,False
8874-EJNSR,39,Two year,Mailed check,25.2,987.95,No,0.009894438,Low,7.06,False
6917-YACBP,59,Month-to-month,Electronic check,89.75,5496.9,No,0.20342304,Low,36.91,False
5049-MUBWG,26,One year,Bank transfer (automatic),75.0,1908.35,No,0.05633265,Low,22.89,False
4223-WOZCM,2,Month-to-month,Mailed check,49.95,107.1,No,0.59024644,Medium,53.94,False
0769-MURVM,72,Two year,Bank transfer (automatic),65.7,4575.35,No,0.005166579,Low,16.96,False
9253-VIFJQ,65,One year,Credit card (automatic),67.05,4309.55,No,0.034214344,Low,19.33,False
7030-FZTFM,72,Two year,Credit card (automatic),110.9,7922.75,No,0.017927188,Low,29.27,True
9741-YLNTD,6,Month-to-month,Bank transfer (automatic),87.95,522.35,No,0.7595539,High,75.39,False
5917-RYRMG,32,One year,Credit card (automatic),19.8,587.7,No,0.020874195,Low,6.46,False
5120-ZBLAI,50,One year,Bank transfer (automatic),75.7,3876.2,No,0.06782637,Low,23.87,False
1194-BHJYC,61,Two year,Mailed check,62.15,3778.85,No,0.010797838,Low,16.46,False
3663-MITLP,15,Month-to-month,Electronic check,101.25,1457.25,Yes,0.65461725,High,71.4,True
0906-QVPMS,72,Two year,Bank transfer (automatic),115.15,8349.45,No,0.02260542,Low,30.67,True
9025-ZRPVR,9,Month-to-month,Mailed check,18.95,185.6,Yes,0.050412036,Low,8.32,False
1905-OEILC,1,Month-to-month,Mailed check,19.5,19.5,No,0.34787264,Medium,29.28,False
7858-GTZSP,12,Month-to-month,Electronic check,86.55,1066.9,No,0.7543315,High,74.67,False
3285-UCQVC,37,Month-to-month,Credit card (automatic),28.6,973.55,Yes,0.15465824,Low,18.05,False
6248-BSHKG,61,One year,Mailed check,20.4,1226.45,No,0.012009155,Low,5.99,False
4685-TFLLS,18,One year,Bank transfer (automatic),19.8,342.3,No,0.047013707,Low,8.29,False
3470-BTGQO,21,Month-to-month,Mailed check,45.65,985.05,No,0.15350822,Low,22.28,False
1209-VFFOC,68,Two year,Mailed check,56.4,3948.45,No,0.0072738156,Low,14.76,False
8224-DWCKX,12,Month-to-month,Credit card (automatic),73.3,828.05,No,0.56565475,Medium,58.11,False
5482-PLVPE,2,Month-to-month,Electronic check,24.35,41.85,Yes,0.6170388,High,49.34,False
4553-DVPZG,62,Month-to-month,Electronic check,101.35,6164.7,No,0.4848736,Medium,59.55,True
4902-OHLSK,29,Month-to-month,Electronic check,98.65,2862.75,Yes,0.62384844,High,68.59,True
6917-IAYHD,1,Month-to-month,Mailed check,33.6,33.6,No,0.31184334,Medium,30.32,False
0495-ZBNGW,5,Month-to-month,Bank transfer (automatic),79.9,343.95,Yes,0.77367777,High,74.34,False
8620-RJPZN,1,Month-to-month,Electronic check,20.7,20.7,No,0.3269031,Medium,28.11,False
7572-KPVKK,62,Two year,Electronic check,104.05,6590.5,No,0.12801988,Low,35.25,True
2642-MAWLJ,36,Two year,Bank transfer (automatic),20.25,717.95,No,0.010237343,Low,5.83,False
2357-COQEK,28,Month-to-month,Electronic check,103.3,2890.65,Yes,0.6182322,High,69.37,True
7103-ZGVNT,69,One year,Credit card (automatic),73.7,4885.85,No,0.05809147,Low,22.69,False
3737-GCSPV,11,Month-to-month,Credit card (automatic),96.2,1222.05,Yes,0.68758124,High,72.43,True
2027-WKXMW,63,Month-to-month,Electronic check,108.75,6871.7,No,0.32890168,Medium,50.5,True
7137-NAXML,23,One year,Bank transfer (automatic),20.15,405.6,No,0.028649144,Low,7.1,False
2428-ZMCTB,10,Month-to-month,Credit card (automatic),19.75,208.25,No,0.11295398,Low,12.9,False
2961-VNFKL,71,Two year,Credit card (automatic),25.95,1801.9,No,0.0054984163,Low,6.94,False
1768-HNVGJ,45,Month-to-month,Electronic check,70.05,3062.45,No,0.18703829,Low,30.79,False
6963-KQYQB,70,Two year,Mailed check,24.05,1764.75,No,0.006271076,Low,6.51,False
5934-RMPOV,22,Month-to-month,Electronic check,84.75,1816.75,No,0.5462769,Medium,59.65,False
1207-BLKSA,52,Two year,Mailed check,23.05,1255.1,No,0.010387088,Low,6.55,False
4088-YLDSU,55,One year,Electronic check,104.15,5743.05,Yes,0.49734166,Medium,61.13,True
8316-BBQAY,65,Two year,Credit card (automatic),59.95,3921.1,No,0.012040273,Low,15.99,False
1166-PQLGG,72,Two year,Bank transfer (automatic),19.55,1463.45,No,0.006003926,Low,5.36,False
3146-JTQHR,10,One year,Bank transfer (automatic),19.6,189.45,No,0.041163635,Low,7.83,False
4291-YZODP,7,One year,Mailed check,20.05,96.8,No,0.02715735,Low,6.97,False
4395-PZMSN,5,Month-to-month,Electronic check,85.55,408.5,No,0.7044674,High,70.93,False
6427-FEFIG,24,Two year,Credit card (automatic),78.6,1846.65,No,0.019694354,Low,21.24,False
0017-IUDMW,72,Two year,Credit card (automatic),116.8,8456.75,No,0.011459087,Low,30.31,True
8706-HRADD,21,Month-to-month,Mailed check,43.55,1011.5,No,0.15836032,Low,22.09,False
9955-QOPOY,69,One year,Credit card (automatic),60.8,4263.4,No,0.07622176,Low,20.7,False
4385-ZKVNW,44,Month-to-month,Bank transfer (automatic),54.9,2549.1,No,0.12694955,Low,22.76,False
5446-DKWYW,61,One year,Electronic check,65.2,3965.05,No,0.098013625,Low,23.33,False
2034-CGRHZ,24,Month-to-month,Credit card (automatic),102.95,2496.7,Yes,0.6296991,High,70.09,True
5797-APWZC,1,Month-to-month,Electronic check,90.6,90.6,Yes,0.8299646,High,80.99,True
3683-QKIUE,6,Month-to-month,Bank transfer (automatic),50.8,288.05,Yes,0.27926764,Low,32.38,False
4228-ZGYUW,4,Month-to-month,Electronic check,90.05,368.1,Yes,0.8180349,High,80.01,True
9031-ZVQPT,72,Two year,Electronic check,108.2,7840.6,No,0.09308091,Low,33.85,True
2990-IAJSV,72,Two year,Bank transfer (automatic),92.0,6632.75,No,0.005441933,Low,23.62,True
8107-KNCIM,14,Month-to-month,Electronic check,75.1,1013.35,No,0.6330129,High,63.28,False
9027-YFHQJ,7,Month-to-month,Bank transfer (automatic),25.05,152.95,No,0.14696264,Low,16.62,False
5176-LDKUH,48,One year,Electronic check,75.15,3772.65,No,0.077478364,Low,24.41,False
4644-OBGFZ,55,One year,Mailed check,19.5,1026.35,No,0.024390168,Low,6.63,False
7926-IJOOU,1,Month-to-month,Credit card (automatic),19.3,19.3,No,0.1876817,Low,18.01,False
6480-YAGIY,45,One year,Credit card (automatic),112.2,5031.85,No,0.21764871,Low,43.58,True
4029-HPFVY,3,Month-to-month,Mailed check,70.3,220.4,No,0.5624631,Medium,57.13,False
7602-DBTOU,71,Two year,Mailed check,19.6,1416.5,No,0.0068213767,Low,5.43,False
5345-BMKWB,8,Month-to-month,Mailed check,20.25,158.35,No,0.09146296,Low,11.52,False
3519-ZKXGG,3,Month-to-month,Electronic check,75.85,256.6,Yes,0.7489542,High,71.59,False
5457-COLHT,69,Two year,Bank transfer (automatic),80.65,5542.55,No,0.01899022,Low,21.7,False
6416-TVAIH,1,Month-to-month,Electronic check,68.5,68.5,Yes,0.8451414,High,76.47,False
5451-YHYPW,72,Two year,Credit card (automatic),115.75,8443.7,No,0.018235452,Low,30.52,True
5108-ADXWO,11,Month-to-month,Electronic check,73.5,791.75,Yes,0.4052761,Medium,46.94,False
7998-WNZEM,71,Two year,Bank transfer (automatic),80.6,5708.2,No,0.0061846143,Low,20.8,False
3066-RRJIO,1,Month-to-month,Mailed check,69.95,69.95,Yes,0.80785877,High,74.22,False
4664-NJCMS,33,Two year,Bank transfer (automatic),59.55,2016.3,No,0.015019876,Low,16.1,False
0307-BCOPK,16,One year,Mailed check,19.05,326.65,No,0.013360948,Low,5.75,False
7629-WFGLW,56,One year,Electronic check,95.65,5471.75,No,0.09187579,Low,30.6,True
2542-HYGIQ,1,Month-to-month,Credit card (automatic),19.95,19.95,No,0.36785725,Medium,30.79,False
6715-OFDBP,5,Month-to-month,Electronic check,70.05,346.4,Yes,0.4277477,Medium,47.64,False
5016-LIPDW,57,One year,Mailed check,19.4,1061.6,No,0.045741748,Low,8.1,False
6481-LXPWL,56,One year,Credit card (automatic),36.1,1971.5,No,0.06224089,Low,13.48,False
1567-DSCIC,8,Month-to-month,Electronic check,94.0,773.65,Yes,0.8105496,High,80.49,True
2150-UWTFY,22,Month-to-month,Mailed check,61.15,1422.05,Yes,0.1460144,Low,25.67,False
6124-ACRHJ,1,Month-to-month,Mailed check,19.75,19.75,No,0.34665406,Medium,29.26,False
9362-MWODR,40,Month-to-month,Credit card (automatic),64.1,2460.35,No,0.11430273,Low,24.19,False
9975-GPKZU,46,Two year,Credit card (automatic),19.75,856.5,No,0.009708719,Low,5.67,False
9625-RZFUK,63,Two year,Mailed check,19.7,1275.85,No,0.010879038,Low,5.74,False
5153-LXKDT,68,Two year,Electronic check,110.2,7467.5,No,0.11232138,Low,35.7,True
5161-UBZXI,69,Two year,Credit card (automatic),106.35,7261.75,No,0.07165893,Low,31.88,True
1020-JPQOW,56,Month-to-month,Electronic check,90.55,5116.6,No,0.15478988,Low,33.71,True
7919-ZODZZ,10,One year,Mailed check,65.9,660.05,No,0.23773353,Low,33.29,False
0565-JUPYD,63,One year,Credit card (automatic),104.5,6590.8,No,0.08556946,Low,32.39,True
6867-ACCZI,24,Two year,Mailed check,52.5,1208.15,No,0.017869849,Low,14.51,False
5939-XAIXZ,19,Month-to-month,Mailed check,56.1,1033.9,No,0.30142048,Medium,35.27,False
9054-FOWNV,22,Month-to-month,Electronic check,88.75,1885.15,No,0.59551203,Medium,64.11,False
2683-BPJSO,29,Month-to-month,Electronic check,84.45,2467.1,Yes,0.44321305,Medium,52.36,False
2157-MXBJS,13,One year,Mailed check,75.3,989.45,Yes,0.32051787,Medium,41.46,False
8207-VVMYB,70,Two year,Bank transfer (automatic),26.0,2006.95,No,0.008128967,Low,7.14,False
9732-EQMWY,49,Month-to-month,Electronic check,99.4,5025.0,No,0.27551723,Low,44.4,True
9360-AHGNL,43,One year,Mailed check,109.55,4830.25,Yes,0.42306367,Medium,57.29,True
1087-UDSIH,3,Month-to-month,Mailed check,19.6,59.75,Yes,0.1553528,Low,15.83,False
5269-NRGDP,42,One year,Electronic check,73.15,3088.25,No,0.13519222,Low,27.94,False
6195-MELTI,57,One year,Mailed check,54.65,3134.7,No,0.059807666,Low,17.99,False
5485-WUYWF,2,Month-to-month,Bank transfer (automatic),66.4,94.55,Yes,0.5105651,Medium,52.51,False
2121-JAFOM,72,Two year,Credit card (automatic),115.55,8312.4,No,0.016182376,Low,30.32,True
8818-DOPVL,46,Month-to-month,Electronic check,104.45,4863.85,No,0.52845985,Medium,63.38,True
2632-UCGVD,66,Month-to-month,Credit card (automatic),100.05,6871.9,Yes,0.49485356,Medium,59.92,True
5445-PZWGX,62,One year,Electronic check,102.0,6529.25,Yes,0.097903065,Low,32.62,True
1227-UDMZR,72,Two year,Bank transfer (automatic),91.15,6637.9,No,0.005262929,Low,23.4,True
5198-HQAEN,35,One year,Electronic check,89.7,3165.6,No,0.118744135,Low,30.97,False
9170-CCKOU,17,Month-to-month,Credit card (automatic),90.2,1454.15,Yes,0.26600888,Low,41.41,True
2167-FQSTQ,72,Two year,Electronic check,92.4,6786.1,No,0.00949683,Low,24.01,True
2819-GWENI,28,One year,Mailed check,19.9,543.0,No,0.014558971,Low,6.05,False
1043-YCUTE,56,Two year,Credit card (automatic),25.15,1327.15,Yes,0.02256731,Low,7.93,False
3814-MLAXC,31,Month-to-month,Credit card (automatic),79.85,2404.15,Yes,0.3625974,Medium,45.55,False
3572-UUHRS,45,One year,Bank transfer (automatic),18.85,867.3,No,0.009661184,Low,5.44,False
2692-PFYTJ,1,Month-to-month,Mailed check,25.75,25.75,No,0.32398492,Medium,29.18,False
1226-UDFZR,2,Month-to-month,Mailed check,49.6,114.7,Yes,0.45732704,Medium,44.54,False
5955-EPOAZ,6,Month-to-month,Mailed check,20.95,109.5,No,0.11705838,Low,13.49,False
6821-JPCDC,48,One year,Electronic check,97.05,4692.95,No,0.19573659,Low,38.22,True
8815-LMFLX,25,Month-to-month,Bank transfer (automatic),25.4,546.85,No,0.07533622,Low,11.69,False
9135-HSWOC,64,Two year,Bank transfer (automatic),19.7,1274.05,No,0.013711223,Low,5.94,False
8582-KRHPJ,50,Month-to-month,Mailed check,35.0,1782.4,No,0.115731835,Low,16.94,False
5811-IWXYM,52,One year,Bank transfer (automatic),101.25,5301.1,No,0.16643007,Low,37.23,True
7044-YAACC,4,Month-to-month,Electronic check,70.2,280.35,No,0.5946868,Medium,59.36,False
8189-XRIKE,32,Month-to-month,Electronic check,90.95,2897.95,No,0.41992062,Medium,52.37,True
1506-YJTYT,45,Two year,Credit card (automatic),73.85,3371.0,No,0.016520172,Low,19.81,False
4123-DVHPH,9,Month-to-month,Electronic check,88.05,801.3,No,0.5894468,Medium,63.51,False
6425-YQLLO,66,One year,Credit card (automatic),105.95,6975.25,Yes,0.28684175,Low,46.85,True
5442-UTCVD,3,Month-to-month,Electronic check,91.85,257.05,Yes,0.7500155,High,75.71,True
2228-BZDEE,54,Two year,Mailed check,20.1,1079.45,No,0.017891001,Low,6.33,False
7734-DBOAI,1,Month-to-month,Electronic check,40.1,40.1,Yes,0.47288877,Medium,43.23,False
2789-CZANW,64,Two year,Bank transfer (automatic),110.3,6997.3,No,0.053462405,Low,31.61,True
2091-RFFBA,31,Month-to-month,Electronic check,73.9,2217.15,Yes,0.587893,Medium,59.82,False
2114-MGINA,14,Month-to-month,Mailed check,89.8,1129.1,Yes,0.6684829,High,69.48,False
7596-LDUXP,12,One year,Credit card (automatic),85.15,979.05,No,0.10954336,Low,29.18,False
3740-RLMVT,67,One year,Bank transfer (automatic),60.95,4119.4,No,0.027415762,Low,17.32,False
4489-SNOJF,35,Month-to-month,Electronic check,72.25,2568.55,Yes,0.18282093,Low,31.05,False
2192-OZITF,45,Two year,Mailed check,73.55,3349.1,No,0.014261843,Low,19.58,False
5651-CPDND,10,Month-to-month,Mailed check,46.0,492.1,No,0.1968216,Low,25.4,False
2186-QZEYA,29,Month-to-month,Bank transfer (automatic),58.55,1718.95,No,0.17710848,Low,27.19,False
1131-ALZWV,24,One year,Bank transfer (automatic),24.6,605.25,No,0.038651325,Low,8.92,False
7729-XBTWX,66,Two year,Mailed check,19.75,1344.5,No,0.00966023,Low,5.67,False
9134-WYRVP,51,One year,Mailed check,86.35,4267.15,No,0.06829451,Low,26.6,False
3284-SVCRO,45,Two year,Mailed check,25.5,1121.05,No,0.012300579,Low,7.3,False
9732-OUYRN,49,One year,Credit card (automatic),19.0,918.7,No,0.00706436,Low,5.29,False
0559-CKHUS,29,Two year,Mailed check,19.55,521.8,No,0.01216582,Low,5.79,False
2931-SVLTV,40,Month-to-month,Credit card (automatic),110.1,4469.1,No,0.27485126,Low,47.05,True
6899-PPEEA,37,Month-to-month,Electronic check,96.55,3580.3,Yes,0.6006928,High,66.44,True
7504-UWHNB,25,Month-to-month,Electronic check,69.75,1729.35,No,0.26670873,Low,36.29,False
2582-FFFZR,22,Month-to-month,Electronic check,50.6,1073.3,No,0.56094265,Medium,52.05,False
8908-NMQTX,72,Two year,Bank transfer (automatic),65.6,4566.5,No,0.006405117,Low,17.02,False
2187-LZGPL,7,Month-to-month,Credit card (automatic),40.1,293.3,Yes,0.40619424,Medium,38.56,False
1431-AIDJQ,33,Two year,Credit card (automatic),82.1,2603.1,No,0.021061106,Low,22.22,False
6288-LBEAR,23,Month-to-month,Mailed check,79.1,1783.75,No,0.21370712,Low,34.94,False
4597-NUCQV,24,Month-to-month,Electronic check,101.25,2440.15,Yes,0.7358526,High,77.09,True
9019-QVLZD,1,Month-to-month,Electronic check,79.55,79.55,Yes,0.8545409,High,79.91,False
8413-YNHNV,69,Two year,Mailed check,90.65,6322.1,No,0.015113748,Low,23.96,True
5808-TOTXO,3,One year,Credit card (automatic),20.55,57.4,No,0.031239334,Low,7.38,False
4369-NYSCF,56,One year,Bank transfer (automatic),75.75,4284.65,No,0.07609819,Low,24.46,False
6333-YDVLT,65,One year,Credit card (automatic),110.0,7138.65,No,0.2160253,Low,42.91,True
5324-KTGCG,71,One year,Electronic check,20.85,1539.75,No,0.019565525,Low,6.64,False
5599-HVLTW,14,Month-to-month,Bank transfer (automatic),80.35,1058.1,No,0.6006894,High,62.35,False
7394-LWLYN,2,Month-to-month,Electronic check,70.15,123.8,No,0.5859573,Medium,58.74,False
3707-LRWZD,32,One year,Electronic check,84.05,2781.85,Yes,0.23593849,Low,37.75,False
6873-UDNLD,40,Month-to-month,Electronic check,67.45,2731.0,No,0.17026131,Low,28.96,False
2700-LUEVA,1,Month-to-month,Credit card (automatic),20.75,20.75,No,0.23815548,Low,21.91,False
1455-ESIQH,1,Month-to-month,Electronic check,89.1,89.1,Yes,0.8360329,High,81.03,False
0958-YHXGP,7,Month-to-month,Mailed check,69.9,497.3,No,0.50686944,Medium,53.14,False
1101-SSWAG,15,Month-to-month,Electronic check,51.1,711.15,No,0.44630244,Medium,44.15,False
2979-SXESE,17,Month-to-month,Electronic check,94.4,1607.2,Yes,0.5219395,Medium,60.38,True
4013-TLDHQ,19,Month-to-month,Electronic check,78.25,1490.95,Yes,0.4752998,Medium,53.04,False
5743-KHMNA,71,Two year,Bank transfer (automatic),25.55,1898.1,No,0.005990671,Low,6.87,False
4194-FJARJ,54,Two year,Bank transfer (automatic),60.0,3273.95,No,0.019848311,Low,16.55,False
5325-UWTWJ,31,Month-to-month,Credit card (automatic),90.55,2929.75,No,0.14476565,Low,33.01,True
3969-GYXEL,11,Month-to-month,Electronic check,76.4,838.7,No,0.29742828,Low,40.12,False
9208-OLGAQ,18,Month-to-month,Electronic check,84.95,1443.65,No,0.4929748,Medium,55.97,False
3244-CQPHU,72,Two year,Bank transfer (automatic),110.1,7746.7,No,0.02814072,Low,29.78,True
2674-MLXMN,71,Month-to-month,Credit card (automatic),99.65,6951.15,No,0.24144748,Low,42.08,True
9708-HPXWZ,5,Month-to-month,Credit card (automatic),45.4,214.75,No,0.41905174,Medium,40.8,False
6992-TKNYO,38,One year,Credit card (automatic),69.0,2669.45,No,0.10314629,Low,24.65,False
4468-YDOVK,5,Month-to-month,Bank transfer (automatic),48.65,235.2,No,0.2798403,Low,31.88,False
3754-DXMRT,2,Month-to-month,Electronic check,44.15,92.65,Yes,0.64802474,High,56.52,False
5792-JALQC,52,Two year,Bank transfer (automatic),59.85,3103.25,No,0.030902946,Low,17.28,False
7130-VTEWQ,8,Month-to-month,Electronic check,75.75,606.25,Yes,0.67286927,High,66.24,False
2200-DSAAL,68,Two year,Electronic check,80.65,5330.2,No,0.14185695,Low,30.3,False
4302-ZYFEL,69,One year,Credit card (automatic),20.55,1403.1,No,0.010261239,Low,5.91,False
9351-LZYGF,42,Month-to-month,Credit card (automatic),66.4,2727.8,No,0.12346318,Low,25.42,False
4366-CTOUZ,50,Two year,Mailed check,100.2,5038.45,No,0.054733332,Low,29.15,True
6121-VZNQB,1,Month-to-month,Mailed check,19.1,19.1,Yes,0.2667653,Low,23.5,False
7903-CMPEY,1,Month-to-month,Electronic check,80.3,80.3,Yes,0.8535093,High,80.03,False
1518-OMDIK,33,Month-to-month,Credit card (automatic),44.55,1462.6,No,0.11407284,Low,19.24,False
6671-NGWON,7,Month-to-month,Mailed check,20.35,150.6,No,0.08574054,Low,11.14,False
0595-ITUDF,64,Month-to-month,Electronic check,91.8,5960.5,No,0.14915167,Low,33.63,True
6996-KNSML,1,Month-to-month,Electronic check,74.9,74.9,Yes,0.83773154,High,77.56,False
1955-IBMMB,59,Two year,Bank transfer (automatic),20.2,1192.3,No,0.026840737,Low,6.98,False
0096-BXERS,6,Month-to-month,Electronic check,50.35,314.55,No,0.40320504,Medium,40.94,False
3806-YAZOV,3,Month-to-month,Mailed check,18.8,56.0,No,0.045803033,Low,7.96,False
7998-ZLXWN,15,Month-to-month,Credit card (automatic),20.45,330.8,No,0.07413108,Low,10.36,False
6253-WRFHY,13,One year,Electronic check,64.75,877.35,No,0.21287972,Low,31.26,False
9133-AYJZG,23,Month-to-month,Credit card (automatic),98.7,2249.1,No,0.609276,High,67.58,True
2675-OTVVJ,31,Month-to-month,Electronic check,89.45,2807.65,No,0.40740243,Medium,51.12,False
8680-CGLTP,29,One year,Electronic check,58.75,1696.2,No,0.05312016,Low,18.56,False
8430-TWCBX,49,One year,Credit card (automatic),20.7,1032.05,No,0.01725821,Low,6.44,False
5018-GWURO,56,Month-to-month,Bank transfer (automatic),85.6,4902.8,No,0.30291378,Medium,42.83,False
6741-QRLUP,63,Two year,Credit card (automatic),80.3,4995.35,No,0.015389413,Low,21.36,False
4737-HOBAX,63,Two year,Credit card (automatic),79.8,5034.05,No,0.023600118,Low,21.81,False
0537-QYZZN,24,Month-to-month,Electronic check,79.85,1857.75,No,0.38242832,Medium,46.94,False
3340-QBBFM,36,One year,Credit card (automatic),54.1,1992.85,No,0.04741618,Low,16.99,False
1704-NRWYE,9,Month-to-month,Electronic check,80.85,751.65,Yes,0.6461386,High,65.65,False
2592-SEIFQ,3,Month-to-month,Electronic check,24.75,66.95,Yes,0.56165326,Medium,45.57,False
8200-KLNYW,21,One year,Mailed check,80.9,1714.95,No,0.06603073,Low,25.06,False
3372-CDXFJ,13,One year,Bank transfer (automatic),24.5,343.6,No,0.039649915,Low,8.96,False
4781-ZXYGU,1,Month-to-month,Bank transfer (automatic),20.15,20.15,No,0.38878748,Medium,32.31,False
7632-YUTXB,25,One year,Mailed check,20.05,520.1,No,0.016232748,Low,6.2,False
2718-YSKCS,71,Two year,Bank transfer (automatic),19.6,1387.45,No,0.007498186,Low,5.48,False
9896-UYMIE,66,One year,Bank transfer (automatic),114.3,7383.7,No,0.1866423,Low,41.94,True
0853-NWIFK,45,One year,Electronic check,100.3,4483.95,No,0.17135116,Low,37.33,True
8212-CRQXP,22,Month-to-month,Credit card (automatic),80.0,1706.45,No,0.32803884,Medium,43.17,False
6980-CDGFC,67,One year,Bank transfer (automatic),20.85,1327.4,No,0.021608472,Low,6.78,False
7691-XVTZH,68,Two year,Bank transfer (automatic),89.95,5974.3,No,0.07664029,Low,28.09,True
2520-SGTTA,0,Two year,Mailed check,20.0,0.0,No,0.023588046,Low,6.7,False
7481-ATQQS,49,Month-to-month,Credit card (automatic),90.85,4515.85,Yes,0.31056932,Medium,44.69,True
2277-VWCNI,4,Month-to-month,Mailed check,48.75,179.85,No,0.50974476,Medium,48.0,False
1088-CNNKB,63,One year,Credit card (automatic),80.0,5040.2,No,0.05322825,Low,23.94,False
8642-GVWRF,2,Month-to-month,Bank transfer (automatic),79.7,165.0,Yes,0.6456199,High,65.33,False
1930-BZLHI,21,One year,Mailed check,20.35,422.7,No,0.020123305,Low,6.55,False
3400-ESFUW,55,Two year,Bank transfer (automatic),57.55,3046.4,Yes,0.015822824,Low,15.65,False
5868-YTYKS,1,Month-to-month,Mailed check,20.25,20.25,No,0.36146444,Medium,30.42,False
3525-DVKFN,17,Two year,Mailed check,19.4,358.05,No,0.02254965,Low,6.48,False
1482-OXZSY,30,Month-to-month,Bank transfer (automatic),100.4,2936.25,No,0.36545604,Medium,50.95,True
0377-JBKKT,22,Month-to-month,Mailed check,57.95,1271.8,No,0.09939675,Low,21.6,False
5778-BVOFB,9,Month-to-month,Bank transfer (automatic),59.5,530.05,No,0.22558652,Low,30.82,False
3373-YZZYM,1,Month-to-month,Mailed check,19.2,19.2,No,0.13524854,Low,14.32,False
2057-ZBLPD,21,Month-to-month,Electronic check,86.5,1808.7,Yes,0.57312334,Medium,61.97,False
0228-MAUWC,19,Month-to-month,Electronic check,59.55,1144.6,No,0.26206237,Low,33.39,False
5502-RLUYV,69,Month-to-month,Electronic check,103.95,7446.9,Yes,0.57571304,Medium,66.56,True
0023-HGHWL,1,Month-to-month,Electronic check,25.1,25.1,Yes,0.8396364,High,65.12,False
7663-YJHSN,72,Two year,Bank transfer (automatic),103.95,7556.9,No,0.019457743,Low,27.62,True
4915-BFSXL,70,Two year,Credit card (automatic),68.95,4858.7,No,0.041926492,Low,20.35,False
3086-RUCRN,66,Month-to-month,Bank transfer (automatic),103.1,6595.0,No,0.1508634,Low,36.61,True
5215-LNLDJ,7,Month-to-month,Electronic check,24.7,149.05,No,0.3749921,Medium,32.49,False
7576-JMYWV,46,Month-to-month,Electronic check,110.2,4972.1,No,0.23394805,Low,44.22,True
9039-RBEEE,39,Month-to-month,Credit card (automatic),48.95,1880.85,Yes,0.11361502,Low,20.32,False
0257-KXZGU,32,Month-to-month,Bank transfer (automatic),62.45,2045.55,No,0.11482388,Low,23.81,False
1307-ATKGB,24,Month-to-month,Electronic check,89.55,2187.15,No,0.43769452,Medium,53.26,False
8417-FMLZI,6,Month-to-month,Credit card (automatic),83.55,477.55,Yes,0.69380695,High,69.67,False
3714-XPXBW,37,Month-to-month,Credit card (automatic),78.9,2976.95,No,0.122422166,Low,28.5,False
1850-AKQEP,8,Month-to-month,Mailed check,20.35,178.7,No,0.066570505,Low,9.8,False
2824-DXNKN,72,Two year,Bank transfer (automatic),71.45,5025.85,No,0.012423318,Low,18.92,False
5227-JSCFE,71,Two year,Credit card (automatic),46.35,3353.4,No,0.013602262,Low,12.66,False
0848-ZGQIJ,16,Month-to-month,Bank transfer (automatic),94.65,1461.15,No,0.5069314,Medium,59.4,True
3621-CHYVB,57,Month-to-month,Bank transfer (automatic),49.9,2782.4,No,0.09185854,Low,19.04,False
8042-RNLKO,66,One year,Bank transfer (automatic),25.45,1699.15,No,0.014979036,Low,7.48,False
1792-UXAFY,17,Month-to-month,Electronic check,89.15,1496.9,Yes,0.55397743,Medium,61.3,False
5372-FBKBN,21,Month-to-month,Mailed check,20.75,452.2,No,0.050598346,Low,8.78,False
0420-TXVSG,66,Two year,Credit card (automatic),66.1,4428.45,No,0.01745227,Low,17.92,False
6217-TOWGS,17,Month-to-month,Bank transfer (automatic),75.4,1322.55,No,0.2445571,Low,36.17,False
0515-YPMCW,1,Month-to-month,Mailed check,70.45,70.45,Yes,0.7587673,High,70.91,False
0378-XSZPU,58,One year,Credit card (automatic),60.3,3563.8,Yes,0.043897662,Low,18.31,False
1045-LTCYT,8,Month-to-month,Credit card (automatic),21.05,139.75,No,0.100530736,Low,12.36,False
1544-JJMYL,27,One year,Credit card (automatic),69.35,1927.3,No,0.028255556,Low,19.5,False
4636-JGAAI,34,Month-to-month,Mailed check,88.85,3000.25,No,0.20618206,Low,36.88,False
6874-SGLHU,30,One year,Bank transfer (automatic),97.0,3021.3,No,0.2369878,Low,41.09,True
5951-AOFIH,33,Month-to-month,Credit card (automatic),66.4,2245.4,No,0.12827937,Low,25.75,False
4729-XKASR,1,Month-to-month,Electronic check,24.75,24.75,Yes,0.5582684,Medium,45.33,False
3059-NGMXB,14,Month-to-month,Mailed check,69.2,944.65,No,0.09688578,Low,24.26,False
8652-YHIYU,16,One year,Credit card (automatic),79.5,1264.2,No,0.10950872,Low,27.75,False
5278-PNYOX,49,Two year,Credit card (automatic),100.65,4917.75,No,0.05714622,Low,29.43,True
5449-FIBXJ,19,Month-to-month,Electronic check,103.3,2012.7,Yes,0.5481368,Medium,64.47,True
3486-HOOGQ,70,Two year,Bank transfer (automatic),79.7,5743.3,No,0.026708836,Low,22.0,False
5061-PBXFW,32,Month-to-month,Bank transfer (automatic),61.4,1864.65,No,0.06694305,Low,20.2,False
8630-FJLIB,18,Month-to-month,Electronic check,69.8,1221.65,No,0.40329036,Medium,45.86,False
3891-NLXJB,37,Two year,Mailed check,40.55,1390.85,No,0.015612906,Low,11.34,False
4749-OJKQU,4,Month-to-month,Electronic check,75.65,302.35,No,0.68442744,High,67.02,False
0577-WHMEV,16,Month-to-month,Electronic check,90.7,1374.9,No,0.30607933,Medium,44.34,True
5453-AXEPF,17,Month-to-month,Bank transfer (automatic),80.5,1336.9,No,0.39968425,Medium,48.31,False
3639-XJHKQ,19,Month-to-month,Electronic check,60.6,1297.8,No,0.19593315,Low,29.02,False
3716-LRGXK,60,Two year,Credit card (automatic),101.15,6067.4,No,0.086386666,Low,31.6,True
2263-SFSQZ,51,Two year,Mailed check,24.95,1222.25,No,0.010887626,Low,7.07,False
9950-MTGYX,28,Two year,Credit card (automatic),20.3,487.95,No,0.0061928667,Low,5.56,False
3397-AVTKU,43,Two year,Electronic check,60.0,2548.55,No,0.09102961,Low,21.53,False
4825-FUREZ,42,Two year,Electronic check,20.25,835.5,No,0.012780053,Low,6.01,False
9837-BMCLM,3,Month-to-month,Electronic check,78.5,242.05,Yes,0.6911666,High,68.21,False
2672-OJQZP,1,Month-to-month,Mailed check,44.75,44.75,No,0.4437279,Medium,42.37,False
0137-UDEUO,3,Month-to-month,Mailed check,19.85,63.75,Yes,0.15635179,Low,15.96,False
3134-DSHVC,63,Two year,Credit card (automatic),98.0,6218.45,No,0.02539595,Low,26.54,True
6161-UUUTA,3,Month-to-month,Electronic check,79.9,260.9,Yes,0.68664634,High,68.25,False
7821-DPRQE,68,Month-to-month,Electronic check,107.7,7320.9,No,0.32478982,Medium,49.94,True
6543-XRMYR,30,Month-to-month,Electronic check,99.7,2967.35,Yes,0.61211336,High,68.04,True
2001-EWBQU,60,Two year,Electronic check,104.7,6333.8,No,0.13041309,Low,35.58,True
4925-LMHOK,15,Month-to-month,Credit card (automatic),58.6,939.7,Yes,0.23245956,Low,31.08,False
1608-GMEWB,45,Month-to-month,Bank transfer (automatic),93.9,4200.25,No,0.4627043,Medium,56.11,True
6695-AMZUF,70,Two year,Credit card (automatic),86.45,5950.2,No,0.014781337,Low,22.87,False
1455-UGQVH,10,Month-to-month,Electronic check,98.5,1037.75,Yes,0.9040338,High,88.17,True
8410-BGQXN,4,Month-to-month,Mailed check,19.4,93.4,No,0.11027289,Low,12.62,False
8280-MQRQN,1,Month-to-month,Mailed check,50.45,50.45,Yes,0.638836,High,57.46,False
1619-YWUBB,68,Two year,Credit card (automatic),24.95,1614.9,No,0.007753336,Low,6.85,False
7611-YKYTC,22,Month-to-month,Bank transfer (automatic),75.0,1573.95,No,0.21147527,Low,33.75,False
2037-SGXHH,38,Month-to-month,Electronic check,94.65,3624.3,Yes,0.4187114,Medium,53.22,True
3178-FESZO,1,Month-to-month,Credit card (automatic),100.25,100.25,Yes,0.9296965,High,90.41,True
0365-GXEZS,18,Month-to-month,Electronic check,78.2,1468.75,No,0.3248212,Medium,42.49,False
0082-OQIQY,29,Month-to-month,Electronic check,94.2,2607.6,No,0.3938549,Medium,51.37,True
6087-MVHJH,16,Month-to-month,Electronic check,88.45,1422.1,Yes,0.6606486,High,68.59,False
4603-JANFB,1,Month-to-month,Electronic check,69.85,69.85,Yes,0.83197874,High,75.88,False
3018-TFTSU,12,Month-to-month,Bank transfer (automatic),81.7,858.6,Yes,0.29460296,Low,41.26,False
3606-SBKRY,31,One year,Electronic check,50.05,1523.4,No,0.18665761,Low,25.71,False
4806-KEXQR,4,Month-to-month,Electronic check,79.9,324.3,Yes,0.67850006,High,67.68,False
0667-NSRGI,48,One year,Mailed check,69.55,3435.6,No,0.08641469,Low,23.62,False
7083-YNSKY,15,Month-to-month,Credit card (automatic),25.4,399.6,Yes,0.1405763,Low,16.26,False
6893-ODYYE,50,One year,Credit card (automatic),90.1,4549.45,No,0.040653594,Low,25.61,True
8242-JSVBO,7,Month-to-month,Bank transfer (automatic),44.65,322.5,No,0.29379618,Low,31.85,False
2479-BRAMR,41,Month-to-month,Bank transfer (automatic),83.75,3273.55,Yes,0.40275782,Medium,49.35,False
9541-ZPSEA,68,Two year,Credit card (automatic),80.35,5375.15,No,0.04456191,Low,23.42,False
2665-NPTGL,26,Month-to-month,Bank transfer (automatic),98.1,2510.7,No,0.6372952,High,69.39,True
1139-WUOAH,57,Two year,Credit card (automatic),53.35,3090.05,No,0.03907906,Low,16.21,False
4693-VWVBO,3,Month-to-month,Electronic check,19.55,61.05,No,0.14033207,Low,14.76,False
7434-SHXLS,1,Month-to-month,Mailed check,20.9,20.9,Yes,0.40265685,Medium,33.47,False
6937-GCDGQ,19,One year,Bank transfer (automatic),48.95,955.6,No,0.06354231,Low,16.81,False
0988-JRWWP,3,Month-to-month,Electronic check,54.2,140.4,No,0.5621819,Medium,53.05,False
5075-JSDKI,59,Two year,Electronic check,24.45,1493.1,No,0.021006424,Low,7.65,False
7908-QCBCA,1,Month-to-month,Mailed check,69.4,69.4,Yes,0.8428097,High,76.53,False
8644-XYTSV,42,Month-to-month,Bank transfer (automatic),40.15,1626.05,No,0.16944766,Low,22.0,False
6711-FLDFB,7,Month-to-month,Electronic check,74.9,541.15,Yes,0.7269687,High,69.81,False
3873-WOSBC,67,Two year,Credit card (automatic),25.6,1784.9,No,0.0069770007,Low,6.96,False
7465-ZZRVX,1,Month-to-month,Electronic check,70.35,70.35,No,0.7970987,High,73.57,False
7975-JMZNT,66,Two year,Bank transfer (automatic),91.7,6075.9,No,0.02249016,Low,24.74,True
7251-XFOIL,61,Month-to-month,Mailed check,89.2,5500.6,No,0.13078374,Low,31.69,False
4116-IQRFR,4,One year,Credit card (automatic),24.1,73.1,No,0.045683175,Low,9.29,False
3714-JTVOV,42,Month-to-month,Credit card (automatic),74.15,3229.4,Yes,0.37993535,Medium,45.33,False
8259-DZLIZ,64,One year,Bank transfer (automatic),53.85,3399.85,No,0.043412883,Low,16.64,False
0442-ZXKVS,54,One year,Bank transfer (automatic),115.6,6431.05,No,0.19817878,Low,43.08,True
7853-WNZSY,1,Month-to-month,Credit card (automatic),19.75,19.75,No,0.34637764,Medium,29.24,False
3120-FAZKD,54,Two year,Bank transfer (automatic),24.05,1230.9,No,0.019749098,Low,7.46,False
8606-OEGQZ,18,Two year,Credit card (automatic),25.3,454.65,No,0.016186014,Low,7.52,False
0225-ZORZP,3,Month-to-month,Electronic check,84.3,235.05,No,0.49943417,Medium,56.26,False
4702-IOQDC,1,Month-to-month,Electronic check,70.1,70.1,Yes,0.80148417,High,73.81,False
9489-JMTTN,72,Two year,Credit card (automatic),89.75,6595.9,No,0.0044509885,Low,22.99,False
0575-CUQOV,60,One year,Electronic check,97.95,5867.0,No,0.1812146,Low,37.43,True
0967-BMLBD,11,One year,Mailed check,20.0,196.35,No,0.028987838,Low,7.08,False
6178-KFNHS,12,Month-to-month,Electronic check,78.3,909.25,Yes,0.4334309,Medium,50.12,False
2830-LEWOA,61,One year,Credit card (automatic),103.9,6449.15,No,0.1058667,Low,33.66,True
5006-MXVRN,39,Two year,Credit card (automatic),20.7,762.45,No,0.008148722,Low,5.8,False
1264-BYWMS,55,Month-to-month,Electronic check,96.8,5283.95,Yes,0.64579564,High,69.66,True
9658-WYUFB,17,Month-to-month,Electronic check,94.4,1617.5,Yes,0.64452237,High,68.96,True
8327-WKMIE,37,One year,Credit card (automatic),20.15,785.75,No,0.01499112,Low,6.14,False
6917-FIJHC,72,Two year,Mailed check,26.0,1776.0,No,0.005020466,Low,6.92,False
5329-KRDTM,72,Two year,Credit card (automatic),77.35,5396.25,No,0.016127173,Low,20.67,False
7797-EJMDP,8,Month-to-month,Bank transfer (automatic),66.05,574.5,No,0.14087494,Low,26.55,False
3530-VWVGU,22,Month-to-month,Mailed check,19.9,400.3,No,0.07329035,Low,10.16,False
2013-SGDXK,1,Month-to-month,Electronic check,84.3,84.3,Yes,0.72746086,High,72.22,False
6368-NWMCE,38,Month-to-month,Credit card (automatic),68.15,2656.3,No,0.14015657,Low,27.03,False
3633-CDBUW,17,One year,Electronic check,80.85,1445.95,No,0.14741598,Low,30.74,False
0707-HOVVN,70,Two year,Bank transfer (automatic),75.5,5212.65,No,0.042245533,Low,22.03,False
8580-QVLOC,72,Two year,Credit card (automatic),92.45,6440.25,Yes,0.006235167,Low,23.79,True
3956-MGXOG,28,Month-to-month,Electronic check,80.6,2244.95,No,0.41208908,Medium,49.21,False
9274-UARKJ,15,Month-to-month,Bank transfer (automatic),83.2,1130.0,No,0.5101475,Medium,56.73,False
4077-HWUYD,72,Two year,Bank transfer (automatic),87.55,6463.15,No,0.0051461346,Low,22.48,False
2012-NWRPA,11,Month-to-month,Electronic check,99.55,1131.2,Yes,0.91927344,High,89.5,True
8808-ELEHO,8,Month-to-month,Electronic check,81.25,585.95,Yes,0.7595757,High,73.7,False
0103-CSITQ,57,One year,Bank transfer (automatic),109.4,6252.7,No,0.2886292,Low,47.84,True
3506-LCJDC,1,Month-to-month,Bank transfer (automatic),19.95,19.95,Yes,0.35429388,Medium,29.84,False
8671-KKKOS,46,Month-to-month,Electronic check,45.55,2062.15,No,0.20989361,Low,26.2,False
7305-ZWMAJ,30,One year,Credit card (automatic),20.7,587.1,No,0.014559382,Low,6.25,False
9518-XXBXE,10,Month-to-month,Electronic check,75.3,720.45,No,0.3393513,Medium,42.78,False
3934-HXCFZ,23,Month-to-month,Electronic check,99.25,2186.4,Yes,0.7190634,High,75.41,True
6578-KRMAW,32,Month-to-month,Credit card (automatic),93.4,2979.3,No,0.20693222,Low,38.08,True
4860-IJUDE,13,Month-to-month,Credit card (automatic),73.75,956.65,No,0.32909888,Medium,41.67,False
7666-WKRON,39,Two year,Electronic check,80.45,3201.55,Yes,0.07827051,Low,25.8,False
9688-YGXVR,44,Month-to-month,Credit card (automatic),88.15,3973.2,No,0.21012275,Low,36.98,False
0423-UDIJQ,9,Month-to-month,Mailed check,49.2,447.9,No,0.22578031,Low,28.23,False
1945-XISKS,67,Two year,Mailed check,19.65,1335.2,No,0.008878897,Low,5.59,False
4910-AQFFX,9,Month-to-month,Bank transfer (automatic),79.35,661.25,Yes,0.6171395,High,63.25,False
2154-KVJFF,15,Month-to-month,Electronic check,79.75,1111.85,Yes,0.669852,High,67.04,False
5360-LJCNJ,71,Two year,Bank transfer (automatic),105.15,7555.0,No,0.16024403,Low,37.78,True
2607-FBDFF,1,Month-to-month,Credit card (automatic),49.0,49.0,No,0.3257814,Medium,35.18,False
9647-ERGBE,30,Month-to-month,Electronic check,100.05,3046.15,Yes,0.69361776,High,73.83,True
3428-XZMAZ,1,Month-to-month,Electronic check,69.35,69.35,Yes,0.862218,High,77.88,False
1100-DDVRV,17,Month-to-month,Mailed check,49.8,836.35,No,0.36078832,Medium,37.84,False
0378-TOVMS,3,Month-to-month,Electronic check,85.8,272.2,Yes,0.63149375,High,65.88,False
4355-HBJHH,67,Two year,Electronic check,79.7,5293.4,Yes,0.18635817,Low,33.18,False
6728-WYQBC,1,Month-to-month,Bank transfer (automatic),20.95,20.95,No,0.2927821,Low,25.79,False
9058-CBREO,1,Month-to-month,Mailed check,50.55,50.55,Yes,0.70466834,High,62.1,False
9029-FEGVJ,32,Month-to-month,Mailed check,79.3,2570.0,No,0.32825106,Medium,43.01,False
7216-KAOID,41,One year,Bank transfer (automatic),19.5,798.2,No,0.02131662,Low,6.42,False
0318-QUUOB,1,Month-to-month,Electronic check,80.55,80.55,Yes,0.85398424,High,80.13,False
6145-NNPNO,1,Month-to-month,Bank transfer (automatic),44.15,44.15,No,0.47982326,Medium,44.74,False
5520-FVEWJ,12,Month-to-month,Electronic check,84.5,916.9,Yes,0.6403289,High,66.17,False
5339-TJFEK,62,Month-to-month,Electronic check,105.5,6487.2,No,0.2064166,Low,41.1,True
5572-ZDXHY,22,Month-to-month,Mailed check,84.3,1855.65,Yes,0.3683015,Medium,47.08,False
2074-GUHPQ,17,Month-to-month,Credit card (automatic),92.7,1556.85,No,0.3499963,Medium,47.92,True
4625-XMOYM,72,Two year,Bank transfer (automatic),26.25,1988.05,No,0.0047924756,Low,6.97,False
5827-MWCZK,56,Month-to-month,Credit card (automatic),96.95,5432.2,No,0.19082056,Low,37.85,True
1385-TQOZW,9,Month-to-month,Credit card (automatic),20.45,147.55,No,0.08981419,Low,11.45,False
5914-XRFQB,72,Two year,Bank transfer (automatic),115.8,8424.9,No,0.030006172,Low,31.36,True
4329-YPDDQ,20,Month-to-month,Bank transfer (automatic),108.2,2203.7,No,0.35692236,Medium,52.32,True
4804-NCPET,19,Two year,Mailed check,20.2,387.4,No,0.010847835,Low,5.86,False
3750-CKVKH,2,Month-to-month,Electronic check,67.75,116.65,Yes,0.6310643,High,61.29,False
5944-UGLLK,53,One year,Credit card (automatic),54.9,3045.75,No,0.12654948,Low,22.73,False
8063-GBATB,27,Month-to-month,Electronic check,85.25,2287.25,Yes,0.61111,High,64.31,False
7787-BNTZM,6,Month-to-month,Bank transfer (automatic),20.15,130.5,No,0.11416602,Low,13.08,False
2252-ISRNH,9,One year,Electronic check,90.35,767.9,No,0.26938435,Low,41.68,True
9415-TPKRV,8,Month-to-month,Electronic check,55.75,446.8,No,0.24913947,Low,31.52,False
5322-TEUJK,71,Two year,Bank transfer (automatic),114.6,8100.25,No,0.014487462,Low,29.97,True
4547-KQRTM,10,Month-to-month,Bank transfer (automatic),80.05,830.7,Yes,0.65040857,High,65.75,False
4877-EVATK,1,Month-to-month,Mailed check,20.0,20.0,Yes,0.40250662,Medium,33.23,False
1866-DIOQZ,71,One year,Bank transfer (automatic),66.8,4689.15,No,0.025521027,Low,18.66,False
8375-KVTHK,68,One year,Electronic check,100.3,6754.35,No,0.21120763,Low,40.12,True
2697-NQBPF,34,Month-to-month,Electronic check,105.35,3540.65,No,0.38604945,Medium,53.64,True
3709-OIJEA,26,One year,Electronic check,85.2,2184.6,No,0.12564027,Low,30.32,False
7639-SUPCW,22,Month-to-month,Credit card (automatic),48.8,1054.6,Yes,0.2478406,Low,29.68,False
1386-ZIKUV,7,Month-to-month,Mailed check,18.95,130.55,No,0.054065816,Low,8.57,False
0599-XNYDO,20,Month-to-month,Bank transfer (automatic),69.8,1540.35,No,0.30794573,Medium,39.19,False
6377-WHAOX,60,Month-to-month,Electronic check,106.15,6411.25,No,0.41001177,Medium,55.52,True
6855-VLGOS,72,Two year,Electronic check,20.55,1432.55,No,0.008553444,Low,5.79,False
8999-XXGNS,72,One year,Credit card (automatic),105.75,7629.85,No,0.08075267,Low,32.37,True
8746-OQQRW,4,Month-to-month,Mailed check,25.25,101.9,No,0.12365201,Low,15.03,False
3181-MIZBN,16,Month-to-month,Electronic check,19.75,313.4,No,0.1567608,Low,15.96,False
0471-ARVMX,62,One year,Electronic check,104.85,6312.9,No,0.2934724,Low,47.03,True
7766-CLTIC,10,Month-to-month,Mailed check,60.95,629.55,No,0.21122146,Low,30.18,False
5650-YLIBA,31,Month-to-month,Electronic check,81.15,2640.55,No,0.5396104,Medium,58.27,False
0825-CPPQH,71,Two year,Credit card (automatic),19.1,1372.45,No,0.003183806,Low,5.05,False
9084-OAYKL,58,Two year,Mailed check,20.8,1212.25,No,0.022804728,Low,6.85,False
6122-LJADA,70,Two year,Credit card (automatic),90.15,6237.05,No,0.020712247,Low,24.22,True
2400-XIWIO,71,Two year,Electronic check,90.1,6310.9,No,0.008854809,Low,23.38,True
7524-VRLPL,69,Two year,Credit card (automatic),74.1,5031.0,No,0.06446939,Low,23.23,False
1069-XAIEM,1,Month-to-month,Electronic check,85.05,85.05,Yes,0.9233579,High,86.12,False
7569-NMZYQ,72,Two year,Bank transfer (automatic),118.75,8672.45,No,0.018588055,Low,31.3,True
5201-USSQZ,26,Month-to-month,Credit card (automatic),85.9,2196.45,No,0.19944489,Low,35.66,False
2105-PHWON,33,Month-to-month,Credit card (automatic),95.0,3008.15,No,0.2823104,Low,43.76,True
1494-EJZDW,10,Two year,Mailed check,20.15,220.8,No,0.013749516,Low,6.05,False
4884-TVUQF,57,Two year,Credit card (automatic),101.3,5779.6,No,0.055046335,Low,29.44,True
8003-EWNDZ,10,Month-to-month,Electronic check,21.2,222.65,No,0.16849186,Low,17.15,False
1897-RCFUM,39,One year,Mailed check,24.2,914.6,No,0.022577317,Low,7.69,False
9256-JTBNZ,11,Month-to-month,Bank transfer (automatic),20.3,246.3,No,0.09925339,Low,12.08,False
4658-HCOHW,21,Month-to-month,Electronic check,102.8,2110.15,Yes,0.5173938,Medium,62.19,True
2211-RMNHO,68,Two year,Bank transfer (automatic),85.3,5560.0,No,0.022866463,Low,23.15,False
2432-TFSMK,18,One year,Credit card (automatic),89.6,1633.0,No,0.13386485,Low,32.01,False
3440-JPSCL,6,Month-to-month,Mailed check,99.95,547.65,Yes,0.819295,High,82.6,True
4929-ROART,18,Month-to-month,Mailed check,56.25,969.85,No,0.15340814,Low,24.95,False
1834-ABKHQ,52,One year,Bank transfer (automatic),50.95,2610.65,No,0.06752311,Low,17.6,False
1741-WTPON,56,Two year,Mailed check,115.85,6567.9,No,0.06642325,Low,33.92,True
3932-IJWDZ,45,Month-to-month,Bank transfer (automatic),103.65,4747.85,No,0.41257894,Medium,55.07,True
1240-HCBOH,67,Two year,Mailed check,26.1,1759.55,No,0.0065547563,Low,7.05,False
3594-KADLU,3,Month-to-month,Mailed check,35.1,101.1,No,0.24028651,Low,25.69,False
8065-BVEPF,65,Month-to-month,Bank transfer (automatic),99.1,6496.15,No,0.26002145,Low,43.24,True
3796-ENZGF,63,Two year,Mailed check,67.25,4234.15,No,0.014438269,Low,18.0,False
1734-ZMNTZ,11,Two year,Mailed check,25.0,300.7,No,0.014108014,Low,7.3,False
2853-CWQFQ,1,Month-to-month,Mailed check,59.55,59.55,No,0.3595666,Medium,40.21,False
0813-TAXXS,55,Two year,Bank transfer (automatic),77.8,4323.35,No,0.060640927,Low,23.9,False
2519-TWKFS,25,One year,Mailed check,55.1,1466.1,No,0.08302309,Low,19.73,False
2889-FPWRM,72,One year,Bank transfer (automatic),117.8,8684.8,Yes,0.13744499,Low,39.38,True
0626-QXNGV,72,Two year,Credit card (automatic),24.15,1776.45,No,0.0048806625,Low,6.44,False
6723-CEGQI,65,Two year,Mailed check,45.25,2933.95,No,0.016632657,Low,12.6,False
6987-XQSJT,54,Month-to-month,Electronic check,79.5,4370.25,Yes,0.48143366,Medium,53.78,False
4732-RRJZC,7,Month-to-month,Mailed check,20.25,144.35,No,0.08356257,Low,10.97,False
9499-XPZXM,72,Two year,Bank transfer (automatic),64.75,4804.75,No,0.006622714,Low,16.82,False
4338-EYCER,21,Month-to-month,Bank transfer (automatic),54.6,1125.2,No,0.23260513,Low,30.08,False
3007-FDPEA,2,Month-to-month,Bank transfer (automatic),20.7,39.85,No,0.14727837,Low,15.54,False
6350-XFYGW,4,Month-to-month,Electronic check,94.75,422.4,No,0.73039156,High,75.06,True
4290-BSXUX,3,Month-to-month,Bank transfer (automatic),79.65,251.75,Yes,0.7340159,High,71.5,False
8513-OLYGY,72,Two year,Credit card (automatic),115.8,8332.15,No,0.022593008,Low,30.84,True
0311-QYWSS,6,Month-to-month,Electronic check,49.45,314.6,No,0.31090066,Medium,34.26,False
8705-DWKTI,52,Month-to-month,Credit card (automatic),83.8,4331.4,No,0.2685735,Low,39.97,False
8755-IWJHN,69,Month-to-month,Bank transfer (automatic),95.35,6382.0,No,0.26514742,Low,42.65,True
0325-XBFAC,8,Month-to-month,Electronic check,94.7,740.3,Yes,0.7153646,High,74.0,True
4480-QQRHC,8,Month-to-month,Bank transfer (automatic),74.05,600.15,No,0.57752204,Medium,59.13,False
0929-PECLO,63,Month-to-month,Bank transfer (automatic),89.6,5538.8,No,0.19985269,Low,36.63,False
3680-CTHUH,60,One year,Credit card (automatic),116.6,7049.5,No,0.1545834,Low,40.28,True
1202-KKGFU,12,Month-to-month,Bank transfer (automatic),54.2,690.5,No,0.15847023,Low,24.79,False
6112-KTHFQ,13,Month-to-month,Mailed check,19.3,279.3,No,0.08389935,Low,10.75,False
1852-XEMDW,22,Month-to-month,Mailed check,65.05,1427.55,No,0.11802513,Low,24.7,False
2462-XIIJB,5,Month-to-month,Electronic check,92.5,452.7,Yes,0.8449495,High,82.51,True
4760-XOHVN,1,Month-to-month,Mailed check,19.45,19.45,Yes,0.40219876,Medium,33.07,False
1820-DJFPH,72,Two year,Bank transfer (automatic),24.05,1709.15,No,0.0054843826,Low,6.46,False
9426-SXNHE,2,Month-to-month,Bank transfer (automatic),18.75,53.15,No,0.057235356,Low,8.74,False
9068-FHQHD,40,Two year,Bank transfer (automatic),20.15,777.35,No,0.009439709,Low,5.75,False
1269-FOYWN,44,One year,Bank transfer (automatic),20.0,860.85,No,0.01950328,Low,6.42,False
9470-YFUYI,71,One year,Bank transfer (automatic),71.0,5012.1,No,0.021559622,Low,19.45,False
7817-BOQPW,2,Month-to-month,Electronic check,75.55,166.3,Yes,0.7608494,High,72.35,False
7402-EYFXX,26,Month-to-month,Electronic check,93.6,2404.1,No,0.6778756,High,71.1,True
1853-UDXBW,1,Month-to-month,Electronic check,70.0,70.0,Yes,0.8119716,High,74.52,False
9895-VFOXH,1,Month-to-month,Mailed check,24.4,24.4,No,0.43115568,Medium,36.35,False
5458-CQJTA,65,Two year,Bank transfer (automatic),74.8,4820.15,Yes,0.04861379,Low,22.3,False
1230-QAJDW,3,Month-to-month,Mailed check,65.25,209.9,No,0.31531772,Medium,38.56,False
5701-ZIKJE,13,Month-to-month,Mailed check,50.55,610.75,No,0.18623684,Low,25.81,False
5219-YIPTK,33,Month-to-month,Electronic check,104.4,3409.6,Yes,0.546051,Medium,64.6,True
5032-MIYKT,1,Month-to-month,Mailed check,70.7,70.7,No,0.7878757,High,73.01,False
7396-VJUZB,4,Month-to-month,Mailed check,45.25,155.35,No,0.3480172,Medium,35.79,False
9717-QEBGU,2,Month-to-month,Electronic check,70.3,144.0,No,0.62605935,High,61.58,False
5172-RKOCB,72,Two year,Credit card (automatic),108.95,7875.0,No,0.024974803,Low,29.27,True
6509-TSGWN,37,Month-to-month,Mailed check,26.45,911.6,No,0.049120966,Low,10.12,False
3540-RZJYU,15,Month-to-month,Electronic check,86.2,1270.2,Yes,0.3741306,Medium,47.97,False
3178-CIFOT,23,One year,Credit card (automatic),19.65,478.1,No,0.019289495,Low,6.31,False
2091-MJTFX,30,Month-to-month,Credit card (automatic),51.2,1561.5,Yes,0.08055296,Low,18.57,False
4530-NDRKU,42,One year,Electronic check,19.05,761.85,No,0.0126621295,Low,5.7,False
5985-TBABQ,32,One year,Mailed check,74.75,2282.95,No,0.07554069,Low,24.17,False
9800-ONTFE,22,Month-to-month,Bank transfer (automatic),75.8,1615.1,No,0.28497937,Low,39.1,False
6743-HHQPF,42,Month-to-month,Credit card (automatic),25.1,1097.15,No,0.26227382,Low,24.7,False
8455-HIRAQ,8,Month-to-month,Mailed check,44.45,369.3,No,0.20226462,Low,25.39,False
6616-AALSR,65,Two year,Credit card (automatic),104.3,6725.3,No,0.08743306,Low,32.47,True
0883-EIBTI,2,Month-to-month,Mailed check,19.5,31.55,Yes,0.17057641,Low,16.87,False
9415-ZNBSX,70,Two year,Bank transfer (automatic),89.0,6293.2,No,0.019352648,Low,23.84,False
4018-KJYUY,22,Month-to-month,Credit card (automatic),20.15,432.5,No,0.05252075,Low,8.77,False
0722-TROQR,4,Month-to-month,Electronic check,74.9,321.75,Yes,0.7667554,High,72.59,False
7571-YXDAD,2,Month-to-month,Credit card (automatic),74.9,147.15,Yes,0.609117,High,61.56,False
3884-UEBXB,67,Two year,Bank transfer (automatic),36.15,2434.45,No,0.013140914,Low,10.05,False
8780-RSYYU,25,Month-to-month,Credit card (automatic),19.2,532.1,No,0.030898126,Low,7.01,False
5537-UXXVS,20,Month-to-month,Bank transfer (automatic),19.25,375.25,No,0.06829532,Low,9.64,False
1791-PQHBB,2,Month-to-month,Credit card (automatic),61.2,125.95,No,0.3337487,Medium,38.82,False
8701-DGLVH,51,Two year,Mailed check,20.45,1042.65,No,0.011276159,Low,5.96,False
8741-LQOBK,46,Month-to-month,Bank transfer (automatic),35.05,1620.25,No,0.13303773,Low,18.17,False
3393-FMZPV,25,Month-to-month,Electronic check,100.25,2387.75,Yes,0.7505593,High,77.87,True
8082-GHXOP,13,Month-to-month,Mailed check,44.0,659.35,No,0.17031956,Low,23.04,False
6402-ZFPPI,25,Month-to-month,Mailed check,102.8,2660.2,Yes,0.6555248,High,71.86,True
0980-FEXWF,26,One year,Mailed check,50.35,1285.8,No,0.058252856,Low,16.8,False
7486-KSRVI,43,One year,Electronic check,100.0,4211.55,Yes,0.5096286,Medium,60.94,True
3011-WQKSZ,19,Month-to-month,Electronic check,20.0,377.55,No,0.13290465,Low,14.36,False
8443-WVPSS,10,Month-to-month,Electronic check,99.85,990.9,Yes,0.7229778,High,75.83,True
3006-XIMLN,2,Month-to-month,Bank transfer (automatic),94.2,193.8,Yes,0.86666805,High,84.46,True
8218-FFJDS,72,Two year,Bank transfer (automatic),86.4,6058.95,No,0.005840113,Low,22.24,False
1986-PHGZF,18,Month-to-month,Credit card (automatic),58.4,964.9,No,0.23705944,Low,31.35,False
9965-YOKZB,9,Month-to-month,Electronic check,83.85,790.15,Yes,0.783789,High,76.05,False
0504-HHAPI,27,Month-to-month,Credit card (automatic),88.3,2467.75,Yes,0.3868923,Medium,49.39,False
9360-OMDZZ,24,Month-to-month,Electronic check,94.1,2322.85,No,0.6702906,High,70.69,True
6305-YLBMM,69,One year,Bank transfer (automatic),104.05,7262.0,Yes,0.3574479,Medium,51.31,True
0345-XMMUG,46,Two year,Credit card (automatic),108.9,4854.3,No,0.16776063,Low,39.25,True
8024-XNAFQ,72,Two year,Bank transfer (automatic),107.4,7748.75,No,0.027284259,Low,29.04,True
3647-GMGDH,22,Month-to-month,Credit card (automatic),94.7,1914.9,Yes,0.39433566,Medium,51.53,True
2988-GBIVW,70,Month-to-month,Electronic check,90.85,6470.1,No,0.21037012,Low,37.68,True
2832-SCUCO,2,Month-to-month,Electronic check,19.9,57.4,No,0.15039988,Low,15.56,False
7036-ZZKBD,31,Month-to-month,Credit card (automatic),66.4,2019.8,No,0.068378836,Low,21.56,False
3791-LGQCY,56,Month-to-month,Bank transfer (automatic),100.65,5688.05,Yes,0.43497258,Medium,55.88,True
0265-PSUAE,16,Month-to-month,Bank transfer (automatic),100.7,1522.7,No,0.47662383,Medium,58.8,True
0463-TXOAK,52,Two year,Credit card (automatic),25.6,1334.5,No,0.009892734,Low,7.16,False
0594-UFTUL,13,Month-to-month,Mailed check,19.85,252.0,No,0.110830806,Low,12.77,False
9509-MPYOD,35,One year,Mailed check,20.75,700.45,No,0.016385809,Low,6.39,False
9128-CPXKI,59,Two year,Electronic check,95.8,5655.45,No,0.08775818,Low,30.35,True
0129-KPTWJ,72,Month-to-month,Electronic check,94.65,6747.35,No,0.24810386,Low,41.28,True
8166-ZZTFS,66,Two year,Bank transfer (automatic),80.55,5265.1,Yes,0.1397392,Low,30.13,False
5855-EIBDE,49,Two year,Credit card (automatic),106.65,5174.35,No,0.1218398,Low,35.47,True
5365-LLFYV,2,Month-to-month,Mailed check,45.85,105.6,No,0.5488139,Medium,50.0,False
5956-YHHRX,21,Month-to-month,Electronic check,104.35,2271.85,No,0.7309329,High,77.53,True
6008-NAIXK,54,One year,Electronic check,55.45,2966.95,No,0.29336828,Low,34.54,False
2956-GGUCQ,24,Month-to-month,Electronic check,78.85,1772.25,Yes,0.44314346,Medium,50.94,False
1928-BXYIV,1,Month-to-month,Electronic check,61.15,61.15,No,0.38515386,Medium,42.41,False
5760-FXFVO,6,Month-to-month,Electronic check,78.95,494.95,No,0.52647436,Medium,56.8,False
6595-COKXZ,1,Month-to-month,Mailed check,44.45,44.45,Yes,0.52629596,Medium,48.07,False
0961-ZWLVI,49,One year,Credit card (automatic),109.2,5290.45,No,0.2022937,Low,41.75,True
5181-OABFK,56,Two year,Credit card (automatic),61.3,3346.8,No,0.012941897,Low,16.39,False
4007-NHVHI,56,Month-to-month,Electronic check,96.85,5219.65,No,0.2587022,Low,42.58,True
7816-VGHTO,6,Two year,Mailed check,40.55,217.5,No,0.057933964,Low,14.3,False
5871-DGTXZ,32,One year,Mailed check,19.8,607.7,No,0.017701956,Low,6.24,False
7550-WIQVA,50,One year,Electronic check,108.25,5431.4,No,0.24850087,Low,44.74,True
7544-ZVIKX,58,One year,Bank transfer (automatic),105.05,6004.85,No,0.27195,Low,45.58,True
0016-QLJIS,65,Two year,Mailed check,90.45,5957.9,No,0.015189577,Low,23.91,True
7508-DQAKK,64,Two year,Credit card (automatic),86.4,5442.05,No,0.015668156,Low,22.92,False
5176-OLSKT,66,Two year,Bank transfer (automatic),66.9,4370.25,No,0.013601315,Low,17.85,False
9356-AXGMP,38,One year,Electronic check,110.7,4428.6,No,0.37838173,Medium,54.45,True
3556-BVQGL,20,One year,Mailed check,20.0,416.45,No,0.022777628,Low,6.65,False
0362-ZBZWJ,36,Month-to-month,Electronic check,84.9,3067.2,Yes,0.62496305,High,65.2,False
8979-CAMGB,64,One year,Electronic check,102.1,6688.1,No,0.17086072,Low,37.75,True
4211-MMAZN,1,Month-to-month,Mailed check,20.25,20.25,Yes,0.27970508,Low,24.7,False
7581-EBBOU,60,One year,Credit card (automatic),70.15,4224.7,No,0.03562876,Low,20.22,False
4274-OWWYO,1,Month-to-month,Electronic check,74.35,74.35,Yes,0.82753056,High,76.71,False
5073-RZGBK,50,One year,Bank transfer (automatic),80.05,4042.2,No,0.074397594,Low,25.43,False
1541-ETJZO,1,Month-to-month,Mailed check,62.05,62.05,Yes,0.4073899,Medium,44.19,False
2192-CKRLV,72,Two year,Electronic check,49.2,3580.95,No,0.04373622,Low,15.49,False
3154-HMWUU,60,Two year,Bank transfer (automatic),20.5,1198.8,No,0.011966966,Low,6.02,False
6119-SPUDB,46,Two year,Mailed check,38.25,1755.35,No,0.0103382515,Low,10.39,False
6522-OIQSX,69,Two year,Credit card (automatic),54.95,3772.5,No,0.03554962,Low,16.37,False
7813-ZGGAW,31,Month-to-month,Bank transfer (automatic),96.6,2877.95,No,0.34678268,Medium,48.68,True
8748-HFWBO,19,One year,Mailed check,19.9,357.7,No,0.023056148,Low,6.64,False
1052-QJIBV,71,Two year,Credit card (automatic),19.9,1397.3,No,0.003920017,Low,5.3,False
1319-YLZJG,12,Month-to-month,Electronic check,84.6,959.9,No,0.50251454,Medium,56.55,False
4106-HADHQ,39,One year,Credit card (automatic),80.0,3182.95,Yes,0.13389957,Low,29.58,False
0723-FDLAY,44,One year,Bank transfer (automatic),85.25,3704.15,No,0.09977376,Low,28.52,False
3050-RLLXC,56,Two year,Credit card (automatic),81.25,4620.4,No,0.013175645,Low,21.45,False
9298-WGMRW,72,Two year,Bank transfer (automatic),115.5,8312.75,No,0.016586915,Low,30.34,True
2369-UAPKZ,5,Month-to-month,Mailed check,104.1,541.9,Yes,0.72234756,High,76.86,True
3088-LHEFH,11,Month-to-month,Bank transfer (automatic),79.0,929.3,No,0.43630785,Medium,50.5,False
2778-OCLGR,24,Month-to-month,Bank transfer (automatic),39.1,971.3,Yes,0.3444121,Medium,33.99,False
6583-KQJLK,15,Month-to-month,Electronic check,94.65,1285.05,No,0.5386739,Medium,61.62,True
8544-JNBOX,72,Two year,Mailed check,20.8,1521.2,No,0.004546742,Low,5.57,False
6681-ZSEXG,56,Two year,Credit card (automatic),59.5,3389.25,No,0.03535115,Low,17.51,False
6139-ZZRBQ,64,Two year,Bank transfer (automatic),20.05,1198.05,No,0.022771636,Low,6.66,False
6116-RFVHN,34,Month-to-month,Electronic check,100.45,3414.65,No,0.54935944,Medium,63.83,True
0637-KVDLV,2,Month-to-month,Electronic check,76.5,162.45,Yes,0.8218188,High,76.85,False
8884-FEEWR,35,One year,Bank transfer (automatic),20.6,754.0,No,0.020416234,Low,6.63,False
3125-RAHBV,22,One year,Credit card (automatic),20.3,467.15,No,0.018221168,Low,6.4,False
6633-MPWBS,5,Month-to-month,Electronic check,49.2,216.9,Yes,0.42462775,Medium,42.15,False
0373-AIVNJ,9,One year,Mailed check,39.55,373.0,No,0.06015315,Low,14.2,False
8785-EPNCG,11,Month-to-month,Credit card (automatic),23.15,245.2,Yes,0.12651217,Low,14.7,False
1682-VCOIO,23,One year,Mailed check,20.45,481.1,No,0.014240635,Low,6.16,False
5729-KLZAR,4,Month-to-month,Electronic check,80.85,302.75,Yes,0.6077614,High,62.97,False
2072-ZVJJX,68,Two year,Bank transfer (automatic),25.25,1728.2,No,0.00707475,Low,6.87,False
8849-AYPTR,33,Month-to-month,Electronic check,91.25,2964.05,No,0.37227723,Medium,49.11,True
9518-IMLHK,31,Month-to-month,Bank transfer (automatic),72.45,2156.25,No,0.06904012,Low,23.14,False
1582-RAFML,1,Month-to-month,Mailed check,60.1,60.1,Yes,0.3845912,Medium,42.1,False
3646-ITDGM,56,Two year,Bank transfer (automatic),19.7,1051.9,No,0.030052528,Low,7.08,False
8740-CRYFY,1,Month-to-month,Electronic check,78.95,78.95,Yes,0.8814858,High,81.65,False
3569-VLDHH,66,One year,Electronic check,75.1,5013.0,No,0.09054808,Low,25.31,False
8224-KDLKN,72,Two year,Bank transfer (automatic),25.0,1738.9,No,0.0044744485,Low,6.63,False
7594-LZNWR,34,Month-to-month,Credit card (automatic),69.15,2275.1,No,0.24594755,Low,34.69,False
4001-TSBTV,58,Month-to-month,Electronic check,91.55,5511.65,No,0.24020483,Low,39.94,True
2962-XPMCQ,2,Month-to-month,Electronic check,45.15,98.5,Yes,0.65403813,High,57.19,False
8727-XDPUD,37,Two year,Credit card (automatic),35.8,1316.9,No,0.043224838,Low,12.07,False
1043-UXOVO,71,Two year,Credit card (automatic),113.15,7993.3,No,0.016028509,Low,29.71,True
1064-FBXNK,1,One year,Credit card (automatic),19.85,19.85,No,0.051288527,Low,8.6,False
3996-ZNWYK,71,Two year,Credit card (automatic),19.8,1388.45,No,0.007201887,Low,5.51,False
2878-DHMIN,35,One year,Electronic check,19.9,666.0,No,0.022183169,Low,6.58,False
7762-ONLJY,6,One year,Mailed check,19.7,94.45,No,0.035464387,Low,7.46,False
1678-FYZOW,3,Month-to-month,Electronic check,79.4,244.65,Yes,0.72074914,High,70.51,False
5795-BKOYE,69,One year,Bank transfer (automatic),59.1,4134.7,No,0.025220746,Low,16.7,False
8627-EHGIP,44,One year,Mailed check,53.95,2375.4,Yes,0.24811766,Low,31.0,False
7402-PWYJJ,53,One year,Electronic check,91.15,4862.5,No,0.1423386,Low,32.99,True
5480-TBGPH,24,Month-to-month,Credit card (automatic),99.3,2431.35,Yes,0.6202667,High,68.5,True
0018-NYROU,5,Month-to-month,Electronic check,68.95,351.5,No,0.5866258,Medium,58.48,False
7501-VTYLJ,2,Month-to-month,Mailed check,51.55,106.2,No,0.35505423,Medium,37.88,False
7608-RGIRO,62,Two year,Mailed check,24.4,1413.0,No,0.0071295523,Low,6.66,False
0480-BIXDE,19,Month-to-month,Electronic check,96.8,1743.05,No,0.56863314,Medium,64.26,True
5895-QSXOD,9,Month-to-month,Mailed check,70.05,657.5,No,0.38972074,Medium,44.98,False
9814-AOUDH,53,Two year,Credit card (automatic),19.5,1050.5,No,0.023078645,Low,6.54,False
6175-IRFIT,5,Month-to-month,Mailed check,78.75,426.35,No,0.5603529,Medium,59.12,False
8760-ZRHKE,71,One year,Electronic check,69.2,4982.5,No,0.043288786,Low,20.51,False
1622-HSHSF,1,Month-to-month,Mailed check,19.55,19.55,No,0.46185663,Medium,37.27,False
8854-CCVSQ,18,Month-to-month,Electronic check,80.65,1451.9,Yes,0.59600246,Medium,62.09,False
6749-UTDVX,72,Two year,Electronic check,103.65,7634.8,No,0.21539636,Low,41.26,True
5542-DHSXL,4,Month-to-month,Mailed check,54.7,235.05,No,0.16641825,Low,25.47,False
9102-OXKFY,59,Two year,Credit card (automatic),54.15,3116.15,No,0.047643725,Low,17.02,False
0511-JTEOY,1,Month-to-month,Mailed check,71.1,71.1,Yes,0.7218041,High,68.49,False
5216-WASFJ,31,Month-to-month,Electronic check,84.85,2633.4,No,0.60634494,High,63.88,False
7808-DVWEP,3,Month-to-month,Bank transfer (automatic),20.0,49.65,No,0.13487297,Low,14.49,False
7067-KSAZT,65,One year,Electronic check,106.25,6979.8,Yes,0.23814267,Low,43.51,True
2284-VFLKH,49,One year,Credit card (automatic),99.25,4920.8,No,0.20696881,Low,39.56,True
0366-NQSHS,2,Month-to-month,Mailed check,19.35,46.35,No,0.12747377,Low,13.81,False
6532-YLWSI,53,One year,Bank transfer (automatic),20.8,1021.8,Yes,0.033170104,Low,7.58,False
3807-BPOMJ,55,One year,Electronic check,94.75,5276.1,No,0.16450854,Low,35.45,True
3892-NXAZG,72,Two year,Credit card (automatic),114.05,8289.2,No,0.012951147,Low,29.72,True
4948-WBBKL,36,Month-to-month,Bank transfer (automatic),74.9,2659.45,No,0.42013967,Medium,48.33,False
4182-BGSIQ,10,Month-to-month,Bank transfer (automatic),19.8,196.75,No,0.19850251,Low,18.9,False
9300-AGZNL,1,Month-to-month,Electronic check,94.0,94.0,Yes,0.94320333,High,89.77,True
0988-AADSA,72,Two year,Bank transfer (automatic),80.85,5824.75,No,0.004660655,Low,20.75,False
9972-NKTFD,28,Month-to-month,Bank transfer (automatic),54.65,1517.5,No,0.091444224,Low,20.21,False
3717-LNXKW,38,Month-to-month,Bank transfer (automatic),91.7,3479.05,No,0.18165761,Low,35.88,True
5734-EJKXG,61,One year,Electronic check,118.6,7365.7,No,0.12672889,Low,38.83,True
2207-RYYRL,52,Two year,Mailed check,24.55,1331.05,No,0.008907342,Low,6.83,False
6729-FZWSY,67,One year,Mailed check,19.45,1195.95,No,0.021004625,Low,6.38,False
9695-IDRZR,34,Two year,Credit card (automatic),116.15,3946.9,No,0.04476095,Low,32.48,True
8144-DGHXP,54,Two year,Electronic check,80.6,4299.95,No,0.031785443,Low,22.59,False
7814-LEEVE,1,Month-to-month,Bank transfer (automatic),20.3,20.3,No,0.3405383,Medium,28.97,False
1112-CUNAO,15,Month-to-month,Electronic check,89.85,1424.95,Yes,0.4687616,Medium,55.51,True
5175-AOBHI,4,Month-to-month,Mailed check,46.0,193.6,Yes,0.39356816,Medium,39.17,False
5174-RNGBH,9,Month-to-month,Mailed check,66.25,620.55,Yes,0.16202563,Low,28.08,False
8631-WUXGY,46,Month-to-month,Electronic check,99.8,4391.25,No,0.37523547,Medium,51.48,True
7270-BDIOA,22,Month-to-month,Electronic check,90.0,1993.8,Yes,0.5416923,Medium,60.66,True
9565-JSNFM,38,One year,Bank transfer (automatic),70.45,2597.6,Yes,0.10507054,Low,25.15,False
5906-DVAPM,55,One year,Credit card (automatic),75.0,4213.9,No,0.035184994,Low,21.41,False
6654-QGBZZ,1,Month-to-month,Mailed check,19.9,19.9,No,0.4324953,Medium,35.3,False
8348-JLBUG,64,One year,Credit card (automatic),80.3,5017.7,No,0.036756616,Low,22.86,False
0607-DAAHE,53,Two year,Bank transfer (automatic),19.75,1052.35,Yes,0.036288146,Low,7.53,False
5641-DMBFJ,58,Two year,Electronic check,84.3,4916.4,No,0.04413872,Low,24.39,False
9200-NLNPD,56,One year,Bank transfer (automatic),54.05,2959.8,No,0.112457335,Low,21.53,False
2664-XJZNO,72,Two year,Credit card (automatic),104.9,7559.55,No,0.022986958,Low,28.11,True
9732-KPKBW,1,Month-to-month,Electronic check,53.95,53.95,Yes,0.33307412,Medium,36.94,False
3339-EAQNV,72,One year,Credit card (automatic),97.25,7133.1,No,0.10052808,Low,31.61,True
0921-OHLVP,22,Month-to-month,Electronic check,83.05,1799.3,No,0.4220876,Medium,50.53,False
3389-YGYAI,8,Month-to-month,Electronic check,105.5,829.55,Yes,0.8618798,High,86.98,True
9560-ARGQJ,16,Month-to-month,Electronic check,81.0,1312.15,Yes,0.50728816,Medium,55.97,False
8350-NYMVI,39,Month-to-month,Bank transfer (automatic),41.1,1597.05,No,0.120310605,Low,18.8,False
1600-DILPE,12,Month-to-month,Bank transfer (automatic),45.0,524.35,No,0.21420722,Low,26.36,False
0536-ESJEP,54,Two year,Bank transfer (automatic),74.55,4191.45,No,0.028312352,Low,20.82,False
4654-GGUII,18,One year,Mailed check,40.2,711.95,No,0.06578375,Low,14.76,False
6478-HRRCZ,32,One year,Mailed check,70.5,2201.75,No,0.057341855,Low,21.82,False
8510-BBWMU,41,One year,Mailed check,19.75,806.95,No,0.023790453,Low,6.65,False
6857-TKDJV,67,Two year,Bank transfer (automatic),24.65,1620.45,No,0.006134059,Low,6.66,False
2360-RDGRO,65,Month-to-month,Electronic check,104.25,6812.95,No,0.3929897,Medium,53.85,True
0584-BJQGZ,25,Month-to-month,Bank transfer (automatic),78.35,1837.9,No,0.12786774,Low,28.74,False
5134-IKDAY,1,Month-to-month,Electronic check,69.8,69.8,Yes,0.84931993,High,77.09,False
1360-XFJMR,67,One year,Credit card (automatic),109.7,7344.45,No,0.21089412,Low,42.48,True
3070-DVEYC,7,Month-to-month,Mailed check,73.75,545.15,Yes,0.5923835,Medium,60.1,False
5730-RIITO,43,Month-to-month,Credit card (automatic),33.45,1500.25,No,0.2216085,Low,23.96,False
9058-MJLZC,24,Month-to-month,Electronic check,94.6,2283.15,No,0.56010556,Medium,63.11,True
5707-ORNDZ,9,Month-to-month,Electronic check,54.55,494.05,Yes,0.3382992,Medium,37.46,False
0902-XKXPN,69,Two year,Bank transfer (automatic),20.2,1376.5,No,0.0060899667,Low,5.53,False
5177-RVZNU,37,One year,Bank transfer (automatic),20.3,755.4,No,0.019205132,Low,6.47,False
0056-EPFBG,20,Two year,Credit card (automatic),39.4,825.4,No,0.01887788,Low,11.28,False
8993-IZEUX,7,Month-to-month,Bank transfer (automatic),69.15,488.65,No,0.4055643,Medium,45.86,False
8696-JKZNU,37,Month-to-month,Electronic check,76.25,2841.55,Yes,0.51333386,Medium,55.2,False
5380-AFSSK,5,Month-to-month,Mailed check,93.9,486.85,Yes,0.87238246,High,84.79,True
8190-ZTQFB,41,One year,Electronic check,51.35,2075.1,No,0.22508432,Low,28.73,False
0931-MHTEM,54,One year,Credit card (automatic),100.05,5299.65,No,0.20223364,Low,39.43,True
2055-PDADH,3,Month-to-month,Electronic check,70.4,204.7,Yes,0.6114144,High,60.58,False
7515-LODFU,69,Two year,Credit card (automatic),20.3,1356.3,No,0.0075383177,Low,5.66,False
0440-UEDAI,53,One year,Credit card (automatic),94.45,5042.75,No,0.090627044,Low,30.2,True
1337-BOZWO,18,One year,Credit card (automatic),46.4,812.4,No,0.12727083,Low,20.63,False
0868-VJRDR,64,Two year,Credit card (automatic),104.05,6605.55,No,0.044493545,Low,29.4,True
8714-EUHJO,31,Month-to-month,Electronic check,91.15,2995.45,Yes,0.40510413,Medium,51.38,True
6344-SFJVH,20,Month-to-month,Credit card (automatic),24.9,505.95,No,0.16648865,Low,17.94,False
3950-VPYJB,57,One year,Mailed check,59.6,3509.4,No,0.02217495,Low,16.61,False
8041-TMEID,63,Two year,Credit card (automatic),108.5,6991.9,No,0.11740952,Low,35.63,True
7321-ZNSLA,13,Two year,Mailed check,40.55,590.35,No,0.012589352,Low,11.13,False
6941-KXRRV,48,One year,Bank transfer (automatic),58.95,2789.7,No,0.13326299,Low,24.22,False
3721-CNEYS,2,Month-to-month,Electronic check,70.95,137.95,Yes,0.6181785,High,61.2,False
8727-JQFHV,57,Two year,Mailed check,20.75,1123.15,No,0.014178104,Low,6.23,False
9475-NNDGC,71,One year,Bank transfer (automatic),113.15,7953.25,No,0.132049,Low,37.83,True
1355-KUSBG,7,Month-to-month,Electronic check,48.8,349.8,No,0.3682289,Medium,38.1,False
3688-FTHLT,16,Month-to-month,Bank transfer (automatic),63.05,1067.05,No,0.34946668,Medium,40.39,False
0899-LIIBW,34,Month-to-month,Electronic check,100.85,3527.3,No,0.4909243,Medium,59.84,True
2568-OIADY,37,Month-to-month,Electronic check,99.5,3762.0,Yes,0.6402661,High,69.96,True
1384-RCUXW,16,Month-to-month,Mailed check,80.55,1248.9,No,0.43610615,Medium,50.88,False
5825-XJOCM,48,One year,Bank transfer (automatic),64.4,3035.35,No,0.065566026,Low,20.86,False
6848-YLDFR,58,One year,Credit card (automatic),75.2,4300.8,No,0.071822874,Low,24.03,False
8125-QPFJD,72,Two year,Bank transfer (automatic),84.9,6065.3,No,0.006878567,Low,21.93,False
2320-YKQBO,7,Month-to-month,Mailed check,19.3,144.95,No,0.075106725,Low,10.13,False
1193-RTSLK,38,Month-to-month,Credit card (automatic),83.9,3233.6,Yes,0.32665887,Medium,44.06,False
2302-ANTDP,48,Month-to-month,Electronic check,117.45,5438.9,Yes,0.3113213,Medium,51.46,True
5923-GXUOC,10,Month-to-month,Electronic check,104.4,1081.45,Yes,0.7872701,High,81.48,True
4973-RLZVI,30,One year,Credit card (automatic),74.65,2308.6,No,0.057161234,Low,22.86,False
7869-ZYDST,31,Month-to-month,Credit card (automatic),59.05,1882.8,No,0.13938111,Low,24.67,False
4501-UYKBC,46,One year,Credit card (automatic),69.1,3255.35,No,0.13155891,Low,26.67,False
1215-EXRMO,50,Two year,Mailed check,20.55,1067.65,No,0.011196862,Low,5.98,False
2305-MRGLV,28,Month-to-month,Bank transfer (automatic),76.55,2065.4,No,0.121743016,Low,27.86,False
8404-VIOMB,66,Two year,Bank transfer (automatic),62.5,4136.4,No,0.010407072,Low,16.52,False
5233-GEEAX,8,Month-to-month,Electronic check,29.4,221.9,Yes,0.6400391,High,52.23,False
2359-KLTEK,41,Month-to-month,Bank transfer (automatic),94.9,3848.0,No,0.2751918,Low,43.24,True
5304-EFJLP,72,Two year,Bank transfer (automatic),111.65,8022.85,No,0.029894741,Low,30.3,True
2673-ZALNP,7,One year,Mailed check,19.9,173.15,No,0.031016542,Low,7.2,False
9184-GALIL,38,Month-to-month,Mailed check,20.45,781.25,No,0.033265375,Low,7.49,False
4393-RYCRE,44,One year,Electronic check,106.05,4510.8,No,0.27557522,Low,46.08,True
9746-MDMBK,47,One year,Bank transfer (automatic),113.45,5317.8,No,0.20419629,Low,42.95,True
3162-ZJZFU,53,Month-to-month,Electronic check,92.55,4779.45,No,0.19765471,Low,37.22,True
8404-GFGCZ,4,Month-to-month,Electronic check,65.6,250.1,No,0.4224009,Medium,46.14,False
8875-AKBYH,20,Month-to-month,Electronic check,84.35,1745.2,No,0.6278751,High,65.26,False
4432-ADRLB,2,Month-to-month,Mailed check,44.65,74.9,Yes,0.4119058,Medium,40.11,False
0533-UCAAU,57,One year,Credit card (automatic),71.1,4140.1,No,0.085489556,Low,23.95,False
1394-SUIUH,44,Month-to-month,Electronic check,85.15,3670.5,No,0.20893662,Low,36.14,False
3521-MNKLV,24,Month-to-month,Mailed check,49.7,1167.8,No,0.197323,Low,26.37,False
2533-TIBIX,15,Month-to-month,Bank transfer (automatic),30.2,469.65,No,0.1623096,Low,18.99,False
8993-PHFWD,3,Month-to-month,Electronic check,25.25,58.9,Yes,0.55017143,Medium,44.89,False
1565-RHDJD,4,Month-to-month,Bank transfer (automatic),84.05,333.55,Yes,0.6854988,High,69.22,False
7137-RYLPP,37,Month-to-month,Electronic check,85.7,3171.15,Yes,0.6240898,High,65.34,False
3765-JXVKY,1,Month-to-month,Electronic check,74.7,74.7,Yes,0.81738585,High,76.09,False
5092-STPKP,24,Month-to-month,Credit card (automatic),56.35,1381.2,No,0.07250351,Low,19.31,False
7330-WZLNC,5,Month-to-month,Electronic check,90.8,455.5,Yes,0.83667535,High,81.51,True
0114-PEGZZ,33,Month-to-month,Electronic check,107.55,3645.5,No,0.30256593,Medium,48.35,True
3359-DSRKA,58,Two year,Mailed check,19.85,1158.85,No,0.020667974,Low,6.46,False
8639-NHQEI,72,Two year,Bank transfer (automatic),95.9,6954.15,No,0.011748697,Low,25.05,True
7161-DFHUF,71,Two year,Mailed check,23.85,1672.1,No,0.0058930293,Low,6.44,False
3957-LXOLK,28,Month-to-month,Electronic check,106.15,3152.5,Yes,0.5704844,Medium,66.75,True
3720-DBRWL,51,Two year,Credit card (automatic),83.85,4307.1,No,0.01831987,Low,22.47,False
6635-MYYYZ,30,One year,Bank transfer (automatic),85.35,2530.4,Yes,0.086102426,Low,27.59,False
8565-WUXZU,72,Two year,Credit card (automatic),84.8,6141.65,No,0.0068502077,Low,21.9,False
5281-BUZGT,36,Month-to-month,Electronic check,90.85,3186.7,Yes,0.4527542,Medium,54.64,True
4994-OBRSZ,14,Two year,Bank transfer (automatic),76.1,1054.8,No,0.015321167,Low,20.3,False
0562-FGDCR,72,Two year,Mailed check,74.55,5430.65,No,0.0055947434,Low,19.23,False
2436-QBZFP,22,Month-to-month,Electronic check,39.2,849.9,No,0.2703786,Low,28.83,False
3420-YJLQT,2,Month-to-month,Electronic check,79.55,151.75,No,0.64810026,High,65.46,False
6040-CGACY,15,Month-to-month,Mailed check,19.6,299.4,No,0.10922207,Low,12.6,False
6582-PLFUU,51,Two year,Credit card (automatic),19.55,1086.75,No,0.014464285,Low,5.95,False
8242-PDSGJ,70,Two year,Credit card (automatic),39.15,2692.75,No,0.014628517,Low,10.91,False
0264-CNITK,71,Two year,Bank transfer (automatic),20.1,1389.6,No,0.0052785743,Low,5.45,False
0089-IIQKO,39,Month-to-month,Credit card (automatic),99.95,3767.4,No,0.420531,Medium,54.69,True
7839-NUIAA,61,Month-to-month,Electronic check,59.8,3641.5,No,0.08755708,Low,21.24,False
6075-QMNRR,52,Month-to-month,Bank transfer (automatic),49.75,2535.55,No,0.0971746,Low,19.37,False
5378-IKEEG,1,Month-to-month,Electronic check,35.75,35.75,Yes,0.7821807,High,63.78,False
5966-EMAZU,64,One year,Mailed check,108.5,6880.85,No,0.21289435,Low,42.31,True
0440-EKDCF,62,Two year,Credit card (automatic),60.15,3753.2,No,0.010377158,Low,15.92,False
4774-HHGGS,30,Two year,Mailed check,19.05,637.55,No,0.0057240343,Low,5.21,False
2718-GAXQD,4,Month-to-month,Electronic check,46.0,181.6,Yes,0.51269025,Medium,47.51,False
2055-BFOCC,63,One year,Bank transfer (automatic),84.0,5329.55,No,0.059837688,Low,25.41,False
8180-AKMJV,1,Month-to-month,Credit card (automatic),44.55,44.55,No,0.52873564,Medium,48.27,False
4298-OYIFC,15,Month-to-month,Electronic check,103.45,1539.8,No,0.7095253,High,75.8,True
5566-SOEZD,27,One year,Credit card (automatic),80.65,2209.75,No,0.061028384,Low,24.65,False
9842-EFSYY,4,Month-to-month,Mailed check,57.2,223.75,No,0.42981076,Medium,44.54,False
2272-WUSPA,72,Two year,Electronic check,110.75,7751.7,No,0.016082413,Low,29.1,True
4584-LBNMK,45,One year,Credit card (automatic),24.7,1174.35,No,0.044859383,Low,9.38,False
3898-GUYTS,45,Month-to-month,Electronic check,97.05,4385.05,No,0.2735028,Low,43.66,True
0930-EHUZA,36,One year,Mailed check,76.35,2606.35,No,0.054129843,Low,23.08,False
6413-XKKPU,17,Month-to-month,Electronic check,89.4,1539.45,Yes,0.5052299,Medium,57.95,False
9975-SKRNR,1,Month-to-month,Mailed check,18.9,18.9,No,0.14725022,Low,15.08,False
3703-KBKZP,16,Month-to-month,Bank transfer (automatic),74.45,1261.35,No,0.42386642,Medium,48.48,False
1449-XQEMT,3,Month-to-month,Mailed check,19.8,58.15,Yes,0.18467413,Low,17.93,False
2626-URJFX,4,Month-to-month,Electronic check,50.9,225.6,Yes,0.58876854,Medium,54.07,False
4973-MGTON,71,Two year,Credit card (automatic),84.4,5969.3,No,0.0061487537,Low,21.75,False
3682-YEUWS,10,Month-to-month,Mailed check,24.4,253.9,No,0.08444385,Low,12.08,False
1223-UNPKS,20,Two year,Mailed check,20.05,400.0,No,0.012010502,Low,5.91,False
2612-RRIDN,4,Month-to-month,Electronic check,81.0,340.85,Yes,0.67299837,High,67.57,False
4735-ASGMA,26,Month-to-month,Electronic check,98.35,2515.3,Yes,0.72117287,High,75.33,True
3446-QDSZF,4,Month-to-month,Credit card (automatic),55.5,227.35,No,0.3019411,Medium,35.16,False
3669-LVWZB,5,Month-to-month,Mailed check,51.0,305.95,Yes,0.4730406,Medium,46.0,False
6892-EZDTG,4,Month-to-month,Electronic check,91.65,365.4,Yes,0.8263917,High,81.0,True
5117-IFGPS,29,Month-to-month,Electronic check,84.3,2357.75,No,0.63529396,High,65.77,False
7379-FNIUJ,2,Month-to-month,Electronic check,100.2,198.5,No,0.5231801,Medium,61.94,True
1627-AFWVJ,29,Two year,Mailed check,19.4,554.25,No,0.014196344,Low,5.89,False
9725-SCPZG,1,Month-to-month,Electronic check,90.85,90.85,Yes,0.8330769,High,81.27,True
5884-GCYMI,1,Month-to-month,Mailed check,69.4,69.4,Yes,0.7832249,High,72.36,False
3217-FZDMN,8,Month-to-month,Credit card (automatic),94.45,742.95,Yes,0.7790163,High,78.39,True
4486-EFAEB,13,Month-to-month,Electronic check,20.4,251.65,No,0.10847158,Low,12.75,False
0060-FUALY,59,Month-to-month,Electronic check,94.75,5597.65,No,0.24312015,Low,40.96,True
7853-GVUDZ,1,Month-to-month,Credit card (automatic),20.15,20.15,Yes,0.4438695,Medium,36.16,False
7480-QNVZJ,50,Month-to-month,Electronic check,95.7,4816.7,Yes,0.6696523,High,71.05,True
6954-OOYZZ,18,Month-to-month,Bank transfer (automatic),44.35,768.05,No,0.20788074,Low,25.76,False
7088-FBAWU,17,Month-to-month,Mailed check,74.55,1215.8,No,0.14943193,Low,29.29,False
8313-AFGBW,47,Two year,Electronic check,73.6,3522.65,No,0.045656536,Low,21.79,False
3943-KDREE,26,Month-to-month,Bank transfer (automatic),74.95,1834.95,Yes,0.3216522,Medium,41.45,False
9239-ZBZZV,6,Month-to-month,Electronic check,47.95,305.1,Yes,0.6518398,High,57.74,False
3097-IDVPU,19,Month-to-month,Credit card (automatic),50.1,910.45,No,0.17649254,Low,25.01,False
4398-HSCJH,3,Month-to-month,Electronic check,63.6,155.65,Yes,0.50030243,Medium,51.09,False
2197-OMWGI,68,Two year,Electronic check,53.0,3656.25,No,0.11022088,Low,21.1,False
2303-PJYHN,2,Month-to-month,Bank transfer (automatic),19.85,52.0,No,0.1829597,Low,17.82,False
9795-VOWON,7,One year,Credit card (automatic),24.35,150.85,No,0.1550867,Low,17.01,False
1237-WIYYZ,18,Month-to-month,Mailed check,19.55,389.25,No,0.11269509,Low,12.83,False
1987-AUELQ,71,Two year,Credit card (automatic),25.05,1873.7,No,0.0049179043,Low,6.67,False
7852-LECYP,13,Month-to-month,Credit card (automatic),93.8,1261.0,No,0.4702885,Medium,56.62,True
4430-UZIPO,3,Month-to-month,Mailed check,36.85,108.7,Yes,0.4197021,Medium,38.69,False
4822-LPTYJ,72,Two year,Bank transfer (automatic),103.75,7346.2,No,0.12677388,Low,35.08,True
8165-CBKXO,66,Two year,Credit card (automatic),56.75,3708.4,No,0.041162487,Low,17.22,False
6527-PZFPV,24,One year,Credit card (automatic),20.8,469.65,No,0.020176739,Low,6.67,False
4855-SNKMY,1,Month-to-month,Electronic check,44.1,44.1,Yes,0.5743855,Medium,51.35,False
9593-CVZKR,56,Two year,Mailed check,24.45,1385.85,No,0.011684477,Low,6.99,False
8595-SIZNC,22,One year,Bank transfer (automatic),25.6,548.8,No,0.055566877,Low,10.36,False
8008-HAWED,14,Month-to-month,Electronic check,50.75,712.75,Yes,0.57530254,Medium,53.09,False
7124-UGSUR,61,One year,Credit card (automatic),104.4,6405.0,Yes,0.20778751,Low,40.92,True
1862-SKORY,40,Month-to-month,Electronic check,39.3,1637.4,Yes,0.4027016,Medium,38.12,False
5236-XMZJY,42,Month-to-month,Bank transfer (automatic),59.65,2536.55,No,0.13061464,Low,24.21,False
4827-DPADN,72,Two year,Bank transfer (automatic),83.3,6042.7,No,0.0072331675,Low,21.55,False
2694-CIUMO,12,Month-to-month,Credit card (automatic),79.55,958.25,No,0.59551096,Medium,61.78,False
5846-ABOBJ,71,Two year,Bank transfer (automatic),24.45,1730.65,No,0.0059660436,Low,6.59,False
1439-LCGVL,26,One year,Mailed check,19.2,459.6,No,0.0077911047,Low,5.4,False
0909-SDHNU,7,Month-to-month,Mailed check,29.8,201.95,No,0.16107948,Low,18.8,False
4647-XXZAM,6,Month-to-month,Mailed check,45.5,285.2,No,0.24613369,Low,28.72,False
1502-XFCVR,58,One year,Electronic check,106.45,6145.85,Yes,0.35449135,Medium,51.71,True
7740-KKCXF,51,Month-to-month,Credit card (automatic),30.05,1529.45,No,0.1727452,Low,19.68,False
5360-XGYAZ,72,Two year,Bank transfer (automatic),65.65,4664.5,No,0.0056731887,Low,16.98,False
9692-TUSXH,18,Month-to-month,Electronic check,96.05,1740.7,Yes,0.61845785,High,67.56,True
7912-SYRQT,7,Month-to-month,Bank transfer (automatic),75.1,552.95,Yes,0.6730816,High,66.09,False
3557-HTYWR,47,Two year,Mailed check,74.05,3496.3,No,0.015427239,Low,19.79,False
4816-JBHOV,2,Month-to-month,Electronic check,44.7,93.7,Yes,0.6339715,High,55.67,False
8920-NAVAY,62,One year,Bank transfer (automatic),110.75,7053.35,No,0.16016227,Low,39.19,True
1699-TLDLZ,16,Two year,Mailed check,19.7,301.55,No,0.019084573,Low,6.31,False
5600-PDUJF,6,Month-to-month,Credit card (automatic),49.5,312.7,No,0.25379416,Low,30.27,False
8292-TYSPY,19,Month-to-month,Credit card (automatic),55.0,1046.5,Yes,0.22203438,Low,29.44,False
0567-XRHCU,69,Two year,Credit card (automatic),43.95,2960.1,No,0.01706371,Low,12.3,False
1867-BDVFH,11,Month-to-month,Electronic check,74.35,834.2,Yes,0.5905788,Medium,60.12,False
2067-QYTCF,64,Month-to-month,Electronic check,111.15,6953.4,No,0.23801796,Low,44.74,True
2359-QWQUL,39,One year,Credit card (automatic),104.7,4134.85,Yes,0.38138714,Medium,53.15,True
9103-TCIHJ,15,Month-to-month,Mailed check,55.7,899.8,Yes,0.19945684,Low,28.03,False
7407-SUJIZ,25,Month-to-month,Mailed check,20.6,541.5,No,0.036209222,Low,7.74,False
9150-KPBJQ,6,Two year,Credit card (automatic),19.65,116.85,No,0.014827636,Low,6.0,False
0052-DCKON,66,One year,Bank transfer (automatic),115.8,7942.15,No,0.25692573,Low,47.24,True
3654-ARMGP,61,Two year,Credit card (automatic),88.65,5321.25,No,0.016840667,Low,23.57,False
9699-UBQFS,43,Month-to-month,Electronic check,94.5,4156.8,No,0.40817592,Medium,52.45,True
9367-TCUYN,12,Month-to-month,Mailed check,20.1,223.6,No,0.0998832,Low,12.07,False
1261-FWTTE,23,Month-to-month,Bank transfer (automatic),34.65,768.45,No,0.4293966,Medium,38.81,False
3528-HFRIQ,71,Month-to-month,Bank transfer (automatic),52.3,3765.05,No,0.17516987,Low,25.47,False
0708-SJDIS,34,Month-to-month,Mailed check,65.0,2157.5,No,0.10143449,Low,23.52,False
4140-WJAWW,5,Month-to-month,Credit card (automatic),19.85,108.05,Yes,0.16066353,Low,16.26,False
2073-QBVBI,41,One year,Mailed check,35.45,1391.65,No,0.08483444,Low,14.89,False
6928-ONTRW,72,Two year,Credit card (automatic),19.7,1379.8,No,0.003992701,Low,5.26,False
3320-VEOYC,14,Month-to-month,Electronic check,95.6,1273.3,No,0.73098975,High,75.32,True
5231-FIQPA,41,Two year,Mailed check,19.85,810.45,No,0.011787881,Low,5.84,False
6617-WLBQC,23,One year,Credit card (automatic),81.85,1810.85,No,0.04642344,Low,23.93,False
2599-CIPQE,71,Two year,Credit card (automatic),109.3,7782.85,No,0.04307192,Low,30.63,True
6653-CBBOM,1,Month-to-month,Electronic check,70.3,70.3,Yes,0.80148417,High,73.86,False
8774-GSBUN,72,Two year,Mailed check,25.4,1797.1,No,0.004226728,Low,6.71,False
7326-RIGQZ,6,Month-to-month,Electronic check,69.8,377.85,No,0.5564208,Medium,56.58,False
1401-FTHFQ,23,One year,Credit card (automatic),20.0,445.3,No,0.01536177,Low,6.13,False
3247-ZVOUO,10,Month-to-month,Electronic check,85.55,851.75,Yes,0.7295274,High,72.68,False
0254-FNMCI,72,Two year,Electronic check,109.9,7624.2,No,0.031113973,Low,29.94,True
1848-LBZHY,7,Month-to-month,Bank transfer (automatic),50.3,355.1,No,0.19878273,Low,26.62,False
6101-IMRMM,6,Month-to-month,Mailed check,94.5,575.45,Yes,0.69075596,High,72.23,True
8118-TJAFG,9,Month-to-month,Electronic check,101.5,906.85,No,0.57132286,Medium,65.63,True
5429-LWCMV,12,Month-to-month,Electronic check,89.15,1057.55,No,0.7053942,High,71.9,False
7298-IZWLY,1,Month-to-month,Mailed check,19.4,19.4,No,0.47638413,Medium,38.25,False
9758-MFWGD,48,One year,Bank transfer (automatic),29.9,1388.75,No,0.08849626,Low,13.75,False
3955-JBZZM,20,Month-to-month,Electronic check,78.8,1641.3,No,0.3667493,Medium,45.58,False
1268-ASBGA,16,Month-to-month,Credit card (automatic),85.35,1375.15,Yes,0.57189775,Medium,61.59,False
8943-URTMR,2,Month-to-month,Mailed check,79.65,152.7,Yes,0.7500772,High,72.63,False
4815-TUMEQ,10,One year,Mailed check,19.3,185.2,No,0.025619544,Low,6.67,False
4713-LZDRV,2,Month-to-month,Electronic check,79.6,195.05,Yes,0.76838046,High,73.9,False
9909-IDLEK,20,Month-to-month,Mailed check,96.8,1826.7,No,0.25583345,Low,42.36,True
4092-OFQZS,20,One year,Mailed check,20.65,417.5,No,0.01948988,Low,6.58,False
1561-BWHIN,19,One year,Mailed check,19.8,344.5,No,0.031794604,Low,7.23,False
4325-NFSKC,19,Month-to-month,Electronic check,90.6,1660.0,Yes,0.56166,Medium,62.2,True
9927-DSWDF,22,Month-to-month,Electronic check,104.6,2180.55,No,0.56315184,Medium,65.85,True
9500-LTVBP,35,Month-to-month,Credit card (automatic),80.05,2835.9,No,0.27627206,Low,39.56,False
7252-NTGSS,1,Month-to-month,Mailed check,45.15,45.15,No,0.49481988,Medium,46.04,False
8149-AIQCG,39,Month-to-month,Credit card (automatic),73.15,2730.85,No,0.37302864,Medium,44.59,False
1360-JYXKQ,54,One year,Electronic check,99.1,5437.1,No,0.19991827,Low,39.03,True
2955-PSXOE,1,Month-to-month,Bank transfer (automatic),20.2,20.2,Yes,0.38414535,Medium,31.99,False
7762-URZQH,66,Two year,Credit card (automatic),106.05,6981.35,Yes,0.32636595,Medium,49.64,True
0899-WZRSD,56,Month-to-month,Mailed check,105.35,5794.45,No,0.2718272,Low,45.64,True
3255-GRXMG,18,Month-to-month,Credit card (automatic),45.65,747.2,No,0.20827416,Low,26.11,False
4828-FAZPK,16,Month-to-month,Credit card (automatic),79.95,1267.95,No,0.3784089,Medium,46.69,False
6094-ZIVKX,68,One year,Credit card (automatic),54.45,3674.95,No,0.024292564,Low,15.46,False
6925-BAYGL,53,Two year,Credit card (automatic),25.1,1275.6,No,0.020679558,Low,7.79,False
3262-EIDHV,72,Two year,Credit card (automatic),84.7,5893.9,No,0.0054198136,Low,21.78,False
7354-OIJLX,9,Month-to-month,Electronic check,75.85,724.65,No,0.6284189,High,63.15,False
1376-HHBDV,30,Month-to-month,Mailed check,48.8,1536.75,No,0.08713044,Low,18.43,False
6907-NZZIJ,36,Month-to-month,Electronic check,99.15,3615.6,Yes,0.57193947,Medium,65.08,True
6133-OZILE,18,Month-to-month,Electronic check,35.2,607.3,No,0.3626187,Medium,34.28,False
4135-FRWKJ,55,One year,Electronic check,76.25,4154.55,No,0.051334504,Low,22.86,False
2911-UREFD,39,Month-to-month,Electronic check,55.9,2184.35,Yes,0.37190527,Medium,40.16,False
3744-ZRRDZ,21,Month-to-month,Electronic check,82.35,1852.85,Yes,0.5698143,Medium,60.69,False
5673-TIYIB,2,Month-to-month,Credit card (automatic),40.4,77.15,Yes,0.49181557,Medium,44.63,False
6551-ZCOTS,33,One year,Bank transfer (automatic),24.9,847.8,No,0.04689891,Low,9.57,False
7191-ADRGF,44,Two year,Bank transfer (automatic),54.3,2390.45,No,0.080396324,Low,19.35,False
5018-LXQQG,30,Month-to-month,Bank transfer (automatic),66.3,1923.5,No,0.06972195,Low,21.63,False
6892-BOGQE,71,Two year,Bank transfer (automatic),20.9,1493.2,No,0.0060746656,Low,5.71,False
1602-IJQQE,4,Month-to-month,Electronic check,75.35,338.1,Yes,0.5751715,Medium,59.3,False
4628-WQCQQ,35,One year,Electronic check,85.15,3030.6,Yes,0.24551637,Low,38.7,False
1746-TGTWV,1,Month-to-month,Credit card (automatic),75.35,75.35,No,0.7097496,High,68.72,False
5995-SNNEW,23,Month-to-month,Electronic check,104.45,2184.85,No,0.70870835,High,76.0,True
8050-WYBND,22,One year,Credit card (automatic),49.45,1031.4,No,0.22410412,Low,28.18,False
2821-WARNZ,49,One year,Credit card (automatic),19.45,921.3,No,0.016165283,Low,6.05,False
4879-GZLFH,42,Month-to-month,Electronic check,92.15,3875.4,No,0.3389569,Medium,47.01,True
1644-IRKSF,33,One year,Electronic check,93.8,3124.5,Yes,0.2790984,Low,43.23,True
8314-HTWVE,7,Two year,Mailed check,19.85,144.15,No,0.020909762,Low,6.48,False
9402-ROUMJ,67,One year,Bank transfer (automatic),100.25,6689.0,No,0.09878223,Low,32.24,True
2507-QZPQS,15,Month-to-month,Electronic check,95.7,1451.1,No,0.38474134,Medium,51.11,True
7159-NOKYQ,67,Two year,Electronic check,93.15,6368.2,No,0.10199662,Low,30.67,True
5707-ZMDJP,53,Two year,Mailed check,69.7,3729.6,No,0.008817658,Low,18.23,False
8779-YIQQA,21,One year,Mailed check,19.8,350.1,No,0.032838833,Low,7.3,False
7136-IHZJA,40,Month-to-month,Mailed check,71.35,2847.2,No,0.08790786,Low,24.18,False
8966-OIQHG,22,One year,Bank transfer (automatic),20.75,452.35,No,0.029502464,Low,7.31,False
7074-STDCN,39,Month-to-month,Electronic check,40.6,1494.5,No,0.20325561,Low,24.48,False
3705-PSNGL,45,One year,Electronic check,20.4,930.45,Yes,0.020909056,Low,6.62,False
8739-QOTTN,2,Month-to-month,Mailed check,20.35,41.85,No,0.106501095,Low,12.6,False
1399-OUPJN,57,Two year,Bank transfer (automatic),19.75,1272.05,No,0.024308262,Low,6.69,False
0277-BKSQP,8,Month-to-month,Electronic check,54.4,475.1,No,0.3808922,Medium,40.41,False
6502-HCJTI,7,Month-to-month,Credit card (automatic),94.7,673.1,Yes,0.7513712,High,76.52,True
2606-RMDHZ,6,Month-to-month,Credit card (automatic),30.5,208.7,Yes,0.4017534,Medium,35.83,False
5774-XZTQC,7,Month-to-month,Mailed check,20.45,150.75,No,0.08075886,Low,10.82,False
2676-SSLTO,49,Two year,Bank transfer (automatic),66.15,3199.0,No,0.037924714,Low,19.37,False
6266-QHOJZ,65,One year,Electronic check,89.85,5844.65,No,0.06530288,Low,27.27,True
7269-JISCY,55,One year,Bank transfer (automatic),45.05,2462.6,No,0.053784415,Low,15.15,False
0363-SVHYR,71,Two year,Bank transfer (automatic),86.85,6263.8,No,0.0072548646,Low,22.45,False
8547-NSBBO,35,Month-to-month,Mailed check,96.75,3403.4,No,0.12419544,Low,33.14,True
8258-GSTJK,3,Month-to-month,Electronic check,77.0,237.75,Yes,0.7746698,High,73.68,False
6861-OKBCE,11,Month-to-month,Credit card (automatic),20.1,221.35,Yes,0.09137745,Low,11.47,False
9940-RHLFB,1,Month-to-month,Electronic check,75.3,75.3,Yes,0.74985194,High,71.51,False
6591-QGOYB,17,Month-to-month,Bank transfer (automatic),106.65,1672.1,No,0.35752162,Medium,51.97,True
9070-BCKQP,72,Two year,Credit card (automatic),110.15,7881.2,No,0.017119784,Low,29.03,True
6421-SZVEM,28,One year,Bank transfer (automatic),82.85,2320.8,No,0.11267774,Low,28.82,False
1328-EUZHC,18,Two year,Mailed check,20.1,370.5,No,0.012681041,Low,5.97,False
2995-UPRYS,40,One year,Credit card (automatic),99.2,4062.2,Yes,0.2481605,Low,42.43,True
8878-RYUKI,52,Month-to-month,Electronic check,59.45,3043.7,No,0.229253,Low,31.07,False
9633-DENPU,47,Month-to-month,Bank transfer (automatic),58.6,2723.4,No,0.21924971,Low,30.15,False
7811-JIVPF,23,Month-to-month,Credit card (automatic),49.7,1081.25,No,0.15545246,Low,23.44,False
7113-HIPFI,66,Two year,Mailed check,65.85,4097.05,No,0.0077353804,Low,17.18,False
8541-QVFKM,8,Month-to-month,Electronic check,73.5,632.2,No,0.6948254,High,67.21,False
6686-YPGHK,47,Month-to-month,Mailed check,85.5,4042.3,Yes,0.3560994,Medium,46.53,False
1383-EZRWL,7,Month-to-month,Mailed check,20.05,164.85,Yes,0.10459608,Low,12.39,False
9258-CNWAC,71,Two year,Credit card (automatic),113.65,8166.8,No,0.01517199,Low,29.77,True
5371-VYLSX,50,Month-to-month,Electronic check,83.4,4113.7,No,0.3365935,Medium,44.63,False
6374-AFWOX,46,Two year,Mailed check,65.65,3047.15,No,0.014603623,Low,17.61,False
4759-TRPLW,1,Month-to-month,Electronic check,70.4,70.4,Yes,0.7214524,High,68.29,False
5317-FLPJF,66,Two year,Bank transfer (automatic),61.35,4193.4,No,0.011523977,Low,16.31,False
7621-VPNET,42,Month-to-month,Credit card (automatic),85.9,3729.75,No,0.22126745,Low,37.19,False
6034-YMTOB,5,Month-to-month,Mailed check,75.65,399.45,No,0.45993876,Medium,51.31,False
8563-IIOXK,7,One year,Electronic check,49.75,331.3,Yes,0.09516407,Low,19.23,False
4903-CNOZC,29,One year,Credit card (automatic),70.9,1964.6,No,0.08593438,Low,23.93,False
4353-HYOJD,27,Month-to-month,Mailed check,49.85,1336.15,No,0.09021559,Low,18.91,False
8020-BWHYL,15,Month-to-month,Credit card (automatic),75.3,1147.45,Yes,0.45995814,Medium,51.22,False
7267-FRMJW,25,Two year,Mailed check,20.1,486.05,No,0.00883723,Low,5.7,False
2982-VPSGI,11,Month-to-month,Electronic check,94.0,1078.9,Yes,0.8534235,High,83.49,True
4188-FRABG,57,Month-to-month,Electronic check,103.05,5925.75,No,0.28667542,Low,46.1,True
8199-ZLLSA,67,One year,Bank transfer (automatic),118.35,7804.15,Yes,0.43575233,Medium,60.4,True
4128-ETESU,47,Month-to-month,Electronic check,99.7,4747.2,No,0.49108016,Medium,59.56,True
0620-DLSLK,13,Month-to-month,Mailed check,81.9,1028.9,No,0.54163533,Medium,58.6,False
4625-EWPTF,8,Month-to-month,Electronic check,30.45,226.45,Yes,0.43720415,Medium,38.3,False
5980-NOPLP,44,Month-to-month,Electronic check,96.1,4364.1,Yes,0.564267,Medium,63.78,True
3850-OKINF,71,One year,Electronic check,66.2,4692.55,No,0.05383841,Low,20.49,False
6892-XPFPU,24,Month-to-month,Electronic check,104.25,2433.9,Yes,0.73470813,High,77.77,True
8010-EZLOU,15,Month-to-month,Electronic check,80.2,1217.25,Yes,0.6235832,High,63.91,False
1156-ZFYDO,1,Month-to-month,Electronic check,19.75,19.75,No,0.32494622,Medium,27.74,False
3295-YVUSR,2,Month-to-month,Mailed check,72.6,154.3,No,0.726664,High,69.21,False
8016-NCFVO,55,Month-to-month,Electronic check,116.5,6382.55,No,0.22555941,Low,45.22,True
4119-ZYPZY,71,Two year,Electronic check,106.8,7623.2,No,0.21082643,Low,41.74,True
5549-ZGHFB,50,Two year,Mailed check,24.95,1261.45,No,0.009880406,Low,6.99,False
7577-SWIFR,1,Month-to-month,Electronic check,89.25,89.25,No,0.8360329,High,81.07,False
0303-WMMRN,5,Month-to-month,Mailed check,19.25,86.05,No,0.067355126,Low,9.58,False
6408-OTUBZ,66,One year,Bank transfer (automatic),104.55,6779.05,No,0.10729941,Low,33.92,True
5204-HMGYF,49,One year,Mailed check,87.2,4345.0,No,0.056655843,Low,26.0,False
1078-TDCRN,3,Month-to-month,Electronic check,30.75,82.85,No,0.7109171,High,57.53,False
3727-OVPRY,66,One year,Credit card (automatic),25.7,1714.55,No,0.015314198,Low,7.56,False
3797-FKOGQ,11,Month-to-month,Electronic check,86.2,893.2,No,0.5124857,Medium,57.65,False
7622-NXQZR,28,Month-to-month,Credit card (automatic),30.1,810.85,No,0.17411041,Low,19.79,False
6196-HBOBZ,65,Two year,Electronic check,99.35,6347.55,No,0.07442063,Low,30.31,True
3970-XGJDU,62,Two year,Credit card (automatic),19.2,1123.65,No,0.011459043,Low,5.65,False
7017-VFULY,2,Month-to-month,Bank transfer (automatic),20.1,43.15,No,0.14553414,Low,15.27,False
5562-YJQGT,2,Month-to-month,Credit card (automatic),20.35,35.1,No,0.11045701,Low,12.87,False
8807-OPMBM,55,Two year,Credit card (automatic),25.65,1388.0,No,0.010972682,Low,7.25,False
5439-WIKXB,41,Month-to-month,Electronic check,94.55,3851.45,No,0.36655018,Medium,49.54,True
9874-QLCLH,17,Month-to-month,Electronic check,104.2,1743.5,Yes,0.69053936,High,74.66,True
8294-UIMBA,30,One year,Bank transfer (automatic),94.4,2638.1,No,0.1938838,Low,37.42,True
8109-YUOHE,17,One year,Mailed check,56.1,946.95,No,0.047700424,Low,17.51,False
5840-NVDCG,16,Two year,Bank transfer (automatic),68.25,1114.85,No,0.017075727,Low,18.44,False
8092-NLTGF,72,Two year,Bank transfer (automatic),24.75,1777.6,No,0.0050796126,Low,6.61,False
5928-QLDHB,9,Month-to-month,Electronic check,76.25,684.85,No,0.63396835,High,63.64,False
9840-EFJQB,1,Month-to-month,Electronic check,74.35,74.35,No,0.68836164,High,66.97,False
0696-UKTOX,23,Month-to-month,Electronic check,54.15,1312.45,No,0.09458633,Low,20.3,False
4801-KFYKL,8,Month-to-month,Bank transfer (automatic),19.45,159.2,No,0.11815489,Low,13.18,False
3472-OAOOR,19,Month-to-month,Mailed check,34.95,610.2,No,0.16564536,Low,20.42,False
6135-OZQVA,7,Month-to-month,Electronic check,53.65,404.35,No,0.3592071,Medium,38.7,False
8062-YBDOE,1,Month-to-month,Electronic check,69.65,69.65,Yes,0.8787523,High,79.11,False
2252-JHJGE,61,One year,Electronic check,104.0,6363.45,No,0.2963701,Low,47.02,True
4188-PCPIG,57,Two year,Credit card (automatic),70.35,4124.65,No,0.016804049,Low,18.95,False
6000-APYLU,9,Month-to-month,Electronic check,80.8,713.1,Yes,0.5807165,Medium,61.06,False
7105-BENQF,15,One year,Mailed check,64.85,950.75,No,0.07918132,Low,21.93,False
7721-DVEKZ,1,Month-to-month,Mailed check,19.65,19.65,No,0.34352085,Medium,29.01,False
3566-VVORZ,12,Month-to-month,Bank transfer (automatic),45.9,505.95,No,0.17053999,Low,23.53,False
9507-HSMMZ,54,Two year,Mailed check,20.0,1149.65,No,0.020361494,Low,6.48,False
2480-SQIOB,4,Month-to-month,Electronic check,44.8,169.65,No,0.38509467,Medium,38.27,False
0947-IDHRQ,7,Month-to-month,Mailed check,80.3,526.7,Yes,0.6574447,High,66.31,False
7813-TKCVO,20,One year,Mailed check,20.35,393.15,No,0.022439301,Low,6.71,False
0128-MKWSG,26,Month-to-month,Mailed check,45.8,1147.0,No,0.110115655,Low,19.28,False
3672-YITQD,36,Month-to-month,Electronic check,84.1,3021.6,Yes,0.67815214,High,68.72,False
4350-ZTLPI,53,One year,Bank transfer (automatic),108.95,5718.2,No,0.24490616,Low,44.67,True
9048-JVYVF,3,Month-to-month,Electronic check,69.35,191.35,Yes,0.3196284,Medium,39.89,False
0361-HJRDX,68,Two year,Credit card (automatic),64.35,4539.6,No,0.016110498,Low,17.38,False
5727-MYATE,72,Two year,Credit card (automatic),90.8,6397.6,No,0.0050058174,Low,23.29,True
3823-KYNQY,12,One year,Credit card (automatic),24.95,280.4,No,0.04104266,Low,9.18,False
8988-ECPJR,34,Month-to-month,Mailed check,79.6,2718.3,Yes,0.43068272,Medium,50.26,False
7570-WELNY,68,Two year,Bank transfer (automatic),84.7,5711.05,No,0.028978981,Low,23.43,False
3021-VLNRJ,50,One year,Credit card (automatic),70.8,3478.15,No,0.039712265,Low,20.67,False
3776-EKTKM,1,Month-to-month,Electronic check,36.45,36.45,Yes,0.86823,High,69.98,False
2080-CAZNM,41,Month-to-month,Electronic check,104.4,4133.95,No,0.6141887,High,69.37,True
1028-FFNJK,30,Month-to-month,Electronic check,101.5,2917.65,No,0.5272636,Medium,62.55,True
6907-FLBER,1,Month-to-month,Electronic check,54.3,54.3,No,0.5487282,Medium,52.13,False
3001-UNBTL,29,Month-to-month,Electronic check,103.95,2964.8,No,0.68010527,High,73.87,True
5982-PSMKW,23,Two year,Credit card (automatic),91.1,2198.3,No,0.018676776,Low,24.32,True
3507-GASNP,60,Two year,Mailed check,19.95,1189.9,No,0.010763436,Low,5.79,False
7096-ZNBZI,72,Two year,Credit card (automatic),26.45,1914.5,No,0.0039747176,Low,6.96,False
1902-XBTFB,22,Month-to-month,Electronic check,89.4,2001.5,Yes,0.5108551,Medium,58.35,False
1676-MQAOA,72,Two year,Bank transfer (automatic),75.1,5336.35,No,0.0068429513,Low,19.45,False
0786-IVLAW,66,One year,Bank transfer (automatic),108.1,7238.6,No,0.18122362,Low,40.0,True
7566-DSRLQ,72,Two year,Electronic check,110.15,7998.8,No,0.03842867,Low,30.52,True
0643-OKLRP,47,Month-to-month,Electronic check,80.35,3825.85,Yes,0.34376588,Medium,44.36,False
7245-JMTTQ,51,One year,Electronic check,111.5,5703.25,No,0.23133023,Low,44.36,True
6050-IJRHS,70,One year,Electronic check,106.5,7397.0,No,0.18238643,Low,39.67,True
6202-JVYEU,9,One year,Electronic check,19.9,164.6,No,0.04436726,Low,8.13,False
8591-TKMZH,59,Two year,Mailed check,111.1,6555.2,No,0.056335468,Low,32.01,True
0734-OXWBT,3,Month-to-month,Mailed check,70.7,225.65,No,0.23036821,Low,33.99,False
4282-ACRXS,38,Month-to-month,Electronic check,24.85,955.75,No,0.378689,Medium,32.79,False
0365-TRTPY,37,Month-to-month,Bank transfer (automatic),91.2,3382.3,No,0.12509863,Low,31.8,True
7349-ALMUX,37,Two year,Bank transfer (automatic),65.6,2313.8,No,0.016693162,Low,17.74,False
9381-NDKME,24,Month-to-month,Credit card (automatic),40.65,933.3,Yes,0.42832002,Medium,40.25,False
6502-KUGLL,14,Month-to-month,Bank transfer (automatic),59.45,780.85,No,0.1021853,Low,22.17,False
1841-YSJGV,72,Two year,Credit card (automatic),109.95,7852.4,No,0.0290559,Low,29.81,True
2794-XIMMO,53,One year,Electronic check,60.45,3184.25,Yes,0.23009731,Low,31.38,False
8382-SHQEH,8,Month-to-month,Electronic check,84.9,764.95,Yes,0.77916306,High,75.99,False
3511-BFTJW,72,Two year,Credit card (automatic),38.5,2763.0,No,0.011462858,Low,10.53,False
7668-XCFYV,17,Month-to-month,Electronic check,92.55,1614.7,No,0.6626586,High,69.77,True
2983-ZANRP,2,Month-to-month,Bank transfer (automatic),73.55,145.4,Yes,0.6331876,High,62.9,False
7845-URHJN,8,Month-to-month,Bank transfer (automatic),20.15,156.25,Yes,0.13880329,Low,14.81,False
3034-ZBEQN,48,One year,Mailed check,34.7,1604.5,Yes,0.10202758,Low,15.91,False
5018-HEKFO,10,Month-to-month,Mailed check,24.5,270.15,No,0.11791992,Low,14.44,False
2923-ARZLG,0,One year,Mailed check,19.7,0.0,No,0.09384055,Low,11.55,False
3976-NLDEZ,1,Month-to-month,Mailed check,20.6,20.6,No,0.33206078,Medium,28.45,False
2282-YGNOR,29,One year,Credit card (automatic),58.0,1734.5,No,0.028604535,Low,16.65,False
5336-UFNZP,65,One year,Electronic check,107.45,7047.5,No,0.16690658,Low,38.83,True
6854-EXGSF,8,Month-to-month,Bank transfer (automatic),65.5,573.15,No,0.1818825,Low,29.28,False
1241-EZFMJ,61,Two year,Bank transfer (automatic),25.45,1538.6,No,0.008383025,Low,7.02,False
9233-PSYHO,45,One year,Bank transfer (automatic),100.15,4459.8,No,0.26664296,Low,43.97,True
5376-PCKNB,72,One year,Credit card (automatic),104.45,7459.0,No,0.09759412,Low,33.22,True
8044-BGWPI,12,Month-to-month,Electronic check,21.15,306.05,No,0.121945396,Low,13.88,False
4060-LDNLU,7,Month-to-month,Electronic check,96.2,639.7,No,0.7647617,High,77.84,True
3589-PPVKW,9,Month-to-month,Mailed check,44.4,348.15,No,0.25900936,Low,29.35,False
8327-LZKAS,43,One year,Electronic check,107.55,4533.9,Yes,0.55086577,Medium,65.73,True
5887-IKKYO,58,Two year,Bank transfer (automatic),94.35,5563.65,No,0.057537068,Low,27.86,True
1075-BGWOH,16,Month-to-month,Electronic check,98.75,1587.55,Yes,0.7931331,High,80.47,True
1755-RMCXH,2,Month-to-month,Mailed check,20.3,40.25,No,0.0935789,Low,11.68,False
0302-JOIVN,8,Month-to-month,Electronic check,101.15,842.9,Yes,0.63970655,High,70.33,True
3858-XHYJO,40,One year,Bank transfer (automatic),105.75,4228.55,No,0.28973216,Low,47.0,True
4299-SIMNS,9,Month-to-month,Electronic check,81.15,784.45,No,0.5347791,Medium,57.94,False
7025-IWFHT,41,One year,Electronic check,89.55,3729.75,No,0.09065401,Low,28.97,False
6261-LHRTG,26,Month-to-month,Credit card (automatic),54.75,1406.9,No,0.14670539,Low,24.1,False
7841-FCRQD,33,One year,Credit card (automatic),53.75,1857.3,No,0.06486858,Low,18.12,False
2056-EVGZL,68,One year,Credit card (automatic),105.75,7322.5,No,0.1815959,Low,39.43,True
8777-MBMTS,65,Two year,Credit card (automatic),105.85,6725.5,No,0.06953858,Low,31.61,True
7753-USQYQ,55,One year,Electronic check,64.2,3627.3,No,0.06576327,Low,20.82,False
5366-IJEQJ,20,Month-to-month,Electronic check,88.7,1761.45,Yes,0.62923723,High,66.46,False
7661-CPURM,19,One year,Credit card (automatic),87.7,1725.95,No,0.10693199,Low,29.64,False
6233-HXJMX,45,Month-to-month,Credit card (automatic),89.3,4192.15,No,0.2854626,Low,42.54,False
5902-WBLSE,70,Two year,Credit card (automatic),20.15,1411.2,No,0.006454362,Low,5.54,False
1981-INRFU,2,Month-to-month,Electronic check,79.75,164.5,Yes,0.7593201,High,73.3,False
4971-PUYQO,27,Month-to-month,Mailed check,94.55,2724.6,Yes,0.5161882,Medium,60.02,True
3239-TPHPZ,12,Two year,Electronic check,20.05,264.55,No,0.021180684,Low,6.55,False
5115-GZDEL,72,Two year,Credit card (automatic),67.2,4671.7,No,0.0055999397,Low,17.37,False
3338-CVVEH,12,Month-to-month,Electronic check,94.55,1173.55,No,0.745228,High,76.05,True
8485-GJCDN,5,Month-to-month,Mailed check,69.05,318.5,Yes,0.59065264,Medium,58.79,False
2615-YVMYX,71,Month-to-month,Electronic check,107.5,7713.55,No,0.28392944,Low,47.03,True
2851-STERV,35,One year,Electronic check,73.0,2471.25,No,0.16300943,Low,29.85,False
4393-GEADV,70,Two year,Credit card (automatic),114.75,7842.3,No,0.074777715,Low,34.22,True
8486-AYEQH,31,Month-to-month,Electronic check,76.05,2227.8,No,0.437664,Medium,49.85,False
1527-SXDPN,52,Two year,Bank transfer (automatic),96.25,4990.25,Yes,0.09082379,Low,30.67,True
6029-WTIPC,37,Month-to-month,Electronic check,101.1,3744.05,Yes,0.61377585,High,68.51,True
8634-CILSZ,69,One year,Bank transfer (automatic),104.7,7220.35,Yes,0.39464614,Medium,54.08,True
5419-JKZNQ,30,Month-to-month,Mailed check,77.9,2351.45,No,0.3429392,Medium,43.69,False
2495-KZNFB,33,Month-to-month,Electronic check,90.65,2989.6,No,0.3450614,Medium,47.06,True
1409-PHXTF,54,Two year,Electronic check,110.45,6077.75,No,0.20388159,Low,42.17,True
4560-WQAQW,59,One year,Bank transfer (automatic),68.7,4070.95,No,0.04007887,Low,20.16,False
9591-YVTEB,55,Month-to-month,Electronic check,44.85,2479.05,No,0.31580612,Medium,33.44,False
9309-BZGNT,69,One year,Credit card (automatic),29.8,2134.3,No,0.046451915,Low,10.78,False
4274-DRSQT,66,One year,Bank transfer (automatic),88.9,6000.1,No,0.10136388,Low,29.55,False
2027-DNKIV,37,One year,Mailed check,58.75,2203.1,No,0.039872844,Low,17.63,False
8075-GXIUB,9,One year,Credit card (automatic),19.85,183.15,No,0.049962305,Low,8.51,False
2885-HIJDH,69,Two year,Bank transfer (automatic),86.9,6194.1,No,0.028991178,Low,23.98,False
5424-RLQLC,10,Month-to-month,Mailed check,59.65,638.95,No,0.20200987,Low,29.21,False
6682-QJDGB,40,Month-to-month,Mailed check,55.25,2139.2,Yes,0.13868831,Low,23.67,False
6507-DTJZV,13,Month-to-month,Credit card (automatic),66.4,831.75,No,0.15041822,Low,27.3,False
8780-IXSTS,6,Month-to-month,Electronic check,90.1,521.3,Yes,0.8220768,High,80.31,True
7673-BQGKU,69,Two year,Bank transfer (automatic),20.15,1337.5,No,0.0079319095,Low,5.65,False
6723-WSNTY,66,One year,Credit card (automatic),108.1,7181.95,No,0.21111545,Low,42.09,True
9530-EHPOH,11,Month-to-month,Electronic check,53.75,608.0,Yes,0.34083095,Medium,37.44,False
2725-IWWBA,46,One year,Mailed check,56.9,2560.1,No,0.044554207,Low,17.49,False
0345-HKJVM,6,Month-to-month,Electronic check,89.3,577.6,Yes,0.65565884,High,68.46,False
1061-PNTHC,56,Month-to-month,Mailed check,109.6,5953.0,No,0.14813645,Low,38.06,True
0394-YONDK,70,Two year,Credit card (automatic),25.15,1790.15,No,0.006075285,Low,6.78,False
6574-MCOEH,33,One year,Electronic check,79.15,2531.4,No,0.19486439,Low,33.64,False
7399-QHBJS,72,Two year,Credit card (automatic),66.75,4760.3,No,0.005939123,Low,17.28,False
3049-SOLAY,3,Month-to-month,Electronic check,95.2,292.85,Yes,0.85369396,High,83.81,True
0997-YTLNY,19,Month-to-month,Mailed check,48.8,953.65,No,0.13505112,Low,21.78,False
3317-HRTNN,5,Month-to-month,Electronic check,45.7,198.0,Yes,0.70022917,High,60.56,False
9479-HYNYL,71,Two year,Credit card (automatic),80.7,5705.05,No,0.010023067,Low,21.09,False
3235-ETOOB,8,Month-to-month,Electronic check,74.5,609.9,Yes,0.49103603,Medium,53.19,False
9708-KFDBY,1,Month-to-month,Credit card (automatic),20.55,20.55,No,0.24539335,Low,22.37,False
8058-INTPH,1,Month-to-month,Electronic check,79.65,79.65,Yes,0.8886968,High,82.33,False
3642-GKTCT,61,One year,Mailed check,115.1,6993.65,No,0.07706021,Low,34.47,True
0774-RMNUW,71,Two year,Bank transfer (automatic),59.7,4122.65,No,0.005730285,Low,15.48,False
1334-PDUKM,68,One year,Credit card (automatic),86.45,5762.95,No,0.059487645,Low,26.0,False
0756-MPZRL,46,One year,Credit card (automatic),33.7,1537.85,No,0.039826658,Low,11.3,False
2242-MFOTG,33,One year,Bank transfer (automatic),80.1,2603.3,No,0.06396802,Low,24.71,False
2927-CVULT,53,Two year,Bank transfer (automatic),104.05,5566.4,No,0.06594981,Low,30.9,True
2144-BFDSO,50,Month-to-month,Bank transfer (automatic),108.75,5431.9,No,0.28553498,Low,47.46,True
8745-PVESG,57,One year,Credit card (automatic),41.1,2258.25,No,0.03092015,Low,12.55,False
7647-GYYKX,54,Two year,Bank transfer (automatic),20.35,1092.35,No,0.01614266,Low,6.27,False
5647-FXOTP,60,Month-to-month,Electronic check,105.9,6401.25,No,0.4120038,Medium,55.59,True
5569-OUICF,28,Month-to-month,Credit card (automatic),101.3,2812.2,Yes,0.5512575,Medium,64.18,True
8821-XNHVZ,1,Month-to-month,Mailed check,80.05,80.05,Yes,0.84540474,High,79.4,False
2082-OJVTK,29,Month-to-month,Electronic check,89.2,2698.35,Yes,0.5578195,Medium,61.58,False
9700-ISPUP,10,Month-to-month,Electronic check,65.5,616.9,No,0.24986024,Low,34.04,False
9839-ETQOE,43,Month-to-month,Electronic check,40.45,1912.85,No,0.17451476,Low,22.43,False
6078-VESFR,13,Month-to-month,Bank transfer (automatic),70.45,849.1,No,0.3563543,Medium,42.74,False
9027-TMATR,43,Two year,Electronic check,78.8,3460.3,No,0.030798722,Low,22.06,False
5940-NFXKV,19,Month-to-month,Electronic check,83.65,1465.75,Yes,0.6513918,High,66.73,False
1941-HOSAM,1,Month-to-month,Electronic check,90.1,90.1,No,0.8249289,High,80.51,True
9110-HSGTV,69,Two year,Credit card (automatic),82.45,5555.3,No,0.027830098,Low,22.78,False
0704-VCUMB,61,Two year,Credit card (automatic),20.25,1278.8,No,0.008047887,Low,5.68,False
6171-ZTVYB,43,Month-to-month,Bank transfer (automatic),66.25,2907.35,No,0.07160606,Low,21.75,False
8053-WWDRO,6,Month-to-month,Bank transfer (automatic),19.5,146.3,Yes,0.12169562,Low,13.45,False
9564-KCLHR,1,Month-to-month,Mailed check,51.25,51.25,Yes,0.36304167,Medium,38.36,False
1935-IMVBB,56,Month-to-month,Mailed check,89.7,4952.95,No,0.21612623,Low,37.79,False
2535-PBCGC,70,Two year,Bank transfer (automatic),64.55,4504.9,No,0.01639764,Low,17.46,False
2082-CEFLT,1,Month-to-month,Electronic check,45.6,45.6,Yes,0.6762401,High,58.86,False
1470-PSXNM,49,One year,Electronic check,93.65,4520.15,No,0.24831484,Low,41.04,True
1213-NGCUN,6,Month-to-month,Bank transfer (automatic),49.65,267.35,Yes,0.28138313,Low,32.24,False
2498-XLDZR,32,Two year,Mailed check,73.6,2316.85,No,0.01585355,Low,19.7,False
9866-OCCKE,72,Two year,Mailed check,109.75,8075.35,No,0.027426181,Low,29.65,True
5338-YHWYT,37,Two year,Credit card (automatic),61.45,2302.35,No,0.019099673,Low,16.86,False
7718-UPSKJ,69,One year,Credit card (automatic),106.4,7251.9,No,0.20773266,Low,41.42,True
8731-WBBMB,26,Month-to-month,Bank transfer (automatic),81.9,2078.55,No,0.10697476,Low,28.18,False
1448-CYWKC,58,One year,Credit card (automatic),105.2,6225.4,No,0.21953124,Low,41.94,True
7901-IIDQV,24,One year,Bank transfer (automatic),54.6,1242.25,No,0.060430344,Low,18.02,False
2690-DVRVK,5,One year,Electronic check,20.55,99.45,No,0.035528537,Low,7.68,False
5688-KZTSN,15,Month-to-month,Electronic check,20.0,288.05,Yes,0.15255739,Low,15.73,False
1270-XKUCC,30,Two year,Mailed check,19.7,599.25,No,0.011107909,Low,5.75,False
0334-ZFJSR,55,One year,Credit card (automatic),66.05,3462.1,No,0.036550052,Low,19.24,False
2894-QOJRX,25,Month-to-month,Bank transfer (automatic),34.0,853.0,Yes,0.40550593,Medium,36.97,False
5747-PMBSQ,10,Month-to-month,Mailed check,92.5,934.1,Yes,0.64165455,High,68.28,True
5583-EJXRD,44,Two year,Credit card (automatic),54.05,2375.2,No,0.022883229,Low,15.26,False
4565-EVZMJ,47,One year,Mailed check,58.9,2813.05,No,0.056760672,Low,18.85,False
3143-JQEGI,13,Month-to-month,Electronic check,88.35,1222.8,Yes,0.4933427,Medium,56.85,False
6386-SZZKH,49,Two year,Bank transfer (automatic),107.95,5293.2,Yes,0.17751676,Low,39.7,True
3327-YBAKM,64,One year,Mailed check,96.9,6314.35,No,0.10607555,Low,31.91,True
9441-QHEVC,1,Month-to-month,Mailed check,19.1,19.1,No,0.14725022,Low,15.13,False
6705-LNMDD,20,Month-to-month,Mailed check,50.0,1003.05,No,0.11901885,Low,20.96,False
2580-ASVVY,37,Two year,Electronic check,45.4,1593.1,No,0.04573151,Low,14.67,False
3370-GQEAL,30,Month-to-month,Electronic check,85.45,2509.95,No,0.4673615,Medium,54.3,False
5032-USPKF,38,One year,Bank transfer (automatic),84.1,3187.65,No,0.092059985,Low,27.69,False
2982-IHMFT,1,Month-to-month,Mailed check,74.45,74.45,Yes,0.8856149,High,80.8,False
3521-SYVOR,37,Month-to-month,Electronic check,64.75,2345.2,Yes,0.3414798,Medium,40.26,False
4254-QPEDE,52,Two year,Credit card (automatic),66.25,3330.1,No,0.019724036,Low,18.12,False
6283-GITPX,71,Two year,Credit card (automatic),76.9,5522.7,No,0.0076859267,Low,19.97,False
9526-JAWYF,26,Month-to-month,Electronic check,89.8,2335.3,Yes,0.30581808,Medium,44.09,False
0771-CHWSK,66,Two year,Credit card (automatic),74.6,4798.4,No,0.0546654,Low,22.67,False
9788-HNGUT,72,Two year,Credit card (automatic),116.95,8594.4,No,0.023605427,Low,31.2,True
9495-REDIY,25,One year,Credit card (automatic),40.65,970.55,No,0.057213146,Low,14.27,False
5375-XLDOF,69,Two year,Bank transfer (automatic),114.35,7665.8,No,0.12010223,Low,37.3,True
1172-VIYBP,53,Two year,Bank transfer (automatic),69.7,3686.05,No,0.016102716,Low,18.74,False
5649-VUKMC,12,One year,Mailed check,95.5,1115.15,Yes,0.39437342,Medium,51.73,True
6559-PDZLR,26,Month-to-month,Electronic check,98.65,2537.0,No,0.5256678,Medium,61.72,True
8992-OBVDG,21,Month-to-month,Mailed check,61.65,1393.6,No,0.102254376,Low,22.73,False
4273-MBHYA,1,Month-to-month,Electronic check,89.35,89.35,No,0.8166653,High,79.74,False
4724-WXVWF,48,Month-to-month,Electronic check,95.4,4445.3,No,0.3137419,Medium,46.06,True
5701-GUXDC,26,One year,Credit card (automatic),35.4,978.6,No,0.056630947,Low,12.91,False
1460-UZPRJ,60,Two year,Mailed check,19.95,1258.15,No,0.008900861,Low,5.66,False
6082-GLJIX,18,Month-to-month,Mailed check,19.25,331.35,No,0.055496924,Low,8.75,False
5143-EGQFK,10,Month-to-month,Electronic check,29.65,291.4,Yes,0.5128884,Medium,43.39,False
4919-IKATY,5,Month-to-month,Electronic check,84.5,453.75,Yes,0.66038346,High,67.57,False
2495-TTHBQ,4,One year,Mailed check,20.4,84.75,No,0.023979852,Low,6.83,False
0485-ZBSLN,65,Two year,Credit card (automatic),24.75,1715.1,No,0.0073886546,Low,6.77,False
3810-PJUHR,70,Two year,Mailed check,25.35,1715.15,No,0.0053094043,Low,6.78,False
9050-QLROH,18,Month-to-month,Credit card (automatic),90.7,1597.25,Yes,0.4311163,Medium,53.09,True
0847-HGRML,62,Two year,Bank transfer (automatic),20.0,1250.1,No,0.010154415,Low,5.76,False
8232-CTLKO,66,Two year,Electronic check,59.75,3996.8,No,0.02318414,Low,16.72,False
9227-YBAXE,65,Two year,Bank transfer (automatic),82.5,5215.1,No,0.021382697,Low,22.34,False
6168-WFVVF,3,Month-to-month,Electronic check,70.3,235.5,Yes,0.59625113,Medium,59.5,False
9860-LISIZ,34,Month-to-month,Mailed check,20.35,673.2,No,0.042817935,Low,8.14,False
0112-QAWRZ,16,Month-to-month,Bank transfer (automatic),90.8,1442.2,No,0.48373896,Medium,56.8,True
0877-SDMBN,54,One year,Bank transfer (automatic),103.95,5639.05,Yes,0.34879345,Medium,50.68,True
2786-GCDPI,50,Month-to-month,Electronic check,104.95,5222.35,No,0.5302417,Medium,63.63,True
4043-MKDTV,71,Two year,Electronic check,105.25,7291.75,No,0.064109035,Low,31.08,True
8065-YKXKD,10,Month-to-month,Electronic check,74.75,799.65,Yes,0.6819793,High,66.62,False
9637-EIHEQ,1,Month-to-month,Electronic check,50.8,50.8,Yes,0.503093,Medium,48.05,False
9229-RQABD,18,One year,Mailed check,23.75,424.5,No,0.04128096,Low,8.89,False
8313-KTIHG,4,Month-to-month,Electronic check,61.3,249.4,No,0.28585806,Low,35.5,False
5320-BRKGK,58,Two year,Mailed check,75.8,4415.75,No,0.011184779,Low,19.93,False
6284-KMNUF,56,One year,Electronic check,98.0,5270.6,No,0.22620077,Low,40.59,True
9689-PTNPG,2,Month-to-month,Electronic check,80.25,144.55,Yes,0.7405387,High,72.11,False
9465-RWMXL,32,Month-to-month,Electronic check,78.9,2447.95,Yes,0.5865528,Medium,60.99,False
6229-UOLQL,56,One year,Mailed check,52.0,2884.9,No,0.02821889,Low,15.11,False
2362-IBOOY,36,Month-to-month,Electronic check,84.75,3050.15,Yes,0.62496305,High,65.16,False
3137-LUPIX,4,Month-to-month,Mailed check,64.4,253.0,No,0.32141313,Medium,38.77,False
0843-WTBXE,53,Month-to-month,Bank transfer (automatic),85.45,4517.25,Yes,0.33786434,Medium,45.24,False
6143-JQKEA,10,Month-to-month,Credit card (automatic),45.8,436.2,No,0.2681317,Low,30.34,False
8676-OOQEJ,4,Month-to-month,Electronic check,30.5,118.4,No,0.36937433,Medium,33.56,False
5515-IDEJJ,1,Month-to-month,Mailed check,19.9,19.9,Yes,0.40625033,Medium,33.46,False
9701-CDXHR,51,Month-to-month,Mailed check,69.15,3649.6,No,0.14387949,Low,27.54,False
7450-NWRTR,12,Month-to-month,Electronic check,99.45,1200.15,Yes,0.877721,High,86.56,True
8124-NZVGJ,6,One year,Mailed check,49.25,255.6,No,0.2528916,Low,30.14,False
2162-FRZAA,63,Two year,Bank transfer (automatic),39.35,2395.05,No,0.01890008,Low,11.26,False
5376-DEQCP,1,Month-to-month,Electronic check,70.6,70.6,Yes,0.80148417,High,73.94,False
5118-MUEYH,48,Month-to-month,Credit card (automatic),105.1,5083.55,No,0.33958262,Medium,50.32,True
9095-HFAFX,5,Month-to-month,Credit card (automatic),81.0,389.6,Yes,0.66040826,High,66.69,False
5627-TVBPP,35,One year,Credit card (automatic),20.1,644.5,No,0.01479501,Low,6.11,False
2379-ENZGV,6,Month-to-month,Electronic check,84.85,523.5,Yes,0.7048704,High,70.78,False
3936-QQFLL,2,Month-to-month,Mailed check,19.75,39.3,No,0.13907358,Low,14.72,False
2589-AYCRP,50,One year,Bank transfer (automatic),19.75,989.05,No,0.029408155,Low,7.05,False
4067-HLYQI,33,Month-to-month,Bank transfer (automatic),70.4,2406.1,No,0.32537588,Medium,40.56,False
5124-EOGYE,31,Two year,Mailed check,20.45,638.55,No,0.0070566684,Low,5.66,False
5057-RKGLH,9,Two year,Mailed check,20.35,191.1,No,0.011275702,Low,5.93,False
0292-WEGCH,54,Month-to-month,Electronic check,86.2,4524.05,No,0.16263388,Low,33.16,False
8910-ICHIU,46,One year,Credit card (automatic),95.65,4664.2,No,0.097984076,Low,31.02,True
4097-YODCF,34,One year,Electronic check,103.8,3470.8,No,0.223558,Low,41.87,True
9715-WZCLW,71,Two year,Electronic check,97.2,6910.3,No,0.06022295,Low,28.77,True
9786-YWNHU,63,Two year,Mailed check,63.55,4014.2,No,0.008862073,Low,16.68,False
6407-GSJNL,51,Two year,Bank transfer (automatic),24.95,1288.0,No,0.012178543,Low,7.16,False
6005-OBZPH,26,Month-to-month,Electronic check,89.15,2277.65,Yes,0.61435986,High,65.53,False
4049-ZPALD,64,Two year,Bank transfer (automatic),99.0,6375.8,No,0.058661766,Low,29.12,True
7932-WPTDS,1,Month-to-month,Electronic check,24.8,24.8,Yes,0.8250158,High,64.02,False
3733-UOCWF,61,One year,Bank transfer (automatic),85.55,5251.75,No,0.042786878,Low,24.61,False
6833-JMZYP,15,Month-to-month,Credit card (automatic),94.0,1505.45,No,0.49911526,Medium,58.69,True
2722-VOJQL,64,One year,Credit card (automatic),105.65,6903.1,Yes,0.2504115,Low,44.22,True
1310-QRITU,18,Month-to-month,Electronic check,50.3,913.3,No,0.4019185,Medium,40.84,False
8961-QDZZJ,57,One year,Electronic check,95.0,5535.8,No,0.13023241,Low,33.12,True
9715-SBVSU,14,Two year,Bank transfer (automatic),61.4,815.55,No,0.018692024,Low,16.82,False
8490-BXHEO,18,Month-to-month,Credit card (automatic),80.55,1411.65,No,0.42172348,Medium,49.87,False
7173-TETGO,72,Two year,Bank transfer (automatic),78.5,5602.25,No,0.013193407,Low,20.76,False
7929-SKFGK,70,Two year,Credit card (automatic),114.3,8244.3,No,0.080151126,Low,34.49,True
2300-RQGOI,38,Two year,Mailed check,20.05,741.5,No,0.010497919,Low,5.8,False
3563-SVYLG,68,Two year,Credit card (automatic),62.65,4375.8,No,0.009255675,Low,16.48,False
5228-EXCET,13,Month-to-month,Electronic check,80.85,1008.7,Yes,0.4972884,Medium,55.24,False
6435-VWCCY,65,Two year,Credit card (automatic),92.7,5968.4,No,0.048587773,Low,26.82,True
4998-IKFSE,30,Month-to-month,Electronic check,100.45,3096.9,No,0.42263398,Medium,54.96,True
8630-QSGXK,51,Two year,Bank transfer (automatic),75.2,3901.25,No,0.028808765,Low,21.01,False
2455-USLMV,31,Month-to-month,Credit card (automatic),84.75,2613.4,No,0.28462937,Low,41.33,False
7394-FKDNK,9,Month-to-month,Electronic check,89.45,853.1,Yes,0.61226,High,65.46,False
9488-FVZCC,72,Two year,Bank transfer (automatic),79.5,5661.7,No,0.00659256,Low,20.55,False
6331-LWDTQ,10,Month-to-month,Credit card (automatic),72.15,794.25,Yes,0.32387334,Medium,40.9,False
5995-WWKKG,37,One year,Electronic check,19.8,695.05,No,0.042658716,Low,7.99,False
1597-FZREH,2,Month-to-month,Electronic check,76.4,160.8,Yes,0.4872471,Medium,53.41,False
7879-CGSFV,55,One year,Mailed check,100.9,5552.05,No,0.20071715,Low,39.54,True
9921-EZKBY,33,Month-to-month,Bank transfer (automatic),95.3,3275.15,No,0.20053284,Low,38.11,True
7432-FFVAR,46,One year,Bank transfer (automatic),90.95,4236.6,No,0.08469891,Low,28.91,True
7246-ZGQDF,1,Month-to-month,Electronic check,54.5,54.5,No,0.29995653,Low,34.77,False
7000-WCEVQ,20,Month-to-month,Mailed check,61.6,1174.35,Yes,0.41224924,Medium,44.42,False
0727-IWKVK,9,Month-to-month,Electronic check,79.9,741.7,Yes,0.6044672,High,62.5,False
5959-BELXA,32,Month-to-month,Credit card (automatic),96.15,3019.25,Yes,0.5668964,Medium,63.97,True
4456-RHSNB,19,Month-to-month,Bank transfer (automatic),49.6,962.9,No,0.19525774,Low,26.2,False
3512-IZIKN,70,Two year,Credit card (automatic),65.3,4759.75,Yes,0.035367325,Low,18.97,False
2481-SBOYW,61,Two year,Credit card (automatic),25.0,1498.35,No,0.009715695,Low,7.0,False
7109-MFBYV,26,Month-to-month,Electronic check,45.45,1233.15,No,0.17021805,Low,23.4,False
1833-TCXKK,45,Month-to-month,Bank transfer (automatic),107.75,4882.8,No,0.4534333,Medium,58.96,True
1832-PEUTS,62,Two year,Credit card (automatic),89.1,5411.65,No,0.047183096,Low,25.81,False
6141-OOXUQ,1,Month-to-month,Mailed check,19.65,19.65,Yes,0.33770224,Medium,28.6,False
8660-BUETV,3,Month-to-month,Mailed check,44.75,148.05,No,0.3315818,Medium,34.52,False
0580-PIQHM,41,One year,Bank transfer (automatic),101.6,3930.55,No,0.14108874,Low,35.54,True
5696-CEIQJ,67,Two year,Bank transfer (automatic),103.15,6895.5,No,0.06238911,Low,30.43,True
7503-ZGUZJ,1,Month-to-month,Mailed check,84.65,84.65,Yes,0.90341634,High,84.62,False
1696-HXOWK,71,One year,Mailed check,95.65,6856.95,No,0.022499047,Low,25.74,True
3026-ATZYV,37,One year,Bank transfer (automatic),75.1,2658.8,No,0.072812684,Low,24.07,False
4012-YCFAI,60,Two year,Mailed check,61.35,3766.2,No,0.0070880335,Low,16.0,False
2506-TNFCO,1,Month-to-month,Electronic check,69.55,69.55,Yes,0.87845737,High,79.06,False
9970-QBCDA,6,Month-to-month,Credit card (automatic),19.7,129.55,No,0.109749466,Low,12.66,False
8718-PTMEZ,13,Month-to-month,Electronic check,31.05,347.25,Yes,0.43209538,Medium,38.09,False
9496-IVVRP,11,Month-to-month,Bank transfer (automatic),51.0,581.7,No,0.13145722,Low,22.09,False
2207-OBZNX,7,Month-to-month,Mailed check,51.0,354.05,Yes,0.2080176,Low,27.45,False
2657-VPXTA,10,Month-to-month,Electronic check,88.85,929.45,No,0.61703205,High,65.64,False
6551-VLJMV,34,Two year,Credit card (automatic),20.05,679.0,No,0.0098807085,Low,5.76,False
1221-GHZEP,62,Two year,Mailed check,65.1,3846.75,No,0.010751562,Low,17.2,False
9289-LBQVU,64,One year,Mailed check,70.15,4480.7,No,0.09194824,Low,24.16,False
6142-VSJQO,1,Month-to-month,Bank transfer (automatic),44.35,44.35,Yes,0.5836335,Medium,52.06,False
3458-IDMFK,25,Two year,Mailed check,20.75,499.4,No,0.0077463393,Low,5.78,False
6933-FHBZC,26,One year,Mailed check,56.05,1553.2,No,0.088911004,Low,20.38,False
0221-NAUXK,10,One year,Bank transfer (automatic),19.95,219.5,No,0.04084297,Low,7.9,False
9770-KXGQU,53,One year,Mailed check,98.6,5311.85,No,0.0679465,Low,29.67,True
6437-UKHMV,7,Month-to-month,Electronic check,79.7,586.05,Yes,0.7089838,High,69.76,False
6538-POCHL,33,Month-to-month,Credit card (automatic),79.0,2576.8,No,0.3146802,Medium,41.99,False
6726-NNFWD,71,Two year,Credit card (automatic),89.45,6435.25,No,0.030026818,Low,24.7,False
3002-WQZWT,29,Month-to-month,Electronic check,74.2,1993.25,No,0.45238444,Medium,50.41,False
4277-UDIEF,24,Month-to-month,Bank transfer (automatic),81.0,1923.85,No,0.07816556,Low,25.93,False
1208-NBVFH,20,Month-to-month,Electronic check,49.6,939.8,No,0.29228103,Low,32.99,False
4912-PIGUY,1,Month-to-month,Electronic check,84.6,84.6,No,0.90663904,High,84.84,False
1114-CENIM,54,Month-to-month,Credit card (automatic),55.0,3092.65,Yes,0.20928182,Low,28.54,False
6060-DRTNL,5,Month-to-month,Mailed check,84.85,415.55,Yes,0.7332174,High,72.76,False
2725-TTRIQ,72,Two year,Bank transfer (automatic),84.2,5986.55,No,0.0072331675,Low,21.78,False
3374-TTZTK,52,Two year,Electronic check,106.3,5487.0,No,0.13710998,Low,36.45,True
8990-ZXLSU,9,Month-to-month,Electronic check,69.05,651.5,No,0.43343386,Medium,47.78,False
2275-RBYQS,1,Month-to-month,Mailed check,45.4,45.4,No,0.5744755,Medium,51.68,False
8473-VUVJN,1,Month-to-month,Electronic check,73.65,73.65,Yes,0.8852916,High,80.58,False
6289-CPNLD,33,One year,Mailed check,73.9,2405.05,Yes,0.22986324,Low,34.76,False
5536-SLHPM,55,Month-to-month,Electronic check,77.75,4458.15,Yes,0.43666586,Medium,50.21,False
4419-UJMUS,69,Two year,Electronic check,99.35,6856.45,No,0.13808934,Low,34.77,True
7794-JASDG,1,Month-to-month,Mailed check,50.75,50.75,No,0.46553013,Medium,45.41,False
7609-YBPXG,54,Two year,Bank transfer (automatic),87.1,4735.2,No,0.024065325,Low,23.69,False
5519-TEEUH,33,One year,Mailed check,20.15,682.15,No,0.018779272,Low,6.41,False
7856-GANIL,45,One year,Bank transfer (automatic),98.7,4525.8,No,0.12827528,Low,33.91,True
0804-XBFBV,11,Month-to-month,Electronic check,25.2,321.05,No,0.2753621,Low,25.64,False
2676-OXPPQ,6,Month-to-month,Bank transfer (automatic),55.7,335.65,No,0.19011039,Low,27.38,False
3703-TTEPD,21,Month-to-month,Bank transfer (automatic),65.35,1424.4,No,0.10771677,Low,24.05,False
2799-TSLAG,65,Two year,Bank transfer (automatic),25.3,1748.55,No,0.008484858,Low,6.99,False
0196-VULGZ,6,Month-to-month,Electronic check,84.35,474.9,Yes,0.83494455,High,79.76,False
8837-VVWLQ,8,Month-to-month,Electronic check,84.95,668.4,Yes,0.52386427,Medium,58.13,False
2696-NARTR,11,Month-to-month,Electronic check,73.85,926.25,Yes,0.49627125,Medium,53.4,False
2208-NKVVH,43,Two year,Mailed check,24.25,1077.95,No,0.014538606,Low,7.14,False
7614-QVWQL,49,One year,Bank transfer (automatic),51.8,2541.25,Yes,0.19826609,Low,26.96,False
1976-CFOCS,1,Month-to-month,Electronic check,46.0,46.0,Yes,0.6646405,High,58.15,False
4631-OACRM,15,Month-to-month,Electronic check,79.4,1156.1,Yes,0.65144664,High,65.66,False
7139-JZFVG,60,Two year,Bank transfer (automatic),60.5,3694.45,No,0.008804207,Low,15.9,False
4987-GQWPO,17,Month-to-month,Credit card (automatic),25.1,382.8,No,0.17295751,Low,18.45,False
3755-JBMNH,16,Month-to-month,Bank transfer (automatic),71.8,1167.8,Yes,0.49210507,Medium,52.59,False
1757-TCATG,35,One year,Bank transfer (automatic),20.05,746.75,No,0.01967016,Low,6.44,False
6345-ULYRW,44,One year,Mailed check,88.4,3912.9,Yes,0.16402395,Low,33.81,False
4776-XSKYQ,12,One year,Credit card (automatic),30.25,368.85,No,0.08951059,Low,13.91,False
8048-DSDFQ,1,Month-to-month,Mailed check,20.2,20.2,No,0.35319927,Medium,29.83,False
5753-QQWPW,28,One year,Electronic check,59.9,1654.7,No,0.055075582,Low,18.99,False
6010-DDPPW,70,Two year,Bank transfer (automatic),25.15,1940.85,No,0.0074318964,Low,6.87,False
1809-DMJHQ,5,Month-to-month,Mailed check,46.0,221.7,Yes,0.33667848,Medium,35.19,False
6693-FRIRW,18,Month-to-month,Credit card (automatic),101.3,1794.65,No,0.303307,Medium,46.82,True
6586-MYGKD,70,Two year,Credit card (automatic),76.95,5289.8,No,0.04540664,Low,22.62,False
3173-NVMPX,9,Month-to-month,Mailed check,55.3,501.2,No,0.25832233,Low,32.05,False
0248-PGHBZ,67,Two year,Bank transfer (automatic),92.45,6140.85,No,0.03151535,Low,25.56,True
0623-GDISB,1,Month-to-month,Bank transfer (automatic),48.45,48.45,No,0.46042702,Medium,44.47,False
2892-GESUL,18,Two year,Mailed check,19.35,309.25,No,0.027290955,Low,6.8,False
6923-EFPNL,4,Month-to-month,Credit card (automatic),51.75,201.1,Yes,0.43027467,Medium,43.19,False
7472-EQOAV,71,One year,Bank transfer (automatic),86.7,6179.35,No,0.019905299,Low,23.3,False
9574-RKJIF,30,Month-to-month,Electronic check,94.4,2838.7,Yes,0.43549004,Medium,54.33,True
2043-WVTQJ,1,Month-to-month,Mailed check,55.7,55.7,No,0.42972934,Medium,44.15,False
8034-RYTVV,55,One year,Credit card (automatic),84.25,4589.85,No,0.061858423,Low,25.61,False
3863-QSTYI,59,Month-to-month,Electronic check,64.65,3735.45,No,0.081365906,Low,22.03,False
2619-WFQWU,1,Month-to-month,Mailed check,70.15,70.15,Yes,0.7769435,High,72.11,False
5044-LRQAQ,7,Month-to-month,Bank transfer (automatic),69.2,477.55,No,0.51069313,Medium,53.23,False
1716-LSAMB,45,Two year,Bank transfer (automatic),54.65,2553.7,No,0.019783443,Low,15.19,False
1333-PBMXB,54,One year,Bank transfer (automatic),24.75,1342.15,No,0.032770593,Low,8.55,False
6546-OPBBH,51,One year,Mailed check,23.95,1216.35,No,0.026770387,Low,7.92,False
5985-BEHZK,72,One year,Credit card (automatic),105.0,7578.05,No,0.06062779,Low,30.77,True
9127-QRZMH,44,One year,Bank transfer (automatic),59.85,2603.95,No,0.05606983,Low,19.04,False
5919-VCZYM,2,Month-to-month,Mailed check,20.05,42.7,No,0.10513292,Low,12.42,False
9644-KVCNC,66,One year,Bank transfer (automatic),92.15,6056.9,No,0.10666147,Low,30.75,True
2137-DQMEV,68,One year,Mailed check,44.8,2983.65,No,0.023751568,Low,12.98,False
8174-LNWMW,31,Two year,Credit card (automatic),20.9,689.35,No,0.013901999,Low,6.25,False
9279-CJEOJ,21,Month-to-month,Bank transfer (automatic),95.4,2025.1,No,0.5672385,Medium,63.81,True
7964-VEXDG,21,Month-to-month,Electronic check,80.35,1747.2,No,0.29888207,Low,41.22,False
2404-JIBFC,55,Two year,Bank transfer (automatic),85.1,4657.95,No,0.021615343,Low,23.01,False
0778-NELLA,9,Month-to-month,Credit card (automatic),34.7,296.1,Yes,0.4341947,Medium,39.16,False
8029-XYPWT,71,Two year,Bank transfer (automatic),115.05,8016.6,No,0.023388099,Low,30.7,True
4614-NUVZD,1,Month-to-month,Electronic check,81.1,81.1,Yes,0.8558142,High,80.4,False
4632-PAOYU,22,One year,Mailed check,19.95,433.5,No,0.020026043,Low,6.44,False
3803-KMQFW,1,Month-to-month,Mailed check,20.55,20.55,Yes,0.396929,Medium,32.98,False
6804-GDMOI,61,Two year,Electronic check,106.6,6428.4,Yes,0.3185304,Medium,49.23,True
2990-OGYTD,67,Two year,Bank transfer (automatic),86.15,5883.85,No,0.023884054,Low,23.44,False
6646-JPPHA,14,Month-to-month,Electronic check,78.85,1043.8,No,0.36250004,Medium,45.3,False
9572-MTILT,59,Month-to-month,Electronic check,106.75,6252.9,Yes,0.3115109,Medium,48.77,True
7658-UYUQS,21,Month-to-month,Bank transfer (automatic),86.55,1857.25,No,0.274218,Low,41.06,False
7880-XSOJX,4,Month-to-month,Mailed check,42.4,146.4,No,0.18336955,Low,23.55,False
9611-CTWIH,3,Month-to-month,Electronic check,89.45,240.45,Yes,0.70808214,High,72.16,False
4589-IUAJB,70,Two year,Bank transfer (automatic),24.25,1724.15,No,0.007301133,Low,6.64,False
0329-GTIAJ,3,Month-to-month,Electronic check,97.9,315.3,Yes,0.7679412,High,78.49,True
8746-BFOAJ,21,One year,Bank transfer (automatic),20.5,429.55,No,0.03201146,Low,7.42,False
8457-XIGKN,20,Month-to-month,Credit card (automatic),19.6,356.15,No,0.09002223,Low,11.25,False
6072-NUQCB,22,One year,Bank transfer (automatic),20.25,488.25,No,0.027429827,Low,7.04,False
6629-CZTTH,1,Month-to-month,Mailed check,55.7,55.7,Yes,0.65481645,High,59.91,False
8838-GPHZP,63,Two year,Mailed check,20.6,1298.7,No,0.008452406,Low,5.8,False
8750-QWZAJ,70,Two year,Bank transfer (automatic),19.8,1378.75,No,0.009683102,Low,5.68,False
5364-EVNIB,13,Month-to-month,Electronic check,79.8,973.45,Yes,0.5578086,Medium,59.21,False
6918-UMQCG,5,Month-to-month,Electronic check,80.2,384.25,No,0.629012,High,64.29,False
0675-NCDYU,72,Two year,Credit card (automatic),116.4,8543.25,No,0.011459087,Low,30.21,True
6339-DKLMK,13,Month-to-month,Electronic check,31.65,389.95,No,0.41975206,Medium,37.38,False
1346-PJWTK,61,Month-to-month,Credit card (automatic),94.15,5731.85,No,0.07457514,Low,29.01,True
5088-QZLRL,1,Month-to-month,Electronic check,20.65,20.65,No,0.29132333,Low,25.61,False
8023-QHAIO,56,Month-to-month,Bank transfer (automatic),76.85,4275.75,No,0.15193014,Low,30.05,False
4397-FRLTA,4,Month-to-month,Mailed check,20.15,84.5,No,0.09501075,Low,11.74,False
3057-VJJQE,35,Two year,Mailed check,55.25,1924.1,No,0.01803295,Low,15.22,False
5087-SUURX,18,Month-to-month,Electronic check,39.05,669.85,Yes,0.6160527,High,52.99,False
2302-OUZXB,72,Two year,Bank transfer (automatic),82.15,5784.3,No,0.027343955,Low,22.67,False
8133-ANHHJ,49,One year,Bank transfer (automatic),103.0,5166.2,No,0.13927726,Low,35.77,True
2270-CHBFN,44,Month-to-month,Credit card (automatic),95.1,4060.55,No,0.14092538,Low,33.89,True
0013-EXCHZ,3,Month-to-month,Mailed check,83.9,267.4,Yes,0.72470295,High,71.92,False
5982-FPVQN,37,Month-to-month,Electronic check,95.15,3532.85,No,0.3512131,Medium,48.62,True
9107-UKCKY,61,One year,Electronic check,79.8,4914.8,No,0.15809754,Low,31.23,False
4654-ULTTN,70,Two year,Credit card (automatic),74.8,5315.8,No,0.053868856,Low,22.67,False
5550-VFRLC,1,Month-to-month,Electronic check,69.85,69.85,Yes,0.8543255,High,77.45,False
5546-BYZSM,41,Month-to-month,Electronic check,20.45,775.6,No,0.04399557,Low,8.25,False
1492-KGETH,70,One year,Bank transfer (automatic),78.35,5445.95,No,0.0953958,Low,26.47,False
4929-BSTRX,1,Month-to-month,Mailed check,53.55,53.55,Yes,0.6533809,High,59.27,False
4163-HFTUK,51,One year,Electronic check,19.1,1007.8,No,0.009965922,Low,5.52,False
8215-NGSPE,42,Two year,Mailed check,20.0,833.55,No,0.0075326753,Low,5.58,False
2225-ZRGSG,70,Two year,Bank transfer (automatic),93.9,6579.05,Yes,0.03144508,Low,25.92,True
8859-YSTWS,48,One year,Bank transfer (automatic),19.95,1004.5,No,0.02164948,Low,6.56,False
5271-YNWVR,68,Two year,Electronic check,113.15,7856.0,Yes,0.057954162,Low,32.64,True
7601-DHFWZ,48,Two year,Credit card (automatic),24.0,1183.05,No,0.017155366,Low,7.26,False
2657-ALMWY,26,Month-to-month,Electronic check,84.95,2169.75,Yes,0.37378085,Medium,47.63,False
6330-JKLPC,11,Month-to-month,Bank transfer (automatic),80.5,896.9,Yes,0.5845677,Medium,61.26,False
4667-OHGKG,1,Month-to-month,Mailed check,19.3,19.3,Yes,0.37944108,Medium,31.44,False
1998-VHJHK,27,One year,Mailed check,19.15,501.35,No,0.0071887355,Low,5.34,False
1707-HABPF,46,One year,Bank transfer (automatic),91.3,4126.35,No,0.09063648,Low,29.41,True
1660-HSOOQ,1,Month-to-month,Mailed check,49.65,49.65,Yes,0.6016714,High,54.66,False
7253-UVNDW,46,Two year,Credit card (automatic),54.35,2460.15,Yes,0.046430282,Low,16.98,False
0487-VVUVK,25,Month-to-month,Mailed check,19.15,477.6,No,0.027137646,Low,6.74,False
7228-OMTPN,4,Month-to-month,Electronic check,88.45,370.65,Yes,0.7265477,High,73.2,False
5063-IUOKK,13,Two year,Mailed check,19.75,265.75,No,0.020715103,Low,6.44,False
4508-OEBEY,31,One year,Credit card (automatic),75.5,2424.45,No,0.08452671,Low,24.99,False
0027-KWYKW,23,Month-to-month,Electronic check,83.75,1849.95,No,0.5468989,Medium,59.44,False
2308-STERM,2,Month-to-month,Mailed check,19.4,61.05,No,0.13570729,Low,14.4,False
5982-XMDEX,65,Two year,Bank transfer (automatic),26.5,1698.55,No,0.0075505245,Low,7.22,False
6284-AHOOQ,22,Month-to-month,Bank transfer (automatic),90.5,1910.6,Yes,0.35229158,Medium,47.52,True
6051-PTVNS,55,One year,Credit card (automatic),19.15,998.1,No,0.007357317,Low,5.35,False
2344-JMOGN,9,Month-to-month,Mailed check,94.85,890.6,Yes,0.5816175,Medium,64.68,True
3799-ISUZQ,7,Month-to-month,Bank transfer (automatic),69.95,529.5,Yes,0.50106657,Medium,52.75,False
2877-VDUER,35,One year,Mailed check,40.9,1383.6,No,0.049271386,Low,13.78,False
9152-AMKAK,6,Two year,Mailed check,80.25,493.4,No,0.02186305,Low,21.8,False
1794-HBQTJ,1,Month-to-month,Credit card (automatic),48.6,48.6,Yes,0.4844535,Medium,46.19,False
9432-VOFYX,17,Month-to-month,Electronic check,70.8,1207.0,No,0.4804232,Medium,51.52,False
8049-WJCLQ,10,Month-to-month,Mailed check,60.2,563.5,No,0.2026144,Low,29.39,False
6586-PSJOX,15,One year,Credit card (automatic),55.2,864.55,No,0.091989934,Low,20.38,False
2460-FPSYH,40,Month-to-month,Electronic check,55.8,2109.35,Yes,0.34431624,Medium,38.2,False
9705-ZJBCG,13,One year,Bank transfer (automatic),54.15,701.05,No,0.05225893,Low,17.34,False
4818-DRBQT,29,Month-to-month,Bank transfer (automatic),80.15,2265.25,Yes,0.39979717,Medium,48.23,False
1320-HTRDR,3,Month-to-month,Electronic check,75.5,220.6,Yes,0.75041485,High,71.6,False
6847-KJLTS,58,Month-to-month,Bank transfer (automatic),100.4,5749.8,No,0.31848055,Medium,47.66,True
9670-BPNXF,45,One year,Credit card (automatic),62.55,2796.45,No,0.06461865,Low,20.33,False
3913-FCUUW,72,Two year,Bank transfer (automatic),70.45,5165.7,No,0.0065223696,Low,18.25,False
3301-VKTGC,68,One year,Bank transfer (automatic),85.5,5696.6,No,0.05622405,Low,25.54,False
1493-AMTIE,1,Month-to-month,Bank transfer (automatic),20.2,20.2,Yes,0.3592944,Medium,30.25,False
9555-SAHUZ,38,Month-to-month,Electronic check,54.5,2076.05,No,0.11188835,Low,21.6,False
0816-TSPHQ,2,Month-to-month,Mailed check,20.75,44.2,No,0.10371327,Low,12.5,False
9932-WBWIK,11,Month-to-month,Mailed check,20.35,215.25,No,0.076316856,Low,10.48,False
4619-EVPHY,20,One year,Bank transfer (automatic),91.0,1859.5,No,0.20483088,Low,37.33,True
5286-YHCVC,72,Two year,Bank transfer (automatic),104.8,7470.1,No,0.107332304,Low,33.99,True
6424-ELEYH,3,Month-to-month,Credit card (automatic),74.75,229.5,Yes,0.7134813,High,68.83,False
4391-RESHN,23,Month-to-month,Mailed check,104.05,2470.1,Yes,0.53203714,Medium,63.53,True
9115-YQHGA,40,Month-to-month,Electronic check,51.1,2092.9,No,0.13937739,Low,22.67,False
4462-CYWMH,62,Month-to-month,Bank transfer (automatic),89.8,5629.55,No,0.17360187,Low,34.84,False
8963-MQVYN,22,Month-to-month,Electronic check,20.55,469.85,No,0.085195065,Low,11.16,False
2458-EOMRE,11,Month-to-month,Bank transfer (automatic),64.05,733.95,No,0.14318517,Low,26.2,False
9334-GWGOW,7,Month-to-month,Electronic check,74.85,485.25,No,0.7532912,High,71.64,False
6821-BUXUX,13,Month-to-month,Electronic check,96.65,1244.5,Yes,0.71561915,High,74.51,True
5028-HTLJB,1,Month-to-month,Mailed check,20.05,20.05,Yes,0.6018226,High,47.19,False
9801-GDWGV,39,Month-to-month,Electronic check,103.45,3994.45,Yes,0.53124446,Medium,63.32,True
6542-LWGXJ,3,Month-to-month,Mailed check,25.0,78.25,No,0.43517432,Medium,36.78,False
5567-GZKQY,58,Two year,Credit card (automatic),20.3,1131.5,No,0.021688519,Low,6.65,False
1222-LRYKO,6,Month-to-month,Mailed check,26.35,184.05,No,0.09660766,Low,13.42,False
2320-JRSDE,1,Month-to-month,Electronic check,19.9,19.9,Yes,0.5912282,Medium,46.41,False
2087-QAREY,22,Month-to-month,Mailed check,54.7,1178.75,No,0.23296511,Low,30.13,False
0601-WZHJF,14,Month-to-month,Electronic check,46.35,667.7,Yes,0.54309875,Medium,49.73,False
4423-JWZJN,64,One year,Credit card (automatic),90.25,5629.15,No,0.08455118,Low,28.72,True
5143-WMWOG,1,Month-to-month,Electronic check,19.95,19.95,Yes,0.40736687,Medium,33.56,False
6490-FGZAT,6,Month-to-month,Mailed check,20.65,109.3,No,0.07677607,Low,10.59,False
5393-RXQSZ,1,Month-to-month,Electronic check,79.6,79.6,Yes,0.849341,High,79.56,False
7452-FOLON,39,One year,Bank transfer (automatic),25.45,958.45,No,0.02781994,Low,8.38,False
2320-TZRRH,20,One year,Mailed check,19.5,403.15,No,0.02683864,Low,6.81,False
0231-LXVAP,1,Month-to-month,Electronic check,75.9,75.9,Yes,0.72710806,High,70.07,False
9444-JTXHZ,1,Month-to-month,Electronic check,76.2,76.2,Yes,0.8098017,High,75.94,False
4942-VZZOM,64,One year,Credit card (automatic),66.15,4392.5,No,0.035574038,Low,19.2,False
5510-BOIUJ,1,Month-to-month,Mailed check,19.25,19.25,Yes,0.20539355,Low,19.24,False
7502-BNYGS,46,Month-to-month,Credit card (automatic),69.1,3168.0,No,0.19945483,Low,31.42,False
4291-HYEBC,28,One year,Electronic check,39.1,1096.6,No,0.21384999,Low,24.85,False
6147-CBCRA,33,Month-to-month,Mailed check,20.05,669.45,No,0.060105238,Low,9.27,False
6047-SUHPR,39,One year,Electronic check,59.8,2343.85,No,0.09980135,Low,22.09,False
4471-KXAUH,42,Month-to-month,Electronic check,84.3,3588.4,Yes,0.45777515,Medium,53.34,False
9752-ZNQUT,1,Month-to-month,Electronic check,48.6,48.6,No,0.6325229,High,56.55,False
7638-QVMVY,7,Month-to-month,Electronic check,79.0,522.95,Yes,0.6976117,High,68.79,False
1576-PFZIW,70,Two year,Credit card (automatic),105.35,7511.9,No,0.1120528,Low,34.46,True
5666-MBJPT,65,Two year,Bank transfer (automatic),25.1,1725.0,No,0.009882962,Low,7.03,False
7312-XSBAT,1,Month-to-month,Electronic check,49.75,49.75,No,0.36059472,Medium,37.81,False
3096-GKWEB,18,Month-to-month,Electronic check,94.75,1691.9,No,0.636701,High,68.51,True
2371-JQHZZ,24,Month-to-month,Electronic check,93.0,2248.05,No,0.631275,High,67.68,True
0674-GCDXG,63,Two year,Bank transfer (automatic),71.9,4479.2,No,0.021682879,Low,19.68,False
1121-QSIVB,44,One year,Mailed check,77.55,3471.1,No,0.12749769,Low,28.52,False
4396-KLSEH,4,Month-to-month,Electronic check,19.85,63.0,No,0.20885982,Low,19.63,False
3244-DCJWY,1,Month-to-month,Electronic check,70.25,70.25,Yes,0.80148417,High,73.85,False
2824-MYYBN,37,Month-to-month,Electronic check,95.25,3314.15,No,0.46185958,Medium,56.39,True
0875-CABNR,10,Month-to-month,Credit card (automatic),84.6,865.55,Yes,0.65723044,High,67.38,False
6345-HOVES,34,Month-to-month,Bank transfer (automatic),25.05,852.7,No,0.24026176,Low,23.15,False
8318-LCNBW,35,One year,Credit card (automatic),53.15,1930.9,No,0.070845746,Low,18.39,False
6469-QJKZW,4,Month-to-month,Electronic check,20.15,91.4,No,0.12388561,Low,13.76,False
0147-ESWWR,39,Month-to-month,Electronic check,101.25,3949.15,No,0.52827877,Medium,62.56,True
1217-VASWC,43,One year,Bank transfer (automatic),100.55,4304.0,No,0.3674778,Medium,51.13,True
7812-FZHPE,17,Month-to-month,Mailed check,24.1,409.9,Yes,0.114381656,Low,14.1,False
6370-ZVHDV,61,Two year,Bank transfer (automatic),25.3,1554.9,No,0.008815212,Low,7.01,False
5915-DGNVC,49,One year,Electronic check,71.8,3472.05,No,0.0808432,Low,23.8,False
6260-XLACS,4,One year,Mailed check,19.7,117.8,No,0.034258064,Low,7.37,False
3566-CAAYU,64,Two year,Electronic check,49.85,3210.35,No,0.05254857,Low,16.27,False
4983-CCWMC,3,Month-to-month,Mailed check,69.6,207.4,No,0.5588915,Medium,56.71,False
9103-CXVOK,1,Month-to-month,Electronic check,19.75,19.75,No,0.32347998,Medium,27.63,False
2896-TBNBE,40,One year,Electronic check,80.8,3132.75,No,0.11860933,Low,28.72,False
4797-AXPXK,1,Month-to-month,Electronic check,60.0,60.0,Yes,0.35616943,Medium,40.09,False
5229-PRWKT,8,Month-to-month,Electronic check,86.55,649.65,Yes,0.7814627,High,76.57,False
6982-UQZLY,1,Month-to-month,Mailed check,20.85,20.85,Yes,0.681,High,52.94,False
2522-WLNSF,34,One year,Bank transfer (automatic),64.2,2106.3,No,0.052062236,Low,19.86,False
3841-CONLJ,1,Month-to-month,Electronic check,35.0,35.0,No,0.6608379,High,55.1,False
5057-LCOUI,39,Month-to-month,Electronic check,50.75,2011.4,Yes,0.3369564,Medium,36.41,False
0193-ESZXP,58,One year,Credit card (automatic),105.5,6205.5,Yes,0.3439299,Medium,50.73,True
4475-NVTLU,45,Two year,Electronic check,19.2,903.7,No,0.006227171,Low,5.29,False
4369-HTUIF,6,Month-to-month,Bank transfer (automatic),85.15,503.6,Yes,0.60039127,High,63.54,False
9386-LDCZR,43,One year,Credit card (automatic),90.65,3882.3,No,0.04170464,Low,25.82,True
9585-KKMFD,41,Two year,Mailed check,20.0,879.8,No,0.008240788,Low,5.63,False
5399-ZIMKF,5,Month-to-month,Electronic check,74.65,383.65,No,0.5963881,Medium,60.61,False
0336-KXKFK,72,Two year,Credit card (automatic),61.2,4390.25,No,0.006575481,Low,15.92,False
5619-XZZKR,4,One year,Mailed check,19.95,68.2,No,0.030898362,Low,7.2,False
3948-FVVRP,9,Month-to-month,Mailed check,54.8,452.8,No,0.14816362,Low,24.22,False
5327-XOKKY,72,Two year,Credit card (automatic),73.45,5329.0,No,0.06913768,Low,23.4,False
0983-TATYJ,33,One year,Mailed check,51.45,1758.9,No,0.06191122,Low,17.33,False
1813-JYWTO,72,Two year,Bank transfer (automatic),80.45,5737.6,No,0.009079647,Low,20.96,False
0156-FVPTA,22,Month-to-month,Electronic check,54.2,1152.7,Yes,0.2649892,Low,32.24,False
1984-FCOWB,70,One year,Electronic check,109.5,7674.55,Yes,0.40327647,Medium,55.89,True
0654-HMSHN,21,Month-to-month,Electronic check,104.4,2157.95,Yes,0.5545734,Medium,65.19,True
6719-OXYBR,15,Month-to-month,Electronic check,85.3,1219.85,No,0.43376875,Medium,51.91,False
3312-ZWLGF,29,Month-to-month,Electronic check,79.3,2414.55,No,0.5221583,Medium,56.58,False
6476-YHMGA,15,Month-to-month,Bank transfer (automatic),76.5,1155.6,No,0.15560941,Low,30.22,False
5287-QWLKY,71,Month-to-month,Credit card (automatic),105.1,7548.1,Yes,0.29585186,Low,47.26,True
0795-XCCTE,72,Two year,Bank transfer (automatic),25.4,1809.35,No,0.0064178444,Low,6.87,False
0168-XZKBB,19,Month-to-month,Electronic check,86.85,1564.4,No,0.6300386,High,66.04,False
3785-NRHYR,1,Month-to-month,Mailed check,19.65,19.65,No,0.33770224,Medium,28.6,False
5196-SGOAK,1,Month-to-month,Electronic check,75.7,75.7,Yes,0.87240076,High,80.19,False
4537-DKTAL,2,Month-to-month,Electronic check,45.55,84.4,No,0.4876347,Medium,45.64,False
7072-MBHEV,11,Month-to-month,Credit card (automatic),78.1,864.85,No,0.50147486,Medium,54.83,False
5602-BVFMK,12,One year,Mailed check,19.3,228.75,No,0.022799848,Low,6.47,False
6297-NOOPG,70,Two year,Electronic check,110.5,7752.05,No,0.094611384,Low,34.54,True
1891-UAWWU,20,Month-to-month,Electronic check,90.8,1951.0,Yes,0.5216568,Medium,59.45,True
8204-TIFGJ,23,Month-to-month,Bank transfer (automatic),20.3,470.6,No,0.053818665,Low,8.9,False
8050-DVOJX,49,Two year,Credit card (automatic),81.35,4060.9,No,0.030831708,Low,22.71,False
6108-OQZDQ,4,Month-to-month,Electronic check,97.95,384.5,Yes,0.8713612,High,85.74,True
0363-QJVFX,32,Month-to-month,Credit card (automatic),108.15,3432.9,Yes,0.2007802,Low,41.38,True
8903-XEBGX,2,Month-to-month,Electronic check,55.3,108.65,No,0.63221186,High,58.23,False
8169-SAEJD,69,Two year,Credit card (automatic),56.55,3952.65,No,0.029483734,Low,16.35,False
9840-DVNDC,6,Month-to-month,Credit card (automatic),80.5,463.05,Yes,0.6525912,High,66.02,False
1089-XZWHH,24,Two year,Mailed check,19.7,494.05,No,0.012923471,Low,5.88,False
2325-WINES,32,One year,Credit card (automatic),104.05,3416.85,No,0.27676892,Low,45.66,True
6064-ZATLR,27,Two year,Bank transfer (automatic),52.85,1498.65,No,0.015563275,Low,14.44,False
3096-JRDSO,27,Month-to-month,Bank transfer (automatic),104.3,2867.75,Yes,0.5164151,Medium,62.5,True
7824-PANSQ,58,Month-to-month,Bank transfer (automatic),80.65,4807.35,No,0.13701433,Low,29.97,False
8042-JVNFH,1,Month-to-month,Mailed check,71.35,71.35,Yes,0.78333235,High,72.86,False
9648-BCHKM,18,Two year,Credit card (automatic),24.65,471.35,No,0.016500251,Low,7.38,False
2888-ADFAO,47,Two year,Bank transfer (automatic),21.3,1041.8,No,0.01201096,Low,6.22,False
8707-HOEDG,70,Two year,Electronic check,110.2,7689.8,No,0.097785234,Low,34.68,True
3374-LXDEV,13,Month-to-month,Electronic check,89.4,1132.35,Yes,0.5348618,Medium,60.03,False
4072-IPYLT,36,Month-to-month,Credit card (automatic),51.05,1815.0,No,0.07054379,Low,17.83,False
7167-PCEYD,67,Two year,Mailed check,19.8,1311.3,No,0.010089753,Low,5.71,False
4936-YPJNK,10,Month-to-month,Mailed check,19.9,199.45,No,0.11022338,Low,12.74,False
1580-BMCMR,19,Month-to-month,Electronic check,87.3,1637.3,No,0.37922287,Medium,48.6,False
4817-KEQSP,71,Two year,Bank transfer (automatic),19.85,1326.35,No,0.0072937994,Low,5.53,False
6408-WHTEF,72,Two year,Mailed check,89.4,6376.55,No,0.0043696514,Low,22.89,False
9251-AWQGT,48,Two year,Mailed check,20.0,935.9,No,0.0077695483,Low,5.6,False
8749-CLJXC,1,Month-to-month,Mailed check,20.05,20.05,No,0.3918267,Medium,32.49,False
7989-VCQOH,18,Month-to-month,Electronic check,83.25,1611.15,No,0.16327079,Low,32.46,False
5049-GLYVG,1,Month-to-month,Mailed check,20.6,20.6,Yes,0.33206078,Medium,28.45,False
4199-QHJNM,67,Two year,Bank transfer (automatic),102.9,6989.7,No,0.087914474,Low,32.15,True
8882-TLVRW,69,Two year,Mailed check,39.1,2779.5,No,0.008908684,Low,10.5,False
5883-GTGVD,19,Month-to-month,Electronic check,99.95,1931.75,Yes,0.7428737,High,77.25,True
5135-GRQJV,72,Two year,Mailed check,114.5,8331.95,No,0.022605268,Low,30.51,True
2384-OVPSA,38,Two year,Mailed check,20.2,735.9,No,0.013771512,Low,6.07,False
1371-WEPDS,40,One year,Electronic check,55.8,2283.3,No,0.1809583,Low,26.76,False
3580-GICBM,61,Two year,Mailed check,24.2,1445.2,No,0.009580783,Low,6.78,False
4817-QRJSX,10,Month-to-month,Credit card (automatic),81.0,818.05,Yes,0.6456264,High,65.66,False
9730-DRTMJ,32,One year,Credit card (automatic),72.8,2333.05,No,0.061759833,Low,22.71,False
4686-UXDML,21,Month-to-month,Credit card (automatic),99.85,1992.55,No,0.6241879,High,68.92,True
3349-ANQNH,59,One year,Electronic check,99.5,5890.0,No,0.29117414,Low,45.52,True
2398-YPMUR,13,Month-to-month,Electronic check,70.15,916.75,Yes,0.5195873,Medium,54.09,False
0932-YIXYU,47,Two year,Credit card (automatic),20.25,1029.8,No,0.009823689,Low,5.8,False
7480-SPLEF,69,Two year,Bank transfer (automatic),26.0,1796.55,No,0.007044707,Low,7.06,False
7636-XUHWW,2,Month-to-month,Credit card (automatic),19.9,33.7,No,0.13601482,Low,14.55,False
1431-CYWMH,22,Month-to-month,Bank transfer (automatic),19.05,454.05,No,0.034318432,Low,7.21,False
5937-EORGB,15,Month-to-month,Electronic check,96.5,1392.25,No,0.70781595,High,73.93,True
6349-JDHQP,53,Two year,Credit card (automatic),19.85,1049.6,No,0.021955052,Low,6.55,False
5539-HIVAK,28,Month-to-month,Mailed check,25.7,734.6,No,0.10319575,Low,13.72,False
5847-MXBEO,22,One year,Mailed check,20.3,475.1,No,0.017578546,Low,6.36,False
9985-MWVIX,1,Month-to-month,Mailed check,70.15,70.15,Yes,0.7769435,High,72.11,False
4583-PARNH,16,Month-to-month,Electronic check,91.55,1540.05,No,0.4780421,Medium,56.59,True
1116-FRYVH,48,Two year,Mailed check,39.4,1978.65,No,0.012623606,Low,10.84,False
1421-HCERK,30,Month-to-month,Bank transfer (automatic),105.7,3181.8,No,0.24863212,Low,44.11,True
9633-XQABV,3,Month-to-month,Electronic check,70.25,229.7,No,0.59097093,Medium,59.12,False
0716-BQNDX,57,Two year,Electronic check,93.75,5625.55,No,0.082592174,Low,29.47,True
1265-XTECC,68,One year,Credit card (automatic),96.55,6581.9,Yes,0.13509145,Low,33.85,True
1183-CANVH,23,One year,Bank transfer (automatic),60.0,1347.15,No,0.05901103,Low,19.29,False
1972-XMUWV,65,Two year,Credit card (automatic),59.8,3808.2,No,0.015831023,Low,16.22,False
8679-LZBMD,44,One year,Bank transfer (automatic),90.65,3974.15,No,0.1256198,Low,31.69,True
3407-JMJQQ,71,Two year,Bank transfer (automatic),109.0,7661.8,No,0.08255263,Low,33.32,True
6252-DFGTK,37,One year,Credit card (automatic),68.1,2479.25,No,0.052520547,Low,20.88,False
1539-LNKHM,12,Month-to-month,Mailed check,20.4,266.6,No,0.069650784,Low,10.03,False
8645-KOMJQ,69,Two year,Bank transfer (automatic),81.95,5601.4,No,0.029029064,Low,22.74,False
0289-IVARM,35,Month-to-month,Electronic check,60.55,1982.6,No,0.09349317,Low,21.84,False
9761-XUJWD,5,Month-to-month,Bank transfer (automatic),65.6,339.9,No,0.18744844,Low,29.69,False
4057-FKCZK,58,Two year,Bank transfer (automatic),82.5,4828.05,No,0.060434707,Low,25.07,False
4291-TPNFG,72,Two year,Bank transfer (automatic),82.3,5980.55,No,0.0050639487,Low,21.15,False
6087-YPWHO,72,Two year,Mailed check,68.15,4808.7,No,0.004434696,Low,17.53,False
3090-QFUVD,1,Month-to-month,Credit card (automatic),20.3,20.3,No,0.24257292,Low,22.11,False
2237-ZFSMY,39,One year,Electronic check,95.55,3692.85,Yes,0.14748535,Low,34.46,True
1722-LDZJS,53,One year,Credit card (automatic),20.2,1068.15,No,0.023526594,Low,6.75,False
1818-ESQMW,27,Month-to-month,Electronic check,89.2,2383.6,No,0.349427,Medium,46.99,False
4871-JTKJF,1,Month-to-month,Electronic check,69.65,69.65,Yes,0.8816349,High,79.31,False
1415-YFWLT,1,Month-to-month,Electronic check,89.3,89.3,Yes,0.8636912,High,83.02,False
7401-RUBNK,18,Month-to-month,Electronic check,74.8,1438.05,No,0.31216696,Medium,40.75,False
0506-YLVKJ,46,Two year,Mailed check,20.2,917.45,No,0.0068334267,Low,5.58,False
8661-BOYNW,72,Two year,Credit card (automatic),84.4,6096.45,No,0.0065003517,Low,21.78,False
6711-VTNRE,36,Month-to-month,Electronic check,87.55,3078.1,Yes,0.33895147,Medium,45.84,False
4815-GBTCD,4,Month-to-month,Electronic check,25.15,99.95,No,0.60819066,High,48.93,False
2805-AUFQN,25,Two year,Credit card (automatic),19.8,475.2,No,0.012169494,Low,5.85,False
0980-PVMRC,40,Month-to-month,Electronic check,50.85,2036.55,No,0.22565073,Low,28.64,False
7233-DRTRF,63,Month-to-month,Electronic check,102.4,6444.05,No,0.3785189,Medium,52.37,True
3500-RMZLT,15,Month-to-month,Mailed check,96.3,1426.75,Yes,0.54541904,Medium,62.51,True
3873-NFTGI,14,Month-to-month,Credit card (automatic),55.5,767.55,No,0.24662541,Low,31.28,False
1162-ECVII,72,Two year,Bank transfer (automatic),109.75,7932.5,No,0.052629992,Low,31.41,True
7048-GXDAY,39,Month-to-month,Electronic check,106.4,4040.65,No,0.42953813,Medium,56.95,True
8571-ZCMCX,47,Two year,Credit card (automatic),60.0,2768.65,No,0.034672096,Low,17.58,False
1169-WCVAK,19,Month-to-month,Credit card (automatic),88.8,1672.35,No,0.1962399,Low,36.17,False
4548-SDBKE,5,Month-to-month,Electronic check,85.2,474.8,Yes,0.82805324,High,79.49,False
8066-POXGX,13,Month-to-month,Electronic check,35.1,446.1,Yes,0.4871931,Medium,42.97,False
7129-CAKJW,17,Month-to-month,Bank transfer (automatic),80.05,1345.65,No,0.24775729,Low,37.57,False
8695-ARGXZ,34,Month-to-month,Electronic check,75.55,2425.4,No,0.5230399,Medium,55.7,False
3570-YUEKJ,42,Month-to-month,Electronic check,49.55,2077.95,No,0.21854945,Low,27.82,False
4143-OOBWZ,5,Month-to-month,Electronic check,81.3,416.3,Yes,0.7689928,High,74.37,False
1555-HAPSU,71,Two year,Credit card (automatic),23.9,1663.5,No,0.0046210513,Low,6.36,False
1697-NVVGY,19,Month-to-month,Bank transfer (automatic),66.4,1286.05,No,0.12328033,Low,25.4,False
7854-EKTJL,2,Month-to-month,Electronic check,19.6,35.85,Yes,0.20218015,Low,19.1,False
8464-EETCQ,57,Two year,Credit card (automatic),18.8,1094.35,No,0.014055252,Low,5.73,False
2419-FSORS,72,Two year,Electronic check,108.4,7719.5,No,0.11649814,Low,35.54,True
8132-YPVBX,6,Month-to-month,Mailed check,85.95,514.6,No,0.6983942,High,70.6,False
9102-IAYHT,17,Month-to-month,Electronic check,85.45,1451.6,Yes,0.6371489,High,66.19,False
6754-LZUKA,61,Two year,Bank transfer (automatic),80.9,4932.5,No,0.031987645,Low,22.68,False
3422-LYEPQ,1,Month-to-month,Electronic check,71.0,71.0,Yes,0.7882204,High,73.11,False
8099-MZPUJ,48,Two year,Credit card (automatic),111.8,5443.65,No,0.09040101,Low,34.57,True
0787-LHDYT,16,Month-to-month,Credit card (automatic),20.6,330.25,No,0.0808078,Low,10.86,False
2642-DTVCO,9,Month-to-month,Electronic check,85.05,746.5,Yes,0.77723384,High,75.89,False
0374-IOEGQ,3,Month-to-month,Electronic check,44.6,122.7,No,0.35547873,Medium,36.15,False
4361-JEIVL,1,Month-to-month,Electronic check,44.4,44.4,Yes,0.5802665,Medium,51.84,False
3197-NNYNB,65,Two year,Credit card (automatic),105.1,6631.85,No,0.10618961,Low,33.98,True
3396-DKDEL,70,Two year,Credit card (automatic),115.15,8250.0,No,0.032890394,Low,31.39,True
1752-OZXFY,60,One year,Mailed check,59.8,3561.15,No,0.023315253,Low,16.74,False
9066-QRSDU,69,One year,Electronic check,26.3,1763.55,No,0.027261121,Low,8.55,False
9112-WSNPU,35,Month-to-month,Electronic check,70.55,2419.0,No,0.41004303,Medium,46.53,False
9867-NNXLC,22,Month-to-month,Mailed check,20.05,470.2,No,0.06861405,Low,9.87,False
5321-NTRKC,66,Two year,Bank transfer (automatic),79.85,5234.95,No,0.083955325,Low,26.05,False
1363-TXLSL,1,Month-to-month,Electronic check,70.3,70.3,Yes,0.8065226,High,74.22,False
9507-EXLTT,1,Month-to-month,Bank transfer (automatic),79.35,79.35,Yes,0.8697462,High,80.93,False
3161-GETRM,34,Month-to-month,Credit card (automatic),90.05,3097.0,No,0.3028849,Medium,43.95,True
0402-OAMEN,72,Two year,Bank transfer (automatic),24.45,1709.1,No,0.0042384043,Low,6.47,False
6933-VLYFX,31,One year,Electronic check,59.95,1848.8,No,0.06427814,Low,19.64,False
6754-WKSHP,30,One year,Bank transfer (automatic),25.35,723.3,No,0.034640193,Low,8.83,False
9846-GKXAS,9,Month-to-month,Bank transfer (automatic),90.8,809.75,Yes,0.7011999,High,72.02,True
6017-PPLPX,20,Month-to-month,Electronic check,70.45,1470.95,Yes,0.45229644,Medium,49.46,False
4976-LNFVV,19,Month-to-month,Credit card (automatic),34.3,577.15,No,0.35301387,Medium,33.38,False
5055-MGMGF,65,Month-to-month,Electronic check,105.05,6914.95,No,0.321995,Medium,49.08,True
4641-FROLU,30,Two year,Mailed check,19.3,602.9,No,0.0099514695,Low,5.57,False
2862-JVEOY,6,One year,Mailed check,19.15,124.4,No,0.01281395,Low,5.73,False
2969-QWUBZ,2,Month-to-month,Electronic check,51.4,96.8,No,0.54273087,Medium,50.98,False
9822-BIIGN,53,Month-to-month,Electronic check,71.85,3827.9,No,0.08814155,Low,24.32,False
2077-MPJQO,7,Month-to-month,Electronic check,75.4,533.05,No,0.7048946,High,68.39,False
1534-OULXE,61,One year,Bank transfer (automatic),49.7,2961.4,No,0.029046243,Low,14.59,False
7136-RVDTZ,70,One year,Electronic check,45.25,3264.45,Yes,0.35739657,Medium,36.45,False
2971-SGAFL,13,Month-to-month,Electronic check,78.75,995.35,No,0.37712193,Medium,46.29,False
1480-IVEVR,35,One year,Bank transfer (automatic),81.6,2815.25,No,0.11809945,Low,28.88,False
2905-KFQUV,2,Month-to-month,Credit card (automatic),70.4,154.8,No,0.6062036,High,60.22,False
4581-SSPWD,3,Month-to-month,Electronic check,75.8,246.3,Yes,0.73988974,High,70.94,False
3370-HXOPH,3,Month-to-month,Electronic check,76.1,257.6,No,0.62644106,High,63.08,False
9391-YZEJW,62,One year,Bank transfer (automatic),94.0,5757.2,No,0.18315615,Low,36.57,True
9958-MEKUC,72,Two year,Credit card (automatic),103.95,7517.7,No,0.015223874,Low,27.33,True
0281-CNTZX,63,Two year,Bank transfer (automatic),19.95,1234.8,No,0.011529677,Low,5.85,False
6927-WTFIV,20,Month-to-month,Credit card (automatic),71.3,1389.2,Yes,0.22772714,Low,33.95,False
4118-CEVPF,35,One year,Bank transfer (automatic),110.8,3836.3,No,0.15196979,Low,38.63,True
3398-ZOUAA,21,Month-to-month,Electronic check,69.1,1474.75,Yes,0.4609766,Medium,49.73,False
9114-VEPUF,62,One year,Electronic check,96.1,6001.45,No,0.085887276,Low,30.29,True
7876-BEUTG,15,Month-to-month,Mailed check,48.8,720.1,No,0.3048324,Medium,33.67,False
2338-BQEZT,55,Month-to-month,Credit card (automatic),50.55,2832.75,No,0.095715955,Low,19.47,False
9873-MNDKV,11,Month-to-month,Mailed check,44.65,472.25,No,0.2010777,Low,25.36,False
0378-NHQXU,17,Month-to-month,Electronic check,88.25,1460.65,Yes,0.54105425,Medium,60.17,False
8241-JUIQO,61,One year,Bank transfer (automatic),19.45,1336.35,No,0.023047306,Low,6.53,False
2194-IIQOF,71,Two year,Credit card (automatic),89.3,6388.65,No,0.005722881,Low,22.96,False
4512-ZUIYL,2,Month-to-month,Bank transfer (automatic),70.0,153.05,Yes,0.4993772,Medium,52.64,False
9631-RXVJM,35,Two year,Mailed check,19.25,677.9,No,0.011719655,Low,5.68,False
9584-EXCDZ,17,Month-to-month,Bank transfer (automatic),70.5,1165.6,No,0.27332097,Low,36.94,False
7969-AULMZ,21,Month-to-month,Electronic check,97.35,2119.5,Yes,0.7859412,High,79.61,True
5093-FEGLU,47,Two year,Bank transfer (automatic),19.65,921.55,No,0.012454561,Low,5.84,False
2621-UDNLU,3,Month-to-month,Mailed check,20.85,72.0,No,0.12904146,Low,14.3,False
7526-IVLYU,3,Month-to-month,Mailed check,19.65,68.35,No,0.14309496,Low,14.98,False
2428-HYUNX,44,Two year,Credit card (automatic),19.35,847.25,No,0.022022342,Low,6.43,False
9214-EKVXR,1,Month-to-month,Mailed check,44.0,44.0,No,0.5158822,Medium,47.23,False
3410-MHHUM,44,One year,Electronic check,94.4,4295.35,No,0.12854381,Low,32.85,True
0568-ONFPC,5,Month-to-month,Bank transfer (automatic),25.9,135.0,Yes,0.15249641,Low,17.22,False
0733-VUNUW,24,Month-to-month,Bank transfer (automatic),55.65,1400.55,Yes,0.1282924,Low,23.04,False
4550-EVXNY,1,Month-to-month,Electronic check,69.65,69.65,Yes,0.8455636,High,76.79,False
2122-YWVYA,18,Month-to-month,Electronic check,75.4,1380.4,No,0.2912447,Low,39.44,False
2968-SSGAA,10,Month-to-month,Electronic check,100.6,1060.2,Yes,0.89357007,High,87.96,True
2296-DKZFP,65,Two year,Bank transfer (automatic),71.0,4386.2,No,0.014203672,Low,18.93,False
4844-JJWUY,1,Month-to-month,Electronic check,86.0,86.0,Yes,0.85518813,High,81.59,False
6777-TGHTM,53,One year,Credit card (automatic),106.95,5785.5,Yes,0.3009611,Medium,48.09,True
8909-BOLNL,3,One year,Mailed check,21.2,52.05,No,0.03929843,Low,8.11,False
6603-YRDCJ,33,Two year,Mailed check,61.05,2018.4,No,0.011801993,Low,16.25,False
3538-WZPHD,3,Month-to-month,Electronic check,29.6,79.45,Yes,0.6947561,High,56.11,False
3229-USWAR,34,One year,Bank transfer (automatic),79.95,2727.3,No,0.09219987,Low,26.65,False
2138-VFAPZ,14,Two year,Mailed check,19.7,263.65,No,0.017548483,Low,6.21,False
6131-JLWZM,13,Month-to-month,Mailed check,20.3,275.4,No,0.079047054,Low,10.66,False
4785-QRJHC,46,One year,Bank transfer (automatic),59.9,2816.65,Yes,0.15447512,Low,25.95,False
0269-XFESX,23,One year,Mailed check,24.35,538.5,No,0.024437832,Low,7.86,False
1709-EJDOX,47,Two year,Mailed check,19.75,948.9,No,0.013256205,Low,5.92,False
4316-XCSLJ,17,Month-to-month,Mailed check,50.3,846.8,No,0.15385085,Low,23.48,False
8610-WFCJF,49,Month-to-month,Electronic check,95.6,4783.5,Yes,0.54566187,Medium,62.35,True
9693-XMUOB,59,Month-to-month,Electronic check,50.25,2997.45,No,0.41554156,Medium,41.78,False
0383-CLDDA,69,Two year,Credit card (automatic),85.35,5897.4,No,0.028916104,Low,23.59,False
4905-JEFDW,11,One year,Electronic check,41.6,470.6,Yes,0.2819574,Low,30.25,False
2709-UQGNP,10,Month-to-month,Mailed check,51.65,524.5,No,0.18752882,Low,26.18,False
3549-ZTMNH,12,Two year,Bank transfer (automatic),24.0,269.65,No,0.019856608,Low,7.45,False
7881-INRLC,45,Month-to-month,Credit card (automatic),100.85,4740.0,Yes,0.47393855,Medium,58.65,True
8033-ATFAS,39,Month-to-month,Mailed check,59.85,2341.5,No,0.21359651,Low,30.07,False
1635-NZATJ,71,Two year,Credit card (automatic),25.45,1789.65,No,0.0071229627,Low,6.93,False
0562-HKHML,71,Two year,Credit card (automatic),23.9,1626.4,No,0.0049987044,Low,6.39,False
8277-RVRSV,33,One year,Credit card (automatic),24.15,800.3,No,0.021260714,Low,7.59,False
9943-VSZUV,67,Month-to-month,Mailed check,75.7,5060.85,No,0.2620468,Low,37.47,False
0117-LFRMW,37,Month-to-month,Bank transfer (automatic),40.2,1448.8,Yes,0.17447868,Low,22.37,False
6172-FECYY,49,Month-to-month,Electronic check,84.5,4254.85,Yes,0.5048373,Medium,56.69,False
7054-ENNGU,9,Month-to-month,Mailed check,50.85,466.6,No,0.16194579,Low,24.18,False
1455-HFBXA,52,Two year,Credit card (automatic),91.6,4627.8,No,0.025855936,Low,24.95,True
9402-CXWPL,70,One year,Electronic check,98.9,6838.6,No,0.13977732,Low,34.77,True
1628-BIZYP,1,Month-to-month,Electronic check,85.0,85.0,No,0.8450554,High,80.63,False
1965-AKTSX,14,Month-to-month,Electronic check,78.95,1101.85,Yes,0.7083288,High,69.53,False
0082-LDZUE,1,Month-to-month,Mailed check,44.3,44.3,No,0.54299676,Medium,49.2,False
4786-UKSNZ,1,Month-to-month,Mailed check,20.2,20.2,Yes,0.35319927,Medium,29.83,False
5343-SGUBI,52,One year,Mailed check,80.2,4297.6,No,0.10039751,Low,27.29,False
0856-NAOES,6,Month-to-month,Mailed check,60.9,414.1,No,0.20651205,Low,29.84,False
1976-AZZPJ,7,Month-to-month,Mailed check,34.2,256.6,No,0.1738376,Low,20.81,False
7248-VZQLC,47,Month-to-month,Bank transfer (automatic),85.2,3969.35,Yes,0.3293002,Medium,44.58,False
6156-UZDLF,26,One year,Credit card (automatic),87.15,2274.1,No,0.05172929,Low,25.64,False
3099-OONVS,25,Month-to-month,Electronic check,54.3,1296.8,No,0.102267206,Low,20.88,False
9500-WBGRP,69,Two year,Mailed check,19.1,1268.85,No,0.00664166,Low,5.29,False
5183-KLYEM,72,Two year,Credit card (automatic),112.75,8192.6,No,0.014619751,Low,29.51,True
5144-PQCDZ,4,Month-to-month,Mailed check,19.95,59.25,No,0.12121049,Low,13.52,False
8514-VZHEB,59,Two year,Mailed check,19.5,1147.85,No,0.026055537,Low,6.75,False
6625-IUTTT,67,Two year,Bank transfer (automatic),65.55,4361.55,No,0.017916137,Low,17.81,False
9355-NPPFS,26,Month-to-month,Electronic check,78.8,2006.1,No,0.42709357,Medium,49.8,False
0068-FIGTF,27,One year,Mailed check,78.2,2078.95,No,0.10088829,Low,26.82,False
5965-GGPRW,72,Two year,Bank transfer (automatic),105.25,7609.75,No,0.037052717,Low,29.18,True
8035-PWSEV,6,Month-to-month,Electronic check,89.25,487.05,No,0.6419479,High,67.48,False
2236-HILPA,62,Two year,Credit card (automatic),20.65,1218.45,No,0.0064860075,Low,5.67,False
1840-BIUOG,20,One year,Electronic check,68.7,1416.2,No,0.12725985,Low,26.26,False
1356-MKYSK,6,Month-to-month,Credit card (automatic),78.65,483.3,No,0.15741906,Low,30.89,False
6080-LNESI,51,Two year,Mailed check,24.75,1234.6,No,0.010337515,Low,6.98,False
1830-IPXVJ,61,Two year,Credit card (automatic),19.75,1311.6,No,0.012388142,Low,5.86,False
5828-DWPIL,62,Month-to-month,Electronic check,89.1,5618.3,No,0.1570521,Low,33.5,False
8398-TBIYD,72,Two year,Bank transfer (automatic),84.7,6185.15,No,0.008010426,Low,21.96,False
0011-IGKFF,13,Month-to-month,Electronic check,98.0,1237.85,Yes,0.7413259,High,76.65,True
4192-GORJT,5,Month-to-month,Electronic check,94.45,498.1,Yes,0.76678586,High,77.54,True
6496-SLWHQ,3,Month-to-month,Electronic check,105.0,294.45,Yes,0.83173954,High,84.75,True
9912-GVSEQ,26,Month-to-month,Electronic check,93.85,2381.55,Yes,0.5874342,Medium,64.83,True
2931-FSOHN,13,Month-to-month,Electronic check,59.9,788.35,No,0.29855257,Low,36.03,False
9418-RUKPH,38,Two year,Mailed check,19.95,756.4,No,0.008645294,Low,5.65,False
5383-MMTWC,8,Month-to-month,Electronic check,84.0,613.4,Yes,0.82221156,High,78.78,False
9971-ZWPBF,34,Month-to-month,Electronic check,108.9,3625.2,No,0.28368345,Low,47.37,True
4712-AUQZO,18,Month-to-month,Mailed check,33.6,550.35,No,0.16386613,Low,19.96,False
9711-FJTBX,56,One year,Mailed check,85.85,4793.8,No,0.04110733,Low,24.57,False
2908-ZTPNF,36,Month-to-month,Bank transfer (automatic),34.85,1267.2,No,0.15111993,Low,19.38,False
7240-ETPTR,9,Month-to-month,Electronic check,48.75,442.2,Yes,0.6703604,High,59.24,False
2202-CUYXZ,1,Month-to-month,Electronic check,84.85,84.85,Yes,0.85310465,High,81.15,False
5995-OIGLP,12,Month-to-month,Mailed check,56.65,654.85,Yes,0.14586766,Low,24.52,False
8421-WZOOW,57,Month-to-month,Credit card (automatic),95.3,5567.45,No,0.10098654,Low,31.14,True
6261-RCVNS,42,One year,Credit card (automatic),73.9,3160.55,Yes,0.10055533,Low,25.71,False
7951-QKZPL,33,Two year,Mailed check,24.5,740.3,Yes,0.013068582,Low,7.1,False
1414-YADCW,70,Two year,Bank transfer (automatic),84.6,5706.2,No,0.016667595,Low,22.54,False
8756-RDDLT,68,Month-to-month,Electronic check,44.95,3085.35,No,0.14286381,Low,21.36,False
2862-PFNIK,1,Month-to-month,Electronic check,24.7,24.7,No,0.63942134,High,51.0,False
5816-QVHRX,37,Month-to-month,Credit card (automatic),100.3,3541.4,No,0.33701646,Medium,48.93,True
4430-YHXGG,4,Month-to-month,Mailed check,25.45,84.2,No,0.11580326,Low,14.54,False
6888-SBYAI,1,Month-to-month,Mailed check,50.7,50.7,No,0.46553013,Medium,45.4,False
7395-XWZOY,20,Month-to-month,Credit card (automatic),55.0,1165.55,No,0.24048887,Low,30.73,False
7169-YWAMK,72,Two year,Bank transfer (automatic),68.4,4855.35,No,0.0051392163,Low,17.64,False
3640-PHQXK,31,Month-to-month,Electronic check,89.9,2806.9,Yes,0.51727015,Medium,58.92,True
6877-LGWXO,18,Month-to-month,Electronic check,78.55,1422.65,Yes,0.45035797,Medium,51.37,False
6859-RKMZJ,11,Month-to-month,Bank transfer (automatic),55.05,608.15,No,0.2505373,Low,31.44,False
2729-VNVAP,33,Two year,Credit card (automatic),19.8,641.35,No,0.009856332,Low,5.69,False
2957-JIRMN,62,One year,Electronic check,84.45,4959.15,No,0.123203285,Low,29.96,False
2049-BAFNW,1,Month-to-month,Mailed check,35.9,35.9,No,0.38601047,Medium,36.09,False
3842-QTGDL,16,Month-to-month,Bank transfer (automatic),80.75,1321.3,No,0.20153563,Low,34.51,False
7163-OCEQI,22,One year,Mailed check,78.65,1663.75,No,0.1592083,Low,31.01,False
9782-LGXMC,49,Month-to-month,Bank transfer (automatic),61.75,3024.15,No,0.09064424,Low,21.95,False
5975-BAICR,36,One year,Credit card (automatic),63.7,2188.5,No,0.066269346,Low,20.73,False
8019-ENHXU,42,Month-to-month,Electronic check,99.45,4138.05,Yes,0.55308455,Medium,63.84,True
5167-GBFRE,4,Month-to-month,Bank transfer (automatic),25.2,102.5,Yes,0.6410514,High,51.24,False
9033-EOXWV,12,One year,Mailed check,74.05,872.65,Yes,0.2059175,Low,33.12,False
4673-KKSLS,31,Month-to-month,Electronic check,87.6,2724.25,No,0.24212901,Low,39.08,False
4853-OITSN,5,Month-to-month,Electronic check,89.15,413.25,No,0.64708203,High,67.82,False
9800-OUIGR,66,Two year,Credit card (automatic),20.0,1374.2,No,0.0058097187,Low,5.46,False
1324-NLTJE,15,Month-to-month,Credit card (automatic),55.0,757.1,Yes,0.2932862,Low,34.42,False
2324-EFHVG,64,Two year,Bank transfer (automatic),104.4,6692.65,No,0.11939325,Low,34.73,True
7094-MSZAO,10,Month-to-month,Credit card (automatic),20.05,218.5,No,0.088950686,Low,11.29,False
1522-VVDMG,7,Month-to-month,Electronic check,89.75,608.8,Yes,0.61043745,High,65.4,False
6907-CQGPN,29,Month-to-month,Electronic check,34.3,1004.75,No,0.13437569,Low,18.07,False
0780-XNZFN,57,Two year,Bank transfer (automatic),20.65,1125.6,No,0.02335183,Low,6.85,False
0239-OXEXL,46,Month-to-month,Mailed check,84.25,3847.6,No,0.15693805,Low,32.27,False
2675-IJRGJ,53,Two year,Bank transfer (automatic),19.65,978.0,No,0.024061004,Low,6.65,False
7049-GKVZY,17,One year,Credit card (automatic),79.85,1387.35,No,0.08282648,Low,25.97,False
8577-QSOCG,38,Two year,Mailed check,20.2,746.05,No,0.009306086,Low,5.75,False
3721-CNZHX,15,One year,Mailed check,19.8,304.6,No,0.036434025,Low,7.55,False
0212-ISBBF,22,Month-to-month,Electronic check,50.35,1098.85,No,0.49598593,Medium,47.44,False
9185-TQCVP,14,Month-to-month,Electronic check,85.15,1139.2,Yes,0.7528077,High,74.21,False
3585-YNADK,57,One year,Bank transfer (automatic),74.6,4368.95,No,0.046348967,Low,22.09,False
5271-DBYSJ,11,Month-to-month,Credit card (automatic),79.15,827.7,No,0.55849165,Medium,59.09,False
1099-GODLO,1,Two year,Mailed check,20.35,20.35,No,0.018979453,Low,6.47,False
6828-HMKWP,12,Two year,Bank transfer (automatic),21.05,262.05,No,0.013532811,Low,6.27,False
5567-WSELE,3,Month-to-month,Electronic check,94.6,279.55,Yes,0.8576437,High,83.93,True
1472-TNCWL,36,Month-to-month,Electronic check,94.7,3512.5,No,0.29786277,Low,44.77,True
8063-RJYNF,16,Month-to-month,Electronic check,94.25,1483.25,Yes,0.6361915,High,68.34,True
0687-ZVTHB,65,One year,Credit card (automatic),72.45,4653.85,Yes,0.11534591,Low,26.38,False
2080-GKCWQ,2,Month-to-month,Electronic check,74.95,151.75,No,0.45103776,Medium,50.51,False
9661-ACXBS,42,Month-to-month,Electronic check,105.2,4400.75,Yes,0.5568405,Medium,65.56,True
2193-SFWQW,72,Two year,Bank transfer (automatic),111.95,8033.1,No,0.011031244,Low,29.05,True
5656-JAMLX,62,Two year,Bank transfer (automatic),19.85,1253.65,No,0.011818605,Low,5.84,False
3462-BJQQA,6,Month-to-month,Electronic check,89.75,552.65,No,0.81882626,High,79.99,False
0442-TDYUO,48,Two year,Mailed check,20.05,1036.0,No,0.01230358,Low,5.93,False
6733-LRIZX,35,Two year,Electronic check,108.95,4025.5,No,0.25417745,Low,45.32,True
9503-XJUME,52,One year,Credit card (automatic),19.65,928.4,No,0.012775914,Low,5.86,False
4367-NHWMM,1,Month-to-month,Mailed check,24.9,24.9,No,0.61363727,High,49.25,False
3727-RJMEO,6,Month-to-month,Electronic check,82.85,460.25,Yes,0.80608493,High,77.36,False
3779-OSWCF,71,Two year,Credit card (automatic),93.2,6506.15,No,0.005939532,Low,23.96,True
6736-DHUQI,67,One year,Bank transfer (automatic),84.8,5598.3,No,0.039177682,Low,24.17,False
3915-ODIYG,60,One year,Electronic check,71.75,4374.55,No,0.08089097,Low,23.79,False
1360-RCYRT,23,Month-to-month,Bank transfer (automatic),30.35,678.75,No,0.18665408,Low,20.73,False
2724-FJDYW,39,One year,Bank transfer (automatic),54.85,2191.7,No,0.0989418,Low,20.78,False
4451-RWASJ,15,One year,Mailed check,19.5,239.75,No,0.03133417,Low,7.12,False
6646-VRFOL,53,Month-to-month,Electronic check,103.85,5485.5,Yes,0.65373504,High,72.0,True
3460-TJBWI,24,Two year,Mailed check,24.2,609.05,No,0.011617066,Low,6.93,False
5917-HBSDW,37,Month-to-month,Electronic check,19.35,683.75,No,0.10579394,Low,12.29,False
5685-IIXLY,5,Month-to-month,Electronic check,83.6,404.2,Yes,0.7035572,High,70.37,False
5671-UUNXD,50,One year,Electronic check,100.65,5189.75,No,0.2927071,Low,45.92,True
0956-ACVZC,54,One year,Credit card (automatic),94.1,5060.9,No,0.17021094,Low,35.69,True
2325-NBPZG,3,Month-to-month,Electronic check,74.55,233.65,No,0.50321126,Medium,54.06,False
4250-ZBWLV,68,One year,Electronic check,108.45,7176.55,Yes,0.42221186,Medium,56.95,True
4482-FTFFX,5,Month-to-month,Electronic check,56.15,291.45,No,0.29690868,Low,34.97,False
8859-DZTGQ,33,Two year,Mailed check,20.35,689.75,No,0.008764531,Low,5.75,False
0440-MOGPM,41,One year,Electronic check,80.55,3263.9,No,0.20982535,Low,35.04,False
0020-JDNXP,34,One year,Mailed check,61.25,1993.2,No,0.034916587,Low,17.92,False
3752-CQSJI,13,Month-to-month,Mailed check,20.45,254.5,No,0.074509025,Low,10.38,False
5025-GOOKI,20,Month-to-month,Credit card (automatic),18.9,347.65,No,0.04615978,Low,8.01,False
4698-KVLLG,51,Two year,Credit card (automatic),19.6,967.9,No,0.016939018,Low,6.14,False
5095-AESKG,3,Month-to-month,Credit card (automatic),91.5,242.95,Yes,0.8106933,High,79.86,True
2887-JPYLU,41,Month-to-month,Bank transfer (automatic),45.2,1841.9,No,0.10283215,Low,18.62,False
4770-QAZXN,13,Month-to-month,Credit card (automatic),19.45,232.1,No,0.083184004,Low,10.74,False
4896-CPRPF,35,Two year,Bank transfer (automatic),25.45,809.25,No,0.009887144,Low,7.12,False
1871-MOWRM,12,Month-to-month,Bank transfer (automatic),80.85,866.45,Yes,0.3083839,Medium,42.01,False
9714-EDSUC,4,Month-to-month,Mailed check,94.9,360.55,No,0.5178608,Medium,60.22,True
2027-OAQQC,43,Month-to-month,Bank transfer (automatic),49.05,2076.2,Yes,0.25221118,Low,30.05,False
0282-NVSJS,12,Month-to-month,Mailed check,29.3,355.9,No,0.21662994,Low,22.57,False
9090-SGQXL,68,Month-to-month,Electronic check,105.3,7299.65,Yes,0.58045375,Medium,67.23,True
6595-YGXIT,25,Month-to-month,Electronic check,88.95,2291.2,Yes,0.6416108,High,67.38,False
7353-YOWFP,7,One year,Mailed check,20.25,129.15,No,0.027942456,Low,7.07,False
9835-ZIITK,66,One year,Electronic check,110.85,7491.75,Yes,0.4033566,Medium,56.24,True
8008-ESFLK,53,One year,Electronic check,110.5,5835.5,No,0.19159041,Low,41.33,True
7537-CBQUZ,63,Month-to-month,Bank transfer (automatic),109.4,7031.45,No,0.2085168,Low,42.23,True
1555-DJEQW,70,Two year,Bank transfer (automatic),114.2,7723.9,Yes,0.07634687,Low,34.19,True
5649-TJHOV,27,Month-to-month,Bank transfer (automatic),36.5,1032.0,Yes,0.4435105,Medium,40.27,False
0519-XUZJU,1,Month-to-month,Mailed check,70.75,70.75,Yes,0.7218041,High,68.4,False
3363-EWLGO,5,Month-to-month,Mailed check,19.95,109.6,No,0.116749115,Low,13.21,False
4750-UKWJK,37,One year,Mailed check,19.6,727.8,No,0.025607465,Low,6.74,False
6338-AVWCY,3,Month-to-month,Mailed check,40.15,130.75,Yes,0.6543234,High,55.95,False
1689-YQBYY,12,Month-to-month,Electronic check,76.6,893.0,No,0.5014198,Medium,54.45,False
4487-ZYJZK,38,One year,Credit card (automatic),19.6,763.1,No,0.0152368415,Low,6.02,False
2959-FENLU,9,Month-to-month,Credit card (automatic),85.3,781.4,No,0.60784113,High,64.1,False
0708-LGSMF,13,Month-to-month,Electronic check,65.85,902.25,No,0.31174117,Medium,38.46,False
9253-QXKBE,29,Month-to-month,Electronic check,94.45,2653.65,Yes,0.6827618,High,71.65,True
7634-HLQJR,47,Two year,Credit card (automatic),20.05,1016.7,No,0.0063889143,Low,5.51,False
0487-RPVUM,61,Month-to-month,Bank transfer (automatic),99.4,5943.65,No,0.15191573,Low,35.75,True
4079-ULGFR,16,Month-to-month,Mailed check,20.0,275.7,No,0.08651715,Low,11.11,False
2516-XSJKX,41,Two year,Electronic check,78.45,3126.45,No,0.027378978,Low,21.74,False
0057-QBUQH,43,Two year,Electronic check,25.1,1070.15,No,0.02202341,Low,7.88,False
9445-SZLCH,36,Month-to-month,Bank transfer (automatic),97.35,3457.9,Yes,0.38215494,Medium,51.34,True
6599-SFQVE,6,Month-to-month,Electronic check,55.0,340.4,No,0.43937227,Medium,44.65,False
8331-ZXFOE,58,One year,Credit card (automatic),71.1,4299.2,No,0.036846776,Low,20.54,False
4003-FUSHP,19,Month-to-month,Credit card (automatic),61.55,1093.2,No,0.15877432,Low,26.66,False
0356-ERHVT,11,Month-to-month,Bank transfer (automatic),45.9,521.9,No,0.22082427,Low,27.05,False
7325-ENZFI,39,One year,Bank transfer (automatic),40.3,1630.4,No,0.049958546,Low,13.68,False
4884-ZTHVF,8,Month-to-month,Electronic check,87.1,713.6,No,0.6627017,High,68.39,False
3920-HIHMQ,26,Month-to-month,Mailed check,49.5,1265.65,No,0.12052495,Low,20.94,False
3055-OYMSE,53,Month-to-month,Credit card (automatic),73.8,4003.85,No,0.20363775,Low,32.9,False
0613-WUXUM,70,Two year,Mailed check,19.2,1401.4,No,0.0049666897,Low,5.2,False
7568-PODML,1,Month-to-month,Mailed check,45.3,45.3,Yes,0.73686194,High,63.02,False
4458-KVRBJ,59,Two year,Mailed check,25.0,1510.5,No,0.013969537,Low,7.29,False
5349-IECLD,2,Month-to-month,Electronic check,94.95,178.1,Yes,0.7140541,High,73.97,True
1397-XKKWR,7,One year,Mailed check,35.3,264.8,No,0.06849537,Low,13.71,False
3945-GFWQL,12,Month-to-month,Electronic check,44.55,480.6,Yes,0.2736029,Low,30.41,False
8097-OMULG,59,One year,Credit card (automatic),76.75,4541.9,No,0.07063176,Low,24.33,False
6013-BHCAW,61,Two year,Bank transfer (automatic),81.0,4976.15,No,0.029448416,Low,22.52,False
0401-WDBXM,72,Two year,Bank transfer (automatic),105.55,7542.25,No,0.05543917,Low,30.55,True
3387-PLKUI,13,Month-to-month,Mailed check,18.8,251.25,No,0.035535336,Low,7.24,False
6096-EGVTU,64,One year,Mailed check,24.9,1595.5,No,0.014742681,Low,7.32,False
3797-VTIDR,1,Month-to-month,Electronic check,23.45,23.45,Yes,0.7569401,High,58.91,False
5081-NWSUP,10,One year,Mailed check,64.9,685.55,No,0.15007384,Low,26.9,False
2580-ATZSQ,65,One year,Bank transfer (automatic),61.35,3874.1,No,0.021002542,Low,16.97,False
8085-MSNLK,62,Two year,Mailed check,113.95,6891.4,No,0.04126746,Low,31.68,True
9691-HKOVS,55,One year,Electronic check,90.15,4916.95,No,0.07448438,Low,27.99,True
9881-VCZEP,25,Month-to-month,Electronic check,54.1,1373.0,No,0.19121917,Low,27.05,False
9526-BIHHD,1,Month-to-month,Mailed check,29.7,29.7,Yes,0.42263576,Medium,37.09,False
8757-TFHHJ,1,Month-to-month,Credit card (automatic),49.8,49.8,No,0.40127495,Medium,40.67,False
4523-WXCEF,59,Month-to-month,Electronic check,101.1,6039.9,Yes,0.31965318,Medium,47.92,True
1468-DEFNC,64,Two year,Bank transfer (automatic),24.4,1548.65,No,0.010847327,Low,6.92,False
5119-KEPFY,36,Month-to-month,Bank transfer (automatic),95.0,3440.25,No,0.3761545,Medium,50.33,True
8364-TRMMK,3,Month-to-month,Mailed check,50.65,151.3,Yes,0.5330032,Medium,50.11,False
0916-KNFAJ,61,Two year,Mailed check,69.9,4226.7,No,0.012714499,Low,18.55,False
8319-QBEHW,26,One year,Bank transfer (automatic),39.95,1023.75,No,0.09940546,Low,17.05,False
3063-QFSZL,1,Month-to-month,Electronic check,55.4,55.4,Yes,0.7472516,High,66.3,False
8775-LHDJH,1,Month-to-month,Electronic check,90.6,90.6,Yes,0.91681653,High,87.07,True
9625-QNLUX,68,Two year,Credit card (automatic),103.25,7074.4,No,0.059371796,Low,30.24,True
3097-NQYSN,2,Month-to-month,Mailed check,86.85,156.35,Yes,0.8551135,High,81.8,False
4024-CSNBY,72,Two year,Bank transfer (automatic),94.25,6849.75,No,0.007806535,Low,24.36,True
7110-BDTWG,71,Two year,Electronic check,47.05,3263.6,No,0.11902109,Low,20.22,False
7493-GVFIO,57,Two year,Credit card (automatic),20.55,1252.85,No,0.014131246,Low,6.18,False
0690-SRQID,4,Month-to-month,Mailed check,19.65,67.55,No,0.12498683,Low,13.71,False
9605-WGJVW,1,Month-to-month,Electronic check,70.2,70.2,No,0.80333376,High,73.97,False
9114-DPSIA,72,Two year,Credit card (automatic),81.0,5750.0,No,0.0047184206,Low,20.79,False
4700-UBQMV,21,One year,Bank transfer (automatic),75.9,1549.75,No,0.088753514,Low,25.39,False
7711-GQBZC,71,Two year,Bank transfer (automatic),24.7,1810.55,No,0.0046621566,Low,6.57,False
3565-UNOCC,29,Month-to-month,Bank transfer (automatic),99.05,2952.85,Yes,0.64974016,High,70.5,True
4627-MIHJH,69,Two year,Credit card (automatic),110.25,7467.55,No,0.20262319,Low,42.04,True
9795-NREXC,64,Two year,Credit card (automatic),85.0,5484.4,No,0.021977788,Low,23.01,False
8573-CGOCC,16,Month-to-month,Credit card (automatic),19.75,294.9,No,0.11415209,Low,12.98,False
7356-AYNJP,4,One year,Electronic check,23.9,97.5,No,0.074449696,Low,11.25,False
9249-FXSCK,52,One year,Credit card (automatic),111.25,5916.45,Yes,0.21335708,Low,43.04,True
5493-SDRDQ,2,Month-to-month,Mailed check,55.1,113.35,Yes,0.4409339,Medium,44.79,False
6286-SUUWT,1,Month-to-month,Mailed check,19.95,19.95,No,0.40250662,Medium,33.22,False
4819-HJPIW,18,Month-to-month,Mailed check,25.15,476.8,No,0.17007254,Low,18.26,False
8654-DHAOW,2,Month-to-month,Mailed check,54.15,101.65,No,0.45510677,Medium,45.54,False
5438-QMDDL,19,Month-to-month,Mailed check,59.8,1130.85,No,0.2281758,Low,31.08,False
9812-GHVRI,40,Month-to-month,Bank transfer (automatic),83.85,3532.25,No,0.31950784,Medium,43.55,False
5553-AOINX,66,One year,Electronic check,104.9,6891.45,No,0.20813021,Low,41.07,True
1228-ZLNBX,21,Month-to-month,Mailed check,75.3,1570.7,No,0.22792289,Low,34.98,False
4226-KKDON,8,Month-to-month,Electronic check,66.65,520.95,No,0.2016444,Low,30.95,False
3831-YCPUO,72,Two year,Credit card (automatic),109.5,7854.9,No,0.01099939,Low,28.43,True
7445-WMRBW,48,One year,Bank transfer (automatic),73.85,3581.4,No,0.08299252,Low,24.47,False
3308-DGHKL,69,Two year,Bank transfer (automatic),19.3,1447.9,No,0.011456466,Low,5.68,False
9924-JPRMC,72,Two year,Electronic check,118.2,8547.15,No,0.036171574,Low,32.39,True
0080-EMYVY,14,One year,Credit card (automatic),51.45,727.85,No,0.08927606,Low,19.25,False
6218-KNUBD,6,Month-to-month,Electronic check,59.45,357.6,No,0.2105901,Low,29.76,False
7337-CINUD,8,Two year,Bank transfer (automatic),19.5,159.35,No,0.020325482,Low,6.35,False
7609-NRNCA,17,One year,Mailed check,19.55,280.85,No,0.027659988,Low,6.88,False
0623-EJQEG,65,One year,Electronic check,93.55,6069.25,No,0.13296016,Low,32.94,True
7153-CHRBV,57,One year,Mailed check,59.3,3274.35,No,0.025325114,Low,16.75,False
0871-URUWO,13,Month-to-month,Credit card (automatic),102.25,1359.0,Yes,0.72571915,High,76.63,True
9190-MFJLN,19,Month-to-month,Credit card (automatic),95.9,1777.9,Yes,0.5094973,Medium,59.89,True
6198-PNNSZ,56,One year,Bank transfer (automatic),109.8,6109.65,No,0.25947204,Low,45.9,True
3317-VLGQT,14,Month-to-month,Electronic check,78.1,1122.4,No,0.59126985,Medium,61.12,False
4132-POCZS,52,Month-to-month,Electronic check,39.9,2020.9,No,0.17860517,Low,22.58,False
5614-DNZCE,58,Two year,Credit card (automatic),64.9,3795.45,No,0.013500848,Low,17.34,False
1095-JUDTC,47,Month-to-month,Electronic check,95.05,4504.55,Yes,0.3875866,Medium,51.14,True
3896-RCYYE,67,Month-to-month,Credit card (automatic),53.4,3579.15,No,0.104406156,Low,20.8,False
9638-JIQYA,2,Month-to-month,Credit card (automatic),24.9,49.7,No,0.59207433,Medium,47.74,False
3258-SANFR,6,Month-to-month,Credit card (automatic),44.7,276.5,No,0.26856077,Low,30.09,False
3726-TBHQT,71,Two year,Bank transfer (automatic),114.0,8175.9,No,0.03003183,Low,30.9,True
3190-ITQXP,46,Two year,Bank transfer (automatic),20.25,890.35,No,0.008099046,Low,5.68,False
0870-VEMYL,5,Month-to-month,Credit card (automatic),53.85,259.8,Yes,0.20396927,Low,27.88,False
4833-QTJNO,67,Month-to-month,Bank transfer (automatic),83.85,5588.8,No,0.15692134,Low,32.17,False
3039-MJSLN,3,Month-to-month,Bank transfer (automatic),20.2,50.6,No,0.11280484,Low,13.0,False
0178-CIIKR,3,Month-to-month,Mailed check,19.95,58.0,No,0.1209613,Low,13.51,False
5385-SUIRI,52,Month-to-month,Electronic check,104.2,5568.35,Yes,0.5723535,Medium,66.39,True
3982-XWFZQ,42,Month-to-month,Electronic check,50.25,2203.65,Yes,0.30023187,Medium,33.71,False
5774-QPLTF,50,One year,Mailed check,20.35,938.95,No,0.014211719,Low,6.14,False
2322-VCZHZ,23,Month-to-month,Electronic check,90.0,2024.1,No,0.35119632,Medium,47.32,True
5010-IPEAQ,67,Two year,Credit card (automatic),54.2,3623.95,No,0.010467397,Low,14.43,False
4009-ALQFH,25,Month-to-month,Electronic check,99.5,2369.05,Yes,0.683506,High,72.98,True
6383-ZTSIW,39,One year,Mailed check,99.1,3877.95,No,0.17824477,Low,37.51,True
8990-YOZLV,69,Two year,Mailed check,66.9,4577.9,No,0.01666233,Low,18.07,False
3069-SSVSN,1,One year,Mailed check,25.85,25.85,No,0.18515004,Low,19.49,False
5222-IMUKT,32,Month-to-month,Electronic check,91.05,2871.5,No,0.40393278,Medium,51.28,True
3627-FCRDW,9,Month-to-month,Electronic check,71.0,672.55,Yes,0.44333807,Medium,48.97,False
7562-GSUHK,16,Month-to-month,Credit card (automatic),93.2,1573.7,Yes,0.42489618,Medium,53.29,True
6685-XSHHU,60,Two year,Bank transfer (automatic),20.95,1270.55,No,0.008570955,Low,5.89,False
8901-UPRHR,72,Two year,Bank transfer (automatic),109.2,7711.45,No,0.05875478,Low,31.7,True
4903-UYAVB,5,Month-to-month,Mailed check,19.35,126.05,Yes,0.12345648,Low,13.53,False
0118-JPNOY,26,Month-to-month,Credit card (automatic),85.8,2193.65,No,0.32888237,Medium,44.7,False
6776-TLWOI,3,Month-to-month,Mailed check,19.85,64.55,Yes,0.13908762,Low,14.75,False
3845-FXCYS,2,Month-to-month,Electronic check,19.65,31.2,No,0.2453614,Low,22.14,False
5857-XRECV,2,One year,Bank transfer (automatic),20.5,38.25,No,0.039484527,Low,7.94,False
0725-CXOTM,36,One year,Credit card (automatic),89.65,3348.1,No,0.0629686,Low,27.06,False
4343-EJVQB,7,Month-to-month,Mailed check,74.35,533.6,No,0.34519547,Medium,42.95,False
9000-PLFUZ,60,Two year,Credit card (automatic),49.45,2907.55,No,0.09182851,Low,18.92,False
3427-GGZZI,19,Month-to-month,Electronic check,89.1,1620.8,No,0.5446324,Medium,60.63,False
7779-ORAEL,45,Two year,Credit card (automatic),75.15,3480.35,No,0.02862081,Low,20.99,False
0644-OQMDK,4,Month-to-month,Electronic check,70.65,293.85,No,0.59251356,Medium,59.32,False
4077-CROMM,31,Month-to-month,Electronic check,104.2,3243.45,Yes,0.490715,Medium,60.67,True
3154-CFSZG,47,Month-to-month,Electronic check,90.05,4137.2,No,0.27295554,Low,41.86,True
2868-MZAGQ,1,Month-to-month,Electronic check,79.25,79.25,Yes,0.88945854,High,82.28,False
4847-QNOKA,1,Month-to-month,Bank transfer (automatic),44.9,44.9,Yes,0.5360871,Medium,48.87,False
2220-IAHLS,1,Month-to-month,Credit card (automatic),19.4,19.4,No,0.26256797,Low,23.28,False
1658-XUHBX,59,Month-to-month,Credit card (automatic),88.75,5348.65,No,0.20601591,Low,36.84,False
6379-RXJRQ,10,Month-to-month,Electronic check,70.1,659.65,Yes,0.5447216,Medium,55.84,False
2378-HTWFW,35,Month-to-month,Credit card (automatic),91.0,3180.5,No,0.3049253,Medium,44.33,True
8650-RHRKE,4,Month-to-month,Electronic check,29.65,118.5,Yes,0.5951332,Medium,49.15,False
4377-VDHYI,32,One year,Electronic check,90.8,3023.85,No,0.11365665,Low,30.89,True
0475-RIJEP,43,Month-to-month,Electronic check,77.85,3365.85,Yes,0.44076395,Medium,50.52,False
1260-TTRXI,4,Month-to-month,Electronic check,54.3,195.3,Yes,0.45675159,Medium,45.69,False
3719-TDVQB,54,Two year,Mailed check,18.95,1031.1,No,0.021483188,Low,6.29,False
6328-ZPBGN,11,Month-to-month,Bank transfer (automatic),95.15,997.65,Yes,0.7873342,High,79.15,True
0201-MIBOL,66,Two year,Bank transfer (automatic),102.4,6471.85,No,0.10845166,Low,33.46,True
4937-QPZPO,61,One year,Electronic check,99.9,6241.35,No,0.38658884,Medium,52.3,True
2925-VDZHY,72,Two year,Credit card (automatic),88.7,6501.35,No,0.004489369,Low,22.72,False
6981-TDRFT,44,One year,Electronic check,54.3,2317.1,No,0.17114061,Low,25.7,False
3413-CSSTH,41,Month-to-month,Bank transfer (automatic),55.7,2237.55,No,0.19874096,Low,27.98,False
8033-VCZGH,50,One year,Electronic check,103.95,5231.3,No,0.48746172,Medium,60.38,True
4789-KWMXN,47,One year,Credit card (automatic),110.85,5275.8,Yes,0.31965792,Medium,50.38,True
0224-NIJLP,8,Two year,Mailed check,20.15,165.5,No,0.0129373595,Low,6.0,False
7542-CYDDM,18,Month-to-month,Mailed check,20.05,358.5,No,0.07191315,Low,10.1,False
4718-WXBGI,72,Two year,Credit card (automatic),91.95,6614.9,No,0.0054230094,Low,23.61,True
2867-UIMSS,1,Month-to-month,Electronic check,80.5,80.5,Yes,0.806488,High,76.79,False
8495-PRWFH,42,Month-to-month,Electronic check,55.65,2421.75,No,0.3380019,Medium,37.72,False
0439-IFYUN,18,Month-to-month,Electronic check,74.7,1294.6,No,0.4097403,Medium,47.55,False
5716-LIBJC,13,One year,Credit card (automatic),104.15,1299.1,No,0.28446344,Low,46.22,True
2868-LLSKM,68,One year,Bank transfer (automatic),83.65,5733.4,No,0.069973685,Low,26.03,False
8111-RKSPX,4,Month-to-month,Bank transfer (automatic),72.2,305.55,Yes,0.66234255,High,64.6,False
2988-QRAJY,69,Two year,Credit card (automatic),110.05,7430.75,No,0.16718794,Low,39.51,True
1585-MQSSU,17,Month-to-month,Mailed check,51.5,900.5,Yes,0.16272092,Low,24.4,False
0071-NDAFP,25,Two year,Credit card (automatic),25.5,630.6,No,0.012824358,Low,7.34,False
2856-NNASM,43,Month-to-month,Mailed check,89.55,3856.75,Yes,0.3227869,Medium,45.22,False
7328-ZJAJO,59,Two year,Credit card (automatic),19.5,1222.65,No,0.014097844,Low,5.91,False
6458-CYIDZ,5,Month-to-month,Electronic check,80.7,374.8,No,0.37678382,Medium,46.76,False
8559-CIZFV,21,One year,Mailed check,77.5,1625.0,Yes,0.057660893,Low,23.62,False
1090-PYKCI,69,One year,Credit card (automatic),105.1,7234.8,No,0.065630466,Low,31.15,True
3058-WQDRE,13,Month-to-month,Bank transfer (automatic),25.15,331.85,No,0.30373967,Medium,27.62,False
7547-EKNFS,42,Month-to-month,Bank transfer (automatic),95.25,3959.35,Yes,0.3038029,Medium,45.33,True
2279-AXJJK,52,Month-to-month,Credit card (automatic),95.65,5088.4,No,0.2543916,Low,41.97,True
6769-DYBQN,46,Month-to-month,Electronic check,85.0,3969.4,Yes,0.35051093,Medium,46.01,False
0909-SELIE,61,Two year,Bank transfer (automatic),80.8,4860.85,No,0.013499158,Low,21.36,False
3417-TSCIC,29,One year,Mailed check,24.85,788.05,No,0.117749065,Low,14.52,False
1042-HFUCW,25,One year,Credit card (automatic),54.75,1266.35,No,0.07003846,Low,18.73,False
4439-JMPMT,5,Month-to-month,Electronic check,85.75,470.95,Yes,0.69112986,High,70.04,False
6537-OTKMY,15,One year,Electronic check,50.75,688.2,No,0.28413346,Low,32.71,False
8999-EXMNO,19,Two year,Mailed check,20.15,387.7,No,0.013011228,Low,6.0,False
6725-TPKJO,44,Two year,Mailed check,20.05,845.25,No,0.009054161,Low,5.7,False
2446-BEGGB,6,Month-to-month,Electronic check,98.25,560.6,Yes,0.89799404,High,87.68,True
7162-WPHPM,58,Two year,Credit card (automatic),71.6,4230.25,No,0.013796831,Low,19.05,False
1599-MMYRQ,62,One year,Credit card (automatic),81.45,4983.05,No,0.031130541,Low,22.76,False
8821-KVZKQ,70,One year,Bank transfer (automatic),58.4,4113.15,No,0.0510357,Low,18.33,False
1496-GGSUK,1,Month-to-month,Mailed check,25.7,25.7,Yes,0.77466255,High,60.72,False
6434-TTGJP,10,Two year,Credit card (automatic),53.7,521.0,No,0.018331977,Low,14.85,False
0042-JVWOJ,26,One year,Bank transfer (automatic),19.6,471.85,No,0.025170334,Low,6.71,False
0130-SXOUN,66,Month-to-month,Credit card (automatic),89.4,5976.9,No,0.20818794,Low,37.16,False
2575-GFSOE,7,Month-to-month,Electronic check,69.0,506.9,Yes,0.5422161,Medium,55.39,False
2330-PQGDQ,51,One year,Bank transfer (automatic),84.2,4299.75,No,0.08610329,Low,27.3,False
1452-UZOSF,72,Two year,Credit card (automatic),106.1,7548.6,No,0.015376225,Low,27.88,True
2097-YVPKN,65,Two year,Mailed check,25.75,1654.75,No,0.0067359516,Low,6.98,False
2842-JTCCU,2,Month-to-month,Bank transfer (automatic),46.05,80.35,Yes,0.5034842,Medium,46.88,False
8597-CTXVJ,70,One year,Bank transfer (automatic),64.95,4551.5,No,0.03043646,Low,18.54,False
6631-HMANX,72,Two year,Credit card (automatic),85.45,6227.5,No,0.011035724,Low,22.36,False
9962-BFPDU,1,Month-to-month,Mailed check,20.05,20.05,No,0.44085535,Medium,35.93,False
3296-SILRA,1,Month-to-month,Mailed check,76.4,76.4,Yes,0.8862356,High,81.34,False
9681-OXGVC,5,Month-to-month,Electronic check,100.5,514.0,Yes,0.88472307,High,87.32,True
6394-HHHZM,3,Month-to-month,Mailed check,20.7,57.5,No,0.105035685,Low,12.58,False
5995-LFTLE,58,Two year,Credit card (automatic),25.3,1474.35,No,0.018702772,Low,7.7,False
5180-UCIIQ,22,Month-to-month,Mailed check,40.05,880.2,Yes,0.34808153,Medium,34.48,False
1932-UEDCX,33,Month-to-month,Bank transfer (automatic),100.6,3270.25,No,0.5002043,Medium,60.43,True
7153-OANIO,1,Month-to-month,Electronic check,69.95,69.95,Yes,0.76551086,High,71.26,False
5188-HGMLP,54,Month-to-month,Bank transfer (automatic),74.0,3919.15,No,0.23550159,Low,35.18,False
0665-XHDJU,72,Two year,Electronic check,99.4,7285.7,No,0.15083492,Low,35.67,True
6521-YYTYI,1,Month-to-month,Electronic check,93.3,93.3,Yes,0.8955978,High,86.26,True
8878-HMWBV,3,Month-to-month,Electronic check,49.15,169.05,Yes,0.60721534,High,54.92,False
8265-HKSOW,72,Two year,Credit card (automatic),107.45,7658.3,No,0.012363431,Low,28.01,True
3544-FBCAS,72,Two year,Credit card (automatic),83.6,5959.3,No,0.008367355,Low,21.71,False
5331-RGMTT,54,Month-to-month,Credit card (automatic),99.05,5295.7,No,0.579933,Medium,65.62,True
4759-PXTAN,59,One year,Electronic check,80.1,4693.2,No,0.10645614,Low,27.69,False
7054-DMVAS,54,Two year,Bank transfer (automatic),65.3,3512.9,No,0.019420896,Low,17.86,False
3428-MMGUB,60,Two year,Electronic check,89.55,5231.2,No,0.1395586,Low,32.39,False
6549-BTYPG,60,Two year,Credit card (automatic),60.8,3603.45,No,0.017937971,Low,16.62,False
7823-JSOAG,3,Month-to-month,Electronic check,74.5,217.45,No,0.620357,High,62.25,False
3705-RHRFR,69,Two year,Bank transfer (automatic),99.15,6875.35,No,0.048109293,Low,28.42,True
9374-YOLBJ,1,Month-to-month,Electronic check,19.25,19.25,No,0.23499887,Low,21.31,False
9074-KGVOX,50,Month-to-month,Credit card (automatic),39.45,2021.35,No,0.10343977,Low,17.21,False
6128-DAFVY,56,Month-to-month,Credit card (automatic),44.85,2564.95,No,0.27122936,Low,30.32,False
9933-QRGTX,60,Two year,Electronic check,97.2,5611.75,No,0.041505255,Low,27.46,True
4476-OSWTN,69,One year,Mailed check,110.55,7610.1,No,0.32544687,Medium,50.71,True
3751-KTZEL,1,Month-to-month,Mailed check,35.05,35.05,Yes,0.59587693,Medium,50.57,False
1977-STDKI,1,Month-to-month,Electronic check,73.0,73.0,Yes,0.8107877,High,75.2,False
5066-GFJMM,3,Month-to-month,Mailed check,19.9,45.75,No,0.14169885,Low,14.95,False
2661-GKBTK,60,Two year,Bank transfer (automatic),76.95,4543.95,No,0.0144073395,Low,20.45,False
0458-HEUZG,13,Two year,Mailed check,35.4,450.4,No,0.047117434,Low,12.24,False
7268-WNTCP,62,Two year,Bank transfer (automatic),20.45,1297.35,No,0.006794387,Low,5.64,False
0824-VWDPO,45,One year,Bank transfer (automatic),96.75,4442.75,No,0.08566351,Low,30.44,True
8409-WQJUX,25,One year,Electronic check,54.2,1423.15,No,0.12323225,Low,22.32,False
2578-JQPHZ,44,Two year,Bank transfer (automatic),100.1,4378.35,No,0.06254708,Low,29.67,True
3278-FSIXX,2,Month-to-month,Mailed check,45.25,74.2,No,0.52852005,Medium,48.43,False
5813-UECBU,33,Month-to-month,Credit card (automatic),83.85,2716.3,Yes,0.46515444,Medium,53.74,False
0328-GRPMV,1,Month-to-month,Electronic check,70.1,70.1,Yes,0.80148417,High,73.81,False
9746-UGFAC,22,One year,Bank transfer (automatic),20.85,450.65,No,0.03718908,Low,7.87,False
2946-KIQSP,35,Month-to-month,Mailed check,33.45,1175.85,No,0.14893855,Low,18.88,False
0625-AFOHS,29,Two year,Mailed check,20.2,558.8,No,0.007475156,Low,5.63,False
6726-WEXXK,27,One year,Electronic check,85.9,2220.1,No,0.14834282,Low,32.09,False
4636-OLWOE,54,One year,Electronic check,61.0,3283.05,No,0.052745234,Low,19.1,False
4342-HENTK,2,Month-to-month,Electronic check,70.65,142.35,Yes,0.6038185,High,60.12,False
4685-ERGHK,57,One year,Electronic check,86.9,4939.25,No,0.22630762,Low,37.8,False
0885-HMGPY,62,Two year,Bank transfer (automatic),69.4,4237.5,No,0.010656739,Low,18.28,False
5003-OKNNK,15,One year,Credit card (automatic),20.35,335.95,No,0.02427639,Low,6.84,False
4195-SMMNX,2,Month-to-month,Mailed check,20.35,33.2,Yes,0.13410254,Low,14.53,False
7208-PSIHR,70,Two year,Bank transfer (automatic),104.3,7188.5,No,0.14865522,Low,36.76,True
4012-ZTHBR,21,Month-to-month,Electronic check,44.95,926.25,No,0.25827882,Low,29.44,False
0489-WMEMG,23,One year,Electronic check,49.45,1119.35,No,0.13025522,Low,21.61,False
7435-ZNUYY,6,One year,Mailed check,20.6,116.6,No,0.026112184,Low,7.03,False
1354-YZFNB,4,Two year,Credit card (automatic),19.55,68.8,No,0.0118577285,Low,5.77,False
6956-SMUCM,3,Month-to-month,Credit card (automatic),99.0,287.4,Yes,0.8023415,High,81.17,True
2985-FMWYF,23,Month-to-month,Electronic check,93.5,2341.55,No,0.66386706,High,70.09,True
2812-ENYMO,26,One year,Credit card (automatic),54.55,1362.85,No,0.058775306,Low,17.9,False
2717-HVIZY,8,Month-to-month,Mailed check,20.05,163.6,No,0.09788828,Low,11.92,False
3223-WZWJM,26,Month-to-month,Electronic check,83.95,2254.2,Yes,0.5979825,Medium,63.07,False
3422-GALYP,2,Month-to-month,Electronic check,79.45,145.15,No,0.8110126,High,76.84,False
9053-JZFKV,67,Two year,Credit card (automatic),116.2,7752.3,Yes,0.20230919,Low,43.52,True
2530-ENDWQ,71,Two year,Bank transfer (automatic),93.7,6585.35,Yes,0.14831279,Low,34.05,True
2890-WFBHU,59,One year,Credit card (automatic),79.85,4786.1,No,0.05561041,Low,24.07,False
0327-WFZSY,39,One year,Electronic check,100.0,3835.55,No,0.29795995,Low,46.12,True
7977-HXJKU,21,Two year,Mailed check,19.6,397.0,No,0.017014466,Low,6.14,False
6615-ZGEDR,1,Month-to-month,Mailed check,19.7,19.7,Yes,0.34639937,Medium,29.22,False
7033-CLAMM,48,Two year,Bank transfer (automatic),20.2,1027.25,No,0.009713704,Low,5.78,False
4023-RTIQM,31,One year,Credit card (automatic),50.4,1580.1,No,0.09323028,Low,19.26,False
0864-FVJNJ,64,One year,Electronic check,113.35,7222.75,No,0.06389163,Low,33.11,True
7356-IWLFW,46,Month-to-month,Bank transfer (automatic),80.0,3769.7,No,0.25732166,Low,38.22,False
9541-PWTWO,52,Two year,Bank transfer (automatic),80.95,4233.95,No,0.03327256,Low,22.78,False
3967-VQOGC,67,Two year,Mailed check,24.9,1680.25,No,0.0061598513,Low,6.72,False
7872-RDDLZ,67,Month-to-month,Electronic check,54.9,3725.5,No,0.13284588,Low,23.17,False
9250-WYPLL,5,Month-to-month,Electronic check,75.55,413.65,Yes,0.5579106,Medium,58.14,False
6308-CQRBU,71,Two year,Electronic check,109.25,7707.7,No,0.12733907,Low,36.51,True
2754-XBHTB,9,Month-to-month,Bank transfer (automatic),77.65,714.15,Yes,0.5504628,Medium,58.15,False
1597-LHYNC,26,Month-to-month,Electronic check,95.0,2497.2,Yes,0.5485909,Medium,62.4,True
0186-CAERR,71,One year,Bank transfer (automatic),116.3,8309.55,No,0.18382116,Low,42.25,True
3043-SUDUA,32,Month-to-month,Bank transfer (automatic),19.9,601.55,No,0.05257072,Low,8.71,False
5442-BHQNG,2,Month-to-month,Electronic check,70.35,139.25,No,0.5024123,Medium,52.94,False
2169-RRLFW,71,Two year,Credit card (automatic),25.6,1888.25,No,0.0047687683,Low,6.8,False
5872-OEQNH,60,One year,Electronic check,44.45,2773.9,No,0.09105926,Low,17.6,False
3162-KKZXO,55,One year,Electronic check,100.15,5409.75,No,0.3847551,Medium,52.23,True
7055-VKGDA,54,One year,Credit card (automatic),105.4,5643.4,Yes,0.30937508,Medium,48.28,True
0754-UKWQP,2,Month-to-month,Electronic check,95.85,197.7,Yes,0.7926089,High,79.7,True
8873-GLDMH,6,Month-to-month,Mailed check,73.85,401.3,No,0.70314467,High,67.88,False
5696-JVVQY,48,Two year,Credit card (automatic),70.1,3238.4,No,0.026340453,Low,19.55,False
8946-BFWSG,63,Two year,Mailed check,25.25,1573.05,No,0.00610049,Low,6.81,False
7493-TPUWZ,1,Month-to-month,Electronic check,79.15,79.15,Yes,0.9091087,High,83.63,False
0547-HURJB,12,Month-to-month,Credit card (automatic),21.05,235.8,No,0.0824924,Low,11.09,False
8904-OPDCK,54,Month-to-month,Bank transfer (automatic),24.95,1364.75,No,0.19122306,Low,19.69,False
8845-LWKGE,30,One year,Electronic check,64.5,1985.15,No,0.07728138,Low,21.7,False
1577-HKTFG,30,Month-to-month,Bank transfer (automatic),19.65,655.85,Yes,0.08992228,Low,11.26,False
8752-STIVR,4,Month-to-month,Electronic check,79.0,303.15,Yes,0.71529627,High,70.03,False
0691-NIKRI,40,One year,Credit card (automatic),105.95,4335.2,No,0.41295984,Medium,55.67,True
5022-JNQEQ,9,Month-to-month,Electronic check,75.85,647.5,No,0.45722967,Medium,51.17,False
4558-FANTW,17,Month-to-month,Electronic check,91.85,1574.45,Yes,0.4461068,Medium,54.43,True
3249-VHRIP,62,Two year,Credit card (automatic),43.6,2748.7,No,0.06823884,Low,15.79,False
3736-BLEPA,28,One year,Bank transfer (automatic),91.25,2483.65,No,0.095432684,Low,29.73,True
4701-LKOZD,70,Two year,Credit card (automatic),89.75,6367.2,No,0.01826967,Low,23.95,False
6603-QWSPR,46,Two year,Bank transfer (automatic),104.4,4904.2,No,0.0974796,Low,33.2,True
9921-QFQUL,23,Month-to-month,Mailed check,90.15,2044.95,No,0.26347992,Low,41.22,True
1929-ZCBHE,47,One year,Electronic check,40.3,1794.8,No,0.041823994,Low,13.11,False
4378-MYPGO,68,Two year,Bank transfer (automatic),105.25,7173.15,No,0.07993394,Low,32.18,True
8651-ENBZX,60,One year,Electronic check,106.0,6441.4,Yes,0.3759615,Medium,53.1,True
4129-LYCOI,67,Two year,Electronic check,104.0,7039.05,No,0.09137099,Low,32.67,True
7798-JVXYM,14,Month-to-month,Electronic check,69.65,921.4,No,0.26270917,Low,35.99,False
8647-SDTWQ,57,Month-to-month,Electronic check,74.3,4018.35,No,0.35873857,Medium,43.88,False
2696-ECXKC,55,One year,Mailed check,100.9,5448.6,No,0.108135045,Low,33.06,True
2081-KJSQF,1,Month-to-month,Mailed check,20.25,20.25,No,0.36757937,Medium,30.85,False
7623-TRNQN,1,Month-to-month,Mailed check,49.9,49.9,Yes,0.31168443,Medium,34.42,False
3323-CPBWR,23,Month-to-month,Credit card (automatic),96.9,2085.45,No,0.33066273,Medium,47.63,True
9330-IJWIO,13,Month-to-month,Electronic check,100.35,1358.85,Yes,0.76675457,High,79.02,True
3384-CTMSF,47,Month-to-month,Electronic check,104.1,5135.15,No,0.6189085,High,69.62,True
0902-RFHOF,38,One year,Mailed check,20.1,730.1,No,0.018697575,Low,6.39,False
9286-DOJGF,38,Month-to-month,Bank transfer (automatic),74.95,2869.85,Yes,0.42719916,Medium,48.84,False
6048-QBXKL,2,Month-to-month,Credit card (automatic),56.55,118.25,No,0.6433173,High,59.32,False
9661-MHUMO,1,Month-to-month,Credit card (automatic),49.25,49.25,Yes,0.44217503,Medium,43.39,False
7718-RXDGG,15,Month-to-month,Bank transfer (automatic),68.6,1108.6,No,0.44327065,Medium,48.36,False
1025-FALIX,26,Month-to-month,Credit card (automatic),69.05,1815.65,No,0.20178947,Low,31.57,False
3451-VAWLI,35,Two year,Credit card (automatic),19.7,730.4,No,0.010334875,Low,5.7,False
3407-QGWLG,3,Month-to-month,Mailed check,20.05,75.45,No,0.116617545,Low,13.23,False
1842-EZJMK,50,Month-to-month,Electronic check,103.7,5071.05,Yes,0.42079437,Medium,55.65,True
2347-WKKAE,42,Month-to-month,Electronic check,94.4,4014.6,No,0.3599158,Medium,49.04,True
8735-DCXNF,10,Month-to-month,Credit card (automatic),54.95,568.85,No,0.16594063,Low,25.5,False
3214-IYUUQ,61,One year,Bank transfer (automatic),93.7,5860.7,No,0.052640814,Low,27.36,True
1936-UAFEH,68,Two year,Credit card (automatic),110.25,7279.35,No,0.12182114,Low,36.38,True
3587-PMCOY,10,One year,Electronic check,98.9,1064.95,No,0.48903632,Medium,59.22,True
8079-XRJRS,65,One year,Electronic check,89.75,5769.6,Yes,0.084895894,Low,28.62,False
1027-LKKQQ,72,Two year,Bank transfer (automatic),80.45,5886.85,No,0.0066759153,Low,20.79,False
7148-XZPHA,55,Month-to-month,Electronic check,79.4,4238.45,No,0.16022879,Low,31.27,False
8073-IJDCM,1,Month-to-month,Mailed check,20.3,20.3,Yes,0.38837954,Medium,32.31,False
5309-TAIKL,7,Month-to-month,Bank transfer (automatic),62.8,418.3,No,0.21439971,Low,30.87,False
6856-RAURS,2,Month-to-month,Mailed check,74.9,136.05,No,0.7119997,High,68.76,False
8778-LMWTJ,9,Month-to-month,Electronic check,74.85,708.2,No,0.45541295,Medium,50.79,False
9717-IOAAF,27,Two year,Credit card (automatic),25.85,788.55,No,0.011401756,Low,7.33,False
8884-ADFVN,7,Month-to-month,Electronic check,101.95,700.85,Yes,0.8731461,High,86.88,True
2845-KDHVX,64,Two year,Mailed check,68.3,4378.8,No,0.016415454,Low,18.4,False
0848-SOMKO,70,Two year,Bank transfer (automatic),48.4,3442.8,No,0.017031262,Low,13.42,False
2720-WGKHP,2,Month-to-month,Electronic check,94.0,181.7,Yes,0.8873189,High,85.86,True
6734-FQAJX,67,Two year,Electronic check,105.05,7171.7,No,0.09216152,Low,32.99,True
2869-ADAWR,45,Month-to-month,Credit card (automatic),89.3,4016.85,Yes,0.28807628,Low,42.73,False
1535-VTJOQ,24,Two year,Credit card (automatic),25.15,553.0,No,0.015243881,Low,7.42,False
6368-TZZDT,4,Two year,Credit card (automatic),19.5,96.85,No,0.0119406255,Low,5.76,False
0943-ZQPXH,44,Month-to-month,Bank transfer (automatic),92.95,4122.9,No,0.26408878,Low,41.97,True
1293-BSEUN,72,Two year,Mailed check,20.7,1482.3,No,0.003657611,Low,5.49,False
9894-EZEWG,1,Month-to-month,Credit card (automatic),74.3,74.3,Yes,0.7907093,High,74.12,False
1302-TPUBN,66,Two year,Bank transfer (automatic),19.35,1240.8,No,0.017312478,Low,6.1,False
7851-FLGGQ,1,Month-to-month,Mailed check,44.65,44.65,Yes,0.4005275,Medium,39.32,False
0637-UBJRP,13,Month-to-month,Electronic check,84.05,1095.3,Yes,0.5067541,Medium,56.71,False
0940-OUQEC,10,Month-to-month,Bank transfer (automatic),80.7,788.8,Yes,0.61918724,High,63.73,False
2378-VTKDH,65,Month-to-month,Electronic check,104.35,6578.55,No,0.45363894,Medium,58.12,True
0927-CNGRH,1,Month-to-month,Mailed check,19.55,19.55,No,0.31733865,Medium,27.15,False
8608-OZTLB,38,One year,Electronic check,74.05,2802.3,No,0.10156662,Low,25.82,False
2335-GSODA,23,Two year,Mailed check,40.1,857.75,No,0.016876413,Low,11.31,False
1952-DVVSW,10,One year,Mailed check,20.1,184.4,No,0.029505573,Low,7.14,False
0702-PGIBZ,4,Month-to-month,Electronic check,101.7,364.55,Yes,0.81031317,High,82.41,True
6656-GULJQ,72,Two year,Credit card (automatic),83.55,6093.3,No,0.0070487745,Low,21.6,False
9853-JFZDU,35,Month-to-month,Electronic check,56.85,1861.1,No,0.11038216,Low,22.09,False
1963-VAUKV,1,Month-to-month,Mailed check,20.4,20.4,Yes,0.29062852,Low,25.5,False
3777-XROBG,58,Two year,Credit card (automatic),19.55,1079.65,No,0.018437197,Low,6.23,False
6994-FGRHH,70,One year,Electronic check,106.15,7475.1,No,0.27572897,Low,46.12,True
4000-VGMQP,38,One year,Credit card (automatic),78.95,2862.55,No,0.14235348,Low,29.91,False
3999-WRNGR,60,Month-to-month,Electronic check,49.75,3069.45,No,0.24036181,Low,29.39,False
3466-RITXD,26,Month-to-month,Credit card (automatic),92.4,2349.8,No,0.451343,Medium,54.94,True
2680-XKKNJ,8,One year,Bank transfer (automatic),58.2,469.25,No,0.048827175,Low,18.12,False
3058-HJCUY,41,One year,Electronic check,102.6,4213.35,Yes,0.44299036,Medium,56.93,True
2974-GGUXS,36,Month-to-month,Credit card (automatic),91.95,3301.05,No,0.31964737,Medium,45.6,True
7994-XIRTR,54,One year,Bank transfer (automatic),65.25,3529.95,No,0.066020235,Low,21.11,False
3259-FDWOY,71,Two year,Bank transfer (automatic),106.0,7723.7,Yes,0.33624452,Medium,50.32,True
2101-RANCD,55,Month-to-month,Electronic check,73.1,4144.9,No,0.36271423,Medium,43.86,False
7921-BEPCI,72,Two year,Bank transfer (automatic),59.75,4265.0,No,0.005849481,Low,15.5,False
0807-ZABDG,3,Month-to-month,Mailed check,55.1,154.65,Yes,0.27209267,Low,32.97,False
8510-TMWYB,54,Two year,Bank transfer (automatic),59.8,3246.45,No,0.06282201,Low,19.5,False
3258-ZKPAI,72,Two year,Bank transfer (automatic),116.6,8337.45,No,0.02647624,Low,31.31,True
1428-IEDPR,52,Two year,Electronic check,109.3,5731.4,No,0.308174,Medium,49.18,True
5298-GSTLM,60,One year,Bank transfer (automatic),101.4,6176.6,No,0.19450903,Low,39.23,True
4450-YOOHP,39,Month-to-month,Credit card (automatic),50.65,1905.4,No,0.22464348,Low,28.52,False
6728-CZFEI,15,One year,Mailed check,56.15,931.9,No,0.116324455,Low,22.33,False
5748-RNCJT,69,Two year,Bank transfer (automatic),106.5,7348.8,Yes,0.46994093,Medium,59.8,True
3653-NCRDJ,43,One year,Mailed check,19.2,776.25,No,0.0088603515,Low,5.47,False
6121-TNHBO,63,One year,Bank transfer (automatic),83.0,5243.05,No,0.03477525,Low,23.4,False
5119-NZPTV,2,Month-to-month,Electronic check,70.1,141.65,No,0.51926047,Medium,54.06,False
6519-ZHPXP,72,Two year,Bank transfer (automatic),108.3,7679.65,No,0.02498053,Low,29.11,True
7739-LAXOG,32,Month-to-month,Bank transfer (automatic),91.05,2954.5,Yes,0.34503192,Medium,47.15,True
3472-QPRCH,40,Two year,Credit card (automatic),25.25,1006.9,No,0.009480396,Low,7.04,False
8224-UAXBZ,58,One year,Electronic check,45.35,2540.1,No,0.16477472,Low,22.99,False
9610-WCESF,67,Two year,Electronic check,43.9,3097.2,No,0.03220538,Low,13.34,False
9776-CLUJA,51,Month-to-month,Electronic check,77.5,3807.35,Yes,0.3269786,Medium,42.47,False
2486-WYVVE,31,One year,Mailed check,79.3,2484.0,No,0.19477654,Low,33.67,False
3865-ZYKAD,69,Month-to-month,Credit card (automatic),84.9,5785.65,No,0.18466,Low,34.37,False
1422-DGUBX,32,One year,Electronic check,79.25,2619.15,No,0.16658156,Low,31.68,False
2999-AANRQ,21,Two year,Credit card (automatic),71.05,1524.85,No,0.016735503,Low,19.12,False
8668-KNZTI,52,One year,Electronic check,53.75,2790.65,No,0.075154446,Low,18.84,False
0480-KYJVA,72,Two year,Credit card (automatic),24.25,1784.5,No,0.003370403,Low,6.36,False
6034-ZRYCV,72,Two year,Electronic check,54.2,3937.45,Yes,0.17184915,Low,25.72,False
9746-YKGXB,52,One year,Bank transfer (automatic),44.25,2276.1,No,0.062058505,Low,15.52,False
3926-YZVVX,41,One year,Bank transfer (automatic),50.05,2029.05,No,0.05228923,Low,16.3,False
6000-UKLWI,41,Two year,Mailed check,20.15,802.35,No,0.009019053,Low,5.72,False
2079-FBMZK,6,Month-to-month,Mailed check,69.25,418.4,Yes,0.51052946,Medium,53.23,False
6332-FBZRI,67,One year,Credit card (automatic),69.35,4653.25,No,0.04951852,Low,20.99,False
2096-XOTMO,16,Month-to-month,Mailed check,19.35,275.9,No,0.11727282,Low,13.1,False
3266-FTKHB,17,Two year,Mailed check,19.15,343.45,No,0.007962353,Low,5.4,False
8221-EQDGL,35,Month-to-month,Mailed check,61.0,2130.45,No,0.07588937,Low,20.72,False
2346-LOCWC,58,Two year,Credit card (automatic),20.5,1191.4,No,0.012698096,Low,6.07,False
6608-QQLVK,1,Month-to-month,Electronic check,50.5,50.5,Yes,0.67886984,High,60.28,False
0298-XACET,52,Two year,Mailed check,50.2,2554.0,No,0.028727688,Low,14.69,False
7560-QJAVJ,70,Two year,Bank transfer (automatic),79.6,5589.45,No,0.03450364,Low,22.52,False
2995-YWTCD,19,Two year,Bank transfer (automatic),24.9,467.7,No,0.01850396,Low,7.59,False
3551-HUAZH,1,Month-to-month,Electronic check,74.4,74.4,Yes,0.90359145,High,82.05,False
9137-UIYPG,35,Month-to-month,Electronic check,106.9,3756.45,No,0.25269562,Low,44.7,True
2809-ZMYOQ,32,Month-to-month,Electronic check,101.35,3334.9,No,0.55646855,Medium,64.56,True
5084-OOVCJ,17,Month-to-month,Credit card (automatic),55.35,920.5,No,0.16835827,Low,25.77,False
0254-WWRKD,67,One year,Credit card (automatic),50.55,3431.75,No,0.03086337,Low,14.93,False
7727-SHVZV,9,Month-to-month,Bank transfer (automatic),19.5,150.35,No,0.12688841,Low,13.81,False
6302-JGYRJ,31,One year,Mailed check,79.45,2587.7,Yes,0.21115562,Low,34.85,False
5339-PXDVH,4,Month-to-month,Electronic check,90.65,367.95,No,0.5988151,Medium,64.82,True
2205-LPVGL,58,One year,Bank transfer (automatic),89.85,5125.75,No,0.04642798,Low,25.95,True
8782-NUUOL,60,One year,Mailed check,79.0,4801.1,No,0.057542972,Low,23.99,False
3685-YLCMQ,58,One year,Electronic check,104.65,6219.6,Yes,0.5450131,Medium,64.59,True
7601-WFVZV,1,Month-to-month,Mailed check,19.55,19.55,No,0.31715816,Medium,27.14,False
4609-KNNWG,27,Two year,Mailed check,19.9,550.1,No,0.007935595,Low,5.58,False
4868-AADLV,66,One year,Electronic check,116.25,7862.25,No,0.19203873,Low,42.81,True
9529-OFXHY,15,Month-to-month,Bank transfer (automatic),87.75,1242.2,No,0.39796793,Medium,50.03,False
8634-MPHTR,47,Month-to-month,Electronic check,100.05,4871.05,Yes,0.69805115,High,74.14,True
2669-QVCRG,41,Month-to-month,Credit card (automatic),81.3,3190.65,No,0.3087095,Medium,42.15,False
2478-EEWWM,59,Month-to-month,Electronic check,44.3,2666.75,No,0.45814484,Medium,43.26,False
9174-IHETN,50,Two year,Credit card (automatic),70.35,3533.6,No,0.04767694,Low,21.11,False
2233-TXSIU,17,One year,Credit card (automatic),44.45,792.15,No,0.05795945,Low,15.29,False
9644-UMGQA,6,Month-to-month,Electronic check,49.15,295.65,No,0.33234012,Medium,35.68,False
3256-EZDBI,51,Month-to-month,Credit card (automatic),29.45,1459.35,No,0.22258596,Low,23.02,False
8761-NSOBC,44,Month-to-month,Electronic check,100.55,4398.15,Yes,0.35737717,Medium,50.42,True
0419-YAAPX,49,Month-to-month,Credit card (automatic),85.3,4297.95,No,0.29284427,Low,42.05,False
8413-VONUO,2,Month-to-month,Electronic check,95.65,167.3,Yes,0.6279952,High,68.12,True
0872-CASZJ,59,One year,Mailed check,69.1,4096.9,No,0.045217425,Low,20.62,False
4726-DLWQN,50,Month-to-month,Bank transfer (automatic),70.35,3454.6,No,0.10857778,Low,25.37,False
8164-OCKUJ,59,Two year,Mailed check,20.6,1286.0,No,0.009534921,Low,5.87,False
3094-JOJAI,18,Month-to-month,Mailed check,74.15,1387.0,No,0.24331363,Low,35.76,False
9494-MRNYX,10,Month-to-month,Electronic check,75.05,786.3,No,0.5279241,Medium,55.91,False
2599-CZABP,14,One year,Electronic check,44.6,641.25,No,0.11249642,Low,19.14,False
7945-PRBVF,35,Two year,Bank transfer (automatic),21.45,705.45,No,0.011759703,Low,6.24,False
4544-RXFMG,8,One year,Mailed check,43.45,345.5,No,0.1674013,Low,22.69,False
0859-YGKFW,18,One year,Bank transfer (automatic),20.05,345.9,No,0.036203198,Low,7.6,False
1150-FTQGN,60,One year,Bank transfer (automatic),94.15,5811.8,No,0.037514377,Low,26.41,True
9223-UCPVT,1,Month-to-month,Electronic check,94.4,94.4,Yes,0.84671235,High,83.12,True
7196-LIWRH,6,Two year,Mailed check,19.55,124.45,No,0.01474503,Low,5.97,False
5448-VWNAM,19,Month-to-month,Mailed check,75.9,1375.6,No,0.09897563,Low,26.1,False
1177-XZBJL,53,One year,Bank transfer (automatic),64.15,3491.55,No,0.03371111,Low,18.57,False
3518-FSTWG,72,Two year,Bank transfer (automatic),109.55,7920.7,No,0.03116722,Low,29.86,True
9330-VOFSZ,60,Two year,Credit card (automatic),110.8,6640.7,No,0.056041468,Low,31.91,True
4351-QLCSU,1,Month-to-month,Credit card (automatic),55.0,55.0,Yes,0.69140226,High,62.29,False
0939-EREMR,13,Month-to-month,Mailed check,53.45,718.1,No,0.1706232,Low,25.45,False
9389-ACWBI,5,Month-to-month,Credit card (automatic),69.95,320.4,No,0.49113417,Medium,52.05,False
5419-JPRRN,1,Month-to-month,Electronic check,101.45,101.45,Yes,0.9350582,High,91.08,True
3644-QXEHN,13,Month-to-month,Electronic check,97.0,1334.45,No,0.5052594,Medium,59.87,True
2911-IJORQ,37,One year,Bank transfer (automatic),90.6,3358.65,No,0.061081294,Low,27.16,True
5921-NGYRH,64,Month-to-month,Mailed check,73.55,4764.0,No,0.114686586,Low,26.61,False
2100-BDNSN,5,Month-to-month,Bank transfer (automatic),67.95,350.3,Yes,0.32271904,Medium,39.76,False
5998-DZLYR,61,Two year,Bank transfer (automatic),94.35,5703.0,No,0.027423728,Low,25.76,True
0488-GSLFR,1,Month-to-month,Electronic check,69.5,69.5,Yes,0.8654336,High,78.14,False
9318-NKNFC,1,Month-to-month,Mailed check,18.85,18.85,Yes,0.25347263,Low,22.51,False
3985-HOYPM,26,One year,Mailed check,19.4,525.55,No,0.02121154,Low,6.39,False
9728-FTTVZ,1,Month-to-month,Electronic check,69.2,69.2,Yes,0.8654336,High,78.06,False
9548-LERKT,24,Two year,Mailed check,19.75,483.15,No,0.012846157,Low,5.89,False
6576-FBXOJ,17,One year,Electronic check,54.6,934.8,No,0.22539338,Low,29.57,False
4310-KEDTB,26,Month-to-month,Mailed check,29.8,786.5,No,0.20658112,Low,21.99,False
7254-IQWOZ,1,Month-to-month,Electronic check,69.65,69.65,Yes,0.86280483,High,77.99,False
2474-BRUCM,40,Month-to-month,Electronic check,101.85,4086.3,Yes,0.60562354,High,68.12,True
4062-HBMOS,52,Month-to-month,Electronic check,103.05,5364.8,No,0.60535216,High,68.41,True
0742-NXBGR,1,Month-to-month,Electronic check,82.3,82.3,Yes,0.83085454,High,78.95,False
2676-ISHSF,1,Month-to-month,Mailed check,20.3,20.3,No,0.2705484,Low,24.07,False
9236-NDUCW,21,Two year,Mailed check,35.1,770.4,No,0.020162793,Low,10.28,False
4753-PADAS,67,One year,Bank transfer (automatic),105.7,6816.95,No,0.23225217,Low,42.96,True
6103-QCKFX,44,Month-to-month,Bank transfer (automatic),56.25,2419.55,No,0.098553605,Low,21.11,False
7781-EWARA,70,One year,Electronic check,60.35,4138.7,No,0.08277126,Low,21.04,False
6110-OHIHY,3,Month-to-month,Electronic check,79.25,267.6,Yes,0.66964215,High,66.9,False
7018-FPXHH,56,Two year,Bank transfer (automatic),59.8,3457.45,No,0.014284277,Low,16.11,False
5889-LFOLL,13,Month-to-month,Electronic check,84.6,1115.2,Yes,0.7645591,High,74.89,False
5708-EVONK,58,Month-to-month,Bank transfer (automatic),93.4,5435.6,Yes,0.17626213,Low,35.93,True
8708-XPXHZ,42,Month-to-month,Electronic check,94.2,4186.3,Yes,0.56135494,Medium,63.09,True
0616-ATFGB,1,Month-to-month,Electronic check,25.05,25.05,Yes,0.7537353,High,59.09,False
0572-ZJKLT,46,Two year,Mailed check,99.65,4630.2,No,0.02922574,Low,27.22,True
5135-RDDQL,63,Two year,Bank transfer (automatic),50.65,3221.25,No,0.025298815,Low,14.57,False
1353-LJWEM,11,Month-to-month,Electronic check,60.9,688.5,No,0.19448324,Low,29.0,False
1794-SWWKL,15,Month-to-month,Bank transfer (automatic),59.65,867.1,No,0.16342115,Low,26.51,False
6166-YIPFO,72,Two year,Electronic check,64.7,4746.05,No,0.020101663,Low,17.75,False
7016-BPGEU,29,Month-to-month,Credit card (automatic),25.1,712.85,Yes,0.2627002,Low,24.73,False
6876-ADESB,1,Month-to-month,Electronic check,48.95,48.95,Yes,0.6393661,High,57.12,False
9332-GYWLO,6,Month-to-month,Electronic check,54.85,355.1,No,0.3599894,Medium,39.06,False
1963-SVUCV,1,Month-to-month,Electronic check,45.3,45.3,Yes,0.5859813,Medium,52.46,False
4184-VODJZ,63,One year,Electronic check,91.35,5764.7,No,0.1319681,Low,32.32,True
0220-EBGCE,2,Month-to-month,Electronic check,85.85,167.3,Yes,0.75118923,High,74.27,False
1092-WPIVQ,18,Two year,Mailed check,25.1,428.45,No,0.0153494775,Low,7.42,False
7233-IOQNP,43,Month-to-month,Bank transfer (automatic),34.0,1505.35,No,0.101861775,Low,15.72,False
2834-JKOOW,15,One year,Mailed check,45.9,693.45,No,0.055754766,Low,15.5,False
2754-VDLTR,10,Month-to-month,Electronic check,95.2,930.4,Yes,0.64004153,High,68.85,True
2400-FEQME,55,Two year,Mailed check,20.5,1177.95,No,0.012482656,Low,6.05,False
3190-XFANI,49,One year,Bank transfer (automatic),100.6,5069.65,Yes,0.30006987,Medium,46.42,True
7551-DACSP,6,Month-to-month,Mailed check,55.3,324.25,Yes,0.33574986,Medium,37.47,False
4957-SREEC,70,Two year,Credit card (automatic),20.35,1458.1,No,0.0050965194,Low,5.5,False
7235-NXZCP,2,Month-to-month,Mailed check,74.85,156.4,Yes,0.7633988,High,72.35,False
0230-UBYPQ,63,One year,Bank transfer (automatic),36.1,2298.9,No,0.02845632,Low,11.11,False
4923-ADWXJ,25,Month-to-month,Bank transfer (automatic),65.8,1679.65,No,0.10375785,Low,23.89,False
1763-KUAAW,18,One year,Bank transfer (automatic),20.35,369.6,No,0.037607573,Low,7.77,False
1104-TNLZA,28,Month-to-month,Electronic check,105.8,2998.0,No,0.50925463,Medium,62.38,True
5195-KPUNQ,53,One year,Mailed check,96.75,5206.55,No,0.101911515,Low,31.58,True
0520-FDVVT,35,One year,Bank transfer (automatic),102.35,3626.1,Yes,0.24568474,Low,43.05,True
3439-GVUSX,1,Month-to-month,Mailed check,24.4,24.4,No,0.4593378,Medium,38.32,False
1444-VVSGW,70,One year,Credit card (automatic),115.65,7968.85,Yes,0.27429804,Low,48.42,True
5712-PTIWW,2,Month-to-month,Electronic check,79.85,152.45,Yes,0.70596606,High,69.59,False
5949-HGVJL,26,Month-to-month,Electronic check,73.05,1959.5,No,0.17316234,Low,30.58,False
5203-XEHAX,34,One year,Electronic check,64.35,2053.05,No,0.052769277,Low,19.95,False
1635-HDGFT,19,Two year,Mailed check,20.5,398.55,No,0.010825003,Low,5.94,False
3315-TOTBP,15,Month-to-month,Mailed check,76.0,1130.85,Yes,0.5021003,Medium,54.35,False
8050-XGRVL,62,One year,Credit card (automatic),54.75,3425.35,No,0.033298023,Low,16.16,False
6661-HBGWL,42,Month-to-month,Bank transfer (automatic),104.75,4323.45,Yes,0.55415034,Medium,65.25,True
1518-VOWAV,9,Month-to-month,Electronic check,74.65,703.55,Yes,0.31192952,Medium,40.69,False
9828-QHFBK,24,Month-to-month,Electronic check,51.15,1275.7,No,0.17402135,Low,25.1,False
3908-MKIMJ,68,Two year,Electronic check,41.95,2965.75,No,0.06312151,Low,15.02,False
5012-YSPJJ,31,Month-to-month,Mailed check,54.35,1647.0,No,0.058391403,Low,17.82,False
5909-ECHUI,1,Month-to-month,Electronic check,56.25,56.25,Yes,0.73588914,High,65.72,False
1309-BXVOQ,21,Month-to-month,Electronic check,106.1,2249.95,Yes,0.7054619,High,76.19,True
6728-VOIFY,63,One year,Electronic check,96.0,6109.75,No,0.16126977,Low,35.54,True
9317-WZPGV,2,Month-to-month,Bank transfer (automatic),79.75,159.4,Yes,0.7522742,High,72.81,False
4891-NLUBA,61,Two year,Bank transfer (automatic),61.45,3751.15,No,0.0145266885,Low,16.54,False
2856-HYAPG,1,Month-to-month,Electronic check,68.65,68.65,Yes,0.8091644,High,73.98,False
8969-PRHFK,18,One year,Mailed check,19.65,411.25,No,0.02514628,Low,6.72,False
0661-KQHNK,6,One year,Credit card (automatic),19.0,105.5,No,0.013432342,Low,5.74,False
8709-KRDVL,33,Month-to-month,Electronic check,100.0,3320.6,No,0.56071514,Medium,64.51,True
4488-PSYCG,16,Month-to-month,Bank transfer (automatic),20.25,327.45,Yes,0.1059683,Low,12.53,False
1427-VERSM,56,Month-to-month,Electronic check,98.7,5669.5,No,0.303158,Medium,46.16,True
9801-NOSHQ,23,One year,Mailed check,19.8,465.45,No,0.018980855,Low,6.33,False
6339-YPSAH,9,Month-to-month,Electronic check,73.8,704.3,No,0.51556337,Medium,54.73,False
3621-CEOVK,14,Month-to-month,Electronic check,100.2,1369.8,Yes,0.7701347,High,79.22,True
6906-ANDWJ,15,Month-to-month,Bank transfer (automatic),74.9,1107.25,Yes,0.5323037,Medium,56.18,False
2159-TURXX,5,Month-to-month,Credit card (automatic),20.05,95.55,No,0.10286603,Low,12.27,False
1548-FEHVL,61,Month-to-month,Electronic check,106.2,6375.2,No,0.24879742,Low,44.25,True
3795-CAWEX,70,Two year,Credit card (automatic),116.55,8152.3,No,0.05342709,Low,33.18,True
6215-NQCPY,15,Month-to-month,Electronic check,99.7,1566.75,No,0.740357,High,77.01,True
5647-URDKA,8,Two year,Mailed check,19.7,130.25,No,0.016999098,Low,6.17,False
2229-DPMBI,8,Two year,Mailed check,19.5,162.15,No,0.017085766,Low,6.12,False
9626-WEQRM,4,Month-to-month,Mailed check,29.15,110.05,No,0.3157244,Medium,29.46,False
2188-SXWVT,34,One year,Mailed check,55.0,1885.15,No,0.038978133,Low,16.62,False
6258-PVZWJ,68,Two year,Credit card (automatic),90.8,6302.85,No,0.023070449,Low,24.55,True
1094-BKOSX,45,One year,Bank transfer (automatic),51.0,2264.5,No,0.08729791,Low,19.0,False
6969-MVBAI,9,Month-to-month,Electronic check,90.1,816.8,No,0.80686444,High,79.24,True
2978-XXSOG,22,Month-to-month,Mailed check,59.05,1253.5,No,0.112406895,Low,22.79,False
2342-CKIAO,2,Month-to-month,Mailed check,20.3,41.2,No,0.105132945,Low,12.49,False
6953-PBDIN,70,Two year,Bank transfer (automatic),72.95,5265.55,No,0.04438189,Low,21.54,False
3898-BSJYF,10,One year,Credit card (automatic),73.55,693.3,No,0.07947784,Low,24.14,False
3938-YFPXD,72,Two year,Credit card (automatic),84.3,5997.1,No,0.006108533,Low,21.72,False
7696-AMHOD,49,One year,Credit card (automatic),78.0,3824.2,No,0.07726343,Low,25.11,False
2453-SAFNS,54,One year,Mailed check,72.1,3886.05,No,0.054317415,Low,22.02,False
9558-IHEZX,71,Two year,Credit card (automatic),106.75,7283.25,No,0.03864447,Low,29.67,True
9617-UDPEU,22,One year,Mailed check,19.25,412.55,No,0.023382714,Low,6.5,False
6340-DACFT,50,Two year,Credit card (automatic),20.55,1070.25,No,0.009908954,Low,5.89,False
4955-VCWBI,43,One year,Mailed check,20.0,817.95,No,0.013034414,Low,5.97,False
6813-GZQCG,45,Two year,Credit card (automatic),24.65,1171.3,No,0.0129457405,Low,7.13,False
7426-GSWPO,64,Month-to-month,Bank transfer (automatic),103.5,6548.65,No,0.19247696,Low,39.62,True
3389-KTRXV,23,Two year,Mailed check,23.85,625.65,No,0.0147483125,Low,7.06,False
3118-UHVVQ,68,Two year,Credit card (automatic),25.8,1911.5,No,0.0062982165,Low,6.96,False
1031-IIDEO,1,Month-to-month,Electronic check,70.85,70.85,Yes,0.81150544,High,74.7,False
5832-XKAES,2,Month-to-month,Credit card (automatic),69.8,134.7,Yes,0.5918532,Medium,59.06,False
3205-MXZRA,26,One year,Credit card (automatic),59.45,1507.0,No,0.0485914,Low,18.42,False
4701-AHWMW,55,Month-to-month,Bank transfer (automatic),54.55,2978.3,Yes,0.16710421,Low,25.48,False
8317-BVKSO,14,Month-to-month,Electronic check,20.05,299.3,No,0.14581555,Low,15.27,False
5702-KVQRD,71,Two year,Electronic check,82.55,5832.65,No,0.013552252,Low,21.8,False
0083-PIVIK,64,One year,Electronic check,81.25,5567.55,No,0.045179747,Low,23.69,False
9210-IAHGH,7,Month-to-month,Credit card (automatic),70.75,450.8,Yes,0.2800259,Low,37.48,False
6169-PGNCD,57,Two year,Credit card (automatic),74.3,4166.35,No,0.02102657,Low,20.24,False
0023-XUOPT,13,Month-to-month,Electronic check,94.1,1215.6,Yes,0.57596046,Medium,64.09,True
4592-IWTJI,3,Month-to-month,Credit card (automatic),29.7,91.7,Yes,0.30477718,Medium,28.84,False
4909-JOUPP,72,Two year,Credit card (automatic),109.7,7898.45,No,0.03868147,Low,30.42,True
4657-FWVFY,40,Month-to-month,Credit card (automatic),96.35,3915.4,No,0.30611774,Medium,45.77,True
2257-BOVXD,14,Month-to-month,Credit card (automatic),66.6,979.5,No,0.21700738,Low,32.02,False
7729-JTEEC,2,Month-to-month,Electronic check,44.5,90.05,No,0.48841104,Medium,45.43,False
7632-MNYOY,66,One year,Credit card (automatic),110.9,7432.05,Yes,0.40361118,Medium,56.27,True
6518-LGAOV,38,Month-to-month,Electronic check,105.0,4026.4,Yes,0.60845953,High,69.12,True
7242-QZLXF,1,Month-to-month,Electronic check,25.3,25.3,Yes,0.6676118,High,53.12,False
4576-CSAJH,22,One year,Credit card (automatic),55.15,1193.05,Yes,0.16785821,Low,25.68,False
1000-AJSLD,1,Month-to-month,Mailed check,20.1,20.1,Yes,0.50306934,Medium,40.29,False
9696-RMYBA,5,Month-to-month,Mailed check,80.1,398.55,No,0.6631895,High,66.66,False
8690-UPCZI,29,One year,Bank transfer (automatic),69.05,1958.45,No,0.027579661,Low,19.37,False
1062-LHZOD,1,Month-to-month,Mailed check,69.9,69.9,Yes,0.7962798,High,73.4,False
9770-LXDBK,3,Month-to-month,Mailed check,20.4,63.15,No,0.10788781,Low,12.71,False
4086-WITJG,71,Two year,Credit card (automatic),19.7,1301.1,No,0.0057318658,Low,5.38,False
8344-WFMFH,9,Month-to-month,Electronic check,50.1,484.05,No,0.28533474,Low,32.63,False
9600-NAXZN,43,Month-to-month,Electronic check,101.4,4528.0,Yes,0.7034123,High,74.86,True
8822-KNBHV,48,One year,Credit card (automatic),83.45,3887.85,No,0.075836785,Low,26.39,False
8404-FYDIB,26,Month-to-month,Credit card (automatic),86.65,2208.75,No,0.26324105,Low,40.32,False
2791-SFVEW,9,Month-to-month,Bank transfer (automatic),20.15,238.15,No,0.13083524,Low,14.25,False
6457-USBER,1,Month-to-month,Electronic check,80.8,80.8,Yes,0.85240805,High,80.08,False
6762-NSODU,46,Two year,Credit card (automatic),19.4,958.15,No,0.011519041,Low,5.71,False
4662-EKDPQ,2,Month-to-month,Bank transfer (automatic),62.05,118.3,Yes,0.41248968,Medium,44.55,False
9248-OJYKK,1,Month-to-month,Electronic check,76.45,76.45,Yes,0.9291277,High,84.35,False
9888-ZCUMM,64,Two year,Bank transfer (automatic),60.05,3845.45,No,0.011375638,Low,15.97,False
3398-FSHON,12,Month-to-month,Electronic check,91.3,1094.5,Yes,0.8252122,High,80.83,True
3319-DWOEP,6,Month-to-month,Electronic check,95.75,573.75,Yes,0.7661321,High,77.82,True
1074-WVEVG,59,One year,Mailed check,20.35,1267.0,No,0.020216983,Low,6.56,False
9979-RGMZT,7,One year,Mailed check,94.05,633.45,No,0.42135066,Medium,53.25,True
6437-UDQJM,72,Two year,Credit card (automatic),84.1,6129.65,No,0.013256499,Low,22.17,False
1226-IENZN,16,Month-to-month,Electronic check,78.75,1218.25,No,0.5075561,Medium,55.42,False
2108-GLPQB,25,Month-to-month,Credit card (automatic),55.55,1405.3,No,0.13574919,Low,23.54,False
9259-PACGQ,34,Month-to-month,Electronic check,62.65,2274.9,Yes,0.13940726,Low,25.59,False
4415-IJZTP,1,Month-to-month,Electronic check,74.5,74.5,Yes,0.876803,High,80.2,False
1465-VINDH,10,Month-to-month,Credit card (automatic),102.1,1068.85,Yes,0.81832,High,83.08,True
5474-LAMUQ,24,One year,Mailed check,20.1,533.9,No,0.015552714,Low,6.17,False
3468-DRVQJ,10,One year,Electronic check,70.3,676.15,No,0.08020341,Low,23.37,False
1122-YJBCS,69,One year,Credit card (automatic),53.65,3804.4,No,0.022956885,Low,15.16,False
4990-ALDGW,57,Two year,Mailed check,20.75,1118.8,No,0.019574288,Low,6.61,False
4816-OKWNX,50,One year,Bank transfer (automatic),103.4,5236.4,No,0.22726895,Low,42.03,True
3315-IKYZQ,28,One year,Mailed check,50.8,1386.8,No,0.0276984,Low,14.77,False
2810-FTLEM,16,Month-to-month,Electronic check,50.15,762.25,Yes,0.26088062,Low,30.93,False
4747-LCAQL,25,Month-to-month,Mailed check,79.0,1902.0,No,0.09544384,Low,26.64,False
3411-WLRSQ,3,Month-to-month,Bank transfer (automatic),74.6,239.05,No,0.60325515,High,61.07,False
0898-XCGTF,61,One year,Bank transfer (automatic),96.5,5673.7,No,0.20461832,Low,38.7,True
8006-PYCSW,2,Month-to-month,Mailed check,20.1,39.8,No,0.11403738,Low,13.06,False
8249-THVEC,51,One year,Mailed check,19.4,997.75,No,0.02081897,Low,6.36,False
8722-PRFDV,71,Two year,Credit card (automatic),77.55,5574.35,No,0.013893949,Low,20.56,False
2164-SOQXL,20,Month-to-month,Mailed check,20.05,406.05,No,0.07245549,Low,10.14,False
4020-KIUDI,6,Month-to-month,Credit card (automatic),19.85,138.85,No,0.111039005,Low,12.79,False
5850-BDWCY,6,Month-to-month,Mailed check,20.2,123.65,No,0.088804565,Low,11.32,False
2038-YSEZE,29,Month-to-month,Mailed check,67.45,1801.1,No,0.06599553,Low,21.66,False
0827-ITJPH,36,Two year,Credit card (automatic),18.55,689.0,No,0.007936898,Low,5.24,False
8799-OXZMD,28,Month-to-month,Mailed check,29.75,790.7,No,0.2543899,Low,25.32,False
1925-TIBLE,7,Month-to-month,Electronic check,86.5,582.5,Yes,0.8145065,High,78.87,False
1705-GUHPV,63,Two year,Mailed check,24.2,1618.2,No,0.007473111,Low,6.64,False
4779-ZGICK,48,Two year,Mailed check,23.55,1173.35,No,0.015447598,Low,7.03,False
0048-PIHNL,49,One year,Bank transfer (automatic),20.45,900.9,No,0.019253662,Low,6.51,False
0818-OCPZO,27,Month-to-month,Electronic check,81.45,2122.05,Yes,0.5304126,Medium,57.71,False
3967-KXAPS,72,Two year,Credit card (automatic),92.3,6719.9,No,0.005059545,Low,23.67,True
1447-GIQMR,1,Month-to-month,Electronic check,69.15,69.15,Yes,0.86328477,High,77.9,False
3704-IEAXF,72,Two year,Credit card (automatic),53.65,3784.0,No,0.009364769,Low,14.21,False
6810-VCAEX,47,One year,Credit card (automatic),39.65,1798.65,No,0.033726543,Low,12.38,False
0674-EYYZV,1,Month-to-month,Electronic check,54.65,54.65,No,0.71060497,High,63.55,False
4480-MBMLB,36,One year,Bank transfer (automatic),104.8,3886.45,No,0.23203872,Low,42.72,True
1395-OFUWC,43,Month-to-month,Credit card (automatic),29.3,1224.05,No,0.166985,Low,19.09,False
0822-QGCXA,27,Month-to-month,Electronic check,83.85,2310.2,No,0.2613857,Low,39.48,False
0872-NXJYS,9,Month-to-month,Electronic check,79.55,723.4,Yes,0.6327021,High,64.39,False
2832-KJCRD,38,Month-to-month,Electronic check,103.65,3988.5,No,0.5122404,Medium,62.04,True
3588-WSTTJ,35,Month-to-month,Electronic check,99.05,3554.6,No,0.48921016,Medium,59.27,True
4075-WKNIU,0,Two year,Mailed check,73.35,0.0,No,0.077296324,Low,23.94,False
5090-EMGTC,59,Two year,Mailed check,100.05,6034.85,No,0.039368138,Low,28.03,True
2346-CZYIL,27,Two year,Credit card (automatic),20.35,531.6,No,0.007132992,Low,5.64,False
3798-EPWRR,2,Month-to-month,Electronic check,43.95,85.1,No,0.5002991,Medium,46.12,False
6258-NGCNG,7,Month-to-month,Mailed check,23.5,173.0,No,0.13342848,Low,15.28,False
4186-ZBUEW,36,One year,Mailed check,70.7,2511.95,No,0.16126391,Low,29.15,False
5274-XHAKY,41,Month-to-month,Bank transfer (automatic),94.3,3893.6,No,0.20725258,Low,38.33,True
1442-BQPVU,13,Month-to-month,Electronic check,29.15,357.15,No,0.226506,Low,23.22,False
3978-YNKDD,19,Two year,Credit card (automatic),20.85,467.5,No,0.010189621,Low,5.98,False
4940-KHCWD,60,Two year,Bank transfer (automatic),37.7,2288.7,No,0.013873568,Low,10.5,False
9412-ARGBX,48,Two year,Mailed check,95.5,4627.85,Yes,0.03420889,Low,26.52,True
1389-CXMLU,3,Month-to-month,Electronic check,91.05,289.1,Yes,0.7838533,High,77.87,True
9589-ABEPT,69,Two year,Mailed check,92.45,6460.55,No,0.032144945,Low,25.61,True
9388-ZEYVT,43,One year,Electronic check,44.15,1931.3,No,0.08277819,Low,16.95,False
0305-SQECB,11,One year,Mailed check,36.05,402.6,No,0.039275777,Low,11.86,False
7605-SNLQG,45,Month-to-month,Credit card (automatic),50.25,2221.55,No,0.13111036,Low,21.87,False
4670-TABXH,72,Two year,Credit card (automatic),109.75,7758.9,No,0.05105498,Low,31.3,True
5561-NWEVX,2,Month-to-month,Electronic check,79.2,172.85,Yes,0.78536505,High,74.98,False
0064-SUDOG,12,Two year,Bank transfer (automatic),20.3,224.5,No,0.014449958,Low,6.14,False
8561-NMTBD,67,One year,Credit card (automatic),112.35,7388.45,No,0.09079786,Low,34.74,True
5161-XEUVX,37,Two year,Mailed check,94.3,3460.95,No,0.040825758,Low,26.68,True
8292-FRFZQ,39,One year,Bank transfer (automatic),41.15,1700.9,No,0.04747192,Low,13.72,False
8591-NXRCV,41,Month-to-month,Bank transfer (automatic),74.65,3090.65,No,0.12395151,Low,27.54,False
7895-VONWT,25,Month-to-month,Electronic check,48.25,1293.8,No,0.4204623,Medium,41.62,False
4526-RMTLL,8,Two year,Credit card (automatic),76.15,645.8,No,0.01846204,Low,20.53,False
6253-GNHWH,71,Two year,Mailed check,71.1,5224.95,No,0.008071049,Low,18.53,False
4566-NECEV,5,Month-to-month,Electronic check,96.55,500.1,No,0.62939423,High,68.45,True
8080-POTJR,30,One year,Credit card (automatic),79.3,2427.1,No,0.1096286,Low,27.71,False
6906-MPARY,40,One year,Credit card (automatic),89.6,3488.15,No,0.1011337,Low,29.72,False
3662-FXJFO,54,Two year,Mailed check,20.5,1035.7,No,0.014177111,Low,6.17,False
8107-RZLNV,72,Two year,Bank transfer (automatic),106.3,7565.35,No,0.14161633,Low,36.77,True
0516-OOHAR,28,One year,Bank transfer (automatic),100.35,2799.0,No,0.17963296,Low,37.93,True
2027-CWDNU,18,Month-to-month,Electronic check,85.6,1601.5,No,0.3584203,Medium,46.71,False
2737-WFVYW,2,Month-to-month,Electronic check,45.25,85.5,Yes,0.76702654,High,65.12,False
9912-OMZDS,59,One year,Electronic check,106.15,6256.2,No,0.28996864,Low,47.11,True
3733-ZEECP,22,Month-to-month,Electronic check,51.1,1232.9,No,0.18689746,Low,25.99,False
7878-RTCZG,1,Month-to-month,Mailed check,19.9,19.9,No,0.4324953,Medium,35.3,False
2452-MRMZF,72,Two year,Credit card (automatic),25.7,1937.4,No,0.0062840544,Low,6.93,False
2272-QAGFO,14,Month-to-month,Electronic check,74.3,1096.25,Yes,0.71991444,High,69.16,False
7103-IPXPJ,50,One year,Electronic check,99.4,5059.75,No,0.25284752,Low,42.81,True
4342-HFXWS,48,One year,Bank transfer (automatic),69.7,3023.65,No,0.047530707,Low,20.94,False
3545-CNWRG,49,Month-to-month,Electronic check,98.35,4889.2,No,0.48376295,Medium,58.71,True
1785-BPHTP,28,Month-to-month,Electronic check,85.45,2289.9,No,0.39297876,Medium,49.1,False
4989-LIXVT,68,Month-to-month,Electronic check,95.9,6503.2,No,0.38428903,Medium,51.13,True
7315-WYOAW,13,Month-to-month,Electronic check,100.75,1313.25,No,0.58247316,Medium,66.23,True
1173-XZPYF,11,Month-to-month,Electronic check,89.2,990.3,No,0.684,High,70.41,False
9850-OWRHQ,3,Month-to-month,Credit card (automatic),74.1,228.0,Yes,0.71792364,High,68.97,False
3768-NLUBH,57,Month-to-month,Electronic check,100.6,5746.15,Yes,0.54880387,Medium,63.83,True
8676-TRMJS,3,Month-to-month,Mailed check,75.0,209.1,Yes,0.58326733,Medium,59.78,False
2509-TFPJU,72,Two year,Credit card (automatic),25.75,1864.2,No,0.0042699147,Low,6.8,False
9530-GRMJG,70,Two year,Electronic check,84.1,5979.7,No,0.04617348,Low,24.48,False
6898-RBTLU,49,Two year,Bank transfer (automatic),79.3,3902.45,No,0.020834012,Low,21.49,False
5481-NTDOH,67,One year,Credit card (automatic),107.05,7142.5,No,0.23855434,Low,43.74,True
2068-WWXQZ,46,Two year,Bank transfer (automatic),20.05,902.0,No,0.012508038,Low,5.94,False
7359-SSBJK,64,Two year,Credit card (automatic),70.2,4481.0,Yes,0.03310044,Low,20.05,False
2061-VVFST,37,Month-to-month,Bank transfer (automatic),19.5,805.2,No,0.06798562,Low,9.69,False
0685-MLYYM,2,Month-to-month,Electronic check,70.75,154.85,Yes,0.5707033,Medium,57.82,False
0749-IRGQE,13,Month-to-month,Electronic check,45.3,528.45,No,0.5361897,Medium,48.98,False
2380-DAMQP,72,Two year,Electronic check,115.15,8349.7,No,0.01786949,Low,30.34,True
2256-YLYLP,68,Two year,Bank transfer (automatic),72.95,4953.25,No,0.056506135,Low,22.38,False
1272-ILHFG,15,One year,Mailed check,19.65,332.65,No,0.026486808,Low,6.82,False
0164-XAIRP,24,Two year,Bank transfer (automatic),19.55,470.2,No,0.014485564,Low,5.95,False
5666-CYCYZ,24,Month-to-month,Electronic check,89.55,2259.35,No,0.47540745,Medium,55.9,False
4011-ARPHK,27,Month-to-month,Mailed check,50.35,1411.35,No,0.07590369,Low,18.03,False
8182-PNAGI,12,Month-to-month,Bank transfer (automatic),50.25,593.75,Yes,0.16918968,Low,24.54,False
6365-HITVU,71,Two year,Credit card (automatic),87.25,6328.7,No,0.0046101697,Low,22.36,False
7558-IMLMT,67,Two year,Mailed check,20.8,1411.9,No,0.005564875,Low,5.64,False
9488-FYQAU,63,Two year,Bank transfer (automatic),109.25,6841.4,No,0.10111669,Low,34.68,True
3590-TCXTB,1,Month-to-month,Mailed check,20.35,20.35,No,0.2705484,Low,24.08,False
6994-KERXL,4,Month-to-month,Electronic check,55.9,238.5,No,0.4329471,Medium,44.43,False
7957-RYHQD,40,Month-to-month,Credit card (automatic),79.2,3233.85,Yes,0.3557083,Medium,44.91,False
2180-DXNEG,12,Month-to-month,Electronic check,96.0,1062.1,Yes,0.7943085,High,79.85,True
1960-UOTYM,52,Two year,Electronic check,79.2,4016.3,No,0.024892693,Low,21.75,False
2740-JFBOK,10,Month-to-month,Electronic check,24.0,226.55,No,0.23570837,Low,22.56,False
6500-JVEGC,68,One year,Bank transfer (automatic),101.35,7110.75,No,0.10491971,Low,32.95,True
5515-AKOAJ,54,Month-to-month,Electronic check,100.1,5440.9,Yes,0.5006941,Medium,60.34,True
8976-OQHGT,4,Month-to-month,Mailed check,56.5,235.1,Yes,0.23272583,Low,30.56,False
5245-VDBUR,52,One year,Mailed check,35.45,1958.95,No,0.0328559,Low,11.26,False
6230-BSUXY,1,Month-to-month,Electronic check,85.0,85.0,Yes,0.86323553,High,81.9,False
8469-SNFFH,70,One year,Bank transfer (automatic),79.4,5528.9,No,0.067543566,Low,24.79,False
2144-ESWKO,43,One year,Credit card (automatic),35.2,1463.7,No,0.047281053,Low,12.2,False
1241-FPMOF,52,Two year,Mailed check,19.65,1025.05,No,0.01774184,Low,6.21,False
9928-BZVLZ,12,Two year,Mailed check,49.85,552.1,No,0.023911651,Low,14.27,False
4114-QMKVN,56,One year,Bank transfer (automatic),68.75,3815.4,No,0.03976862,Low,20.15,False
2775-SEFEE,0,Two year,Bank transfer (automatic),61.9,0.0,No,0.016830264,Low,16.82,False
9003-CPATH,42,Month-to-month,Electronic check,79.9,3313.4,No,0.40219158,Medium,48.34,False
1754-GKYPY,22,Month-to-month,Bank transfer (automatic),89.75,1938.9,No,0.43131876,Medium,52.87,False
5294-CDGWY,51,One year,Electronic check,59.3,3014.65,Yes,0.1787881,Low,27.5,False
7956-XQWGU,27,Month-to-month,Credit card (automatic),19.4,460.25,No,0.072147325,Low,9.95,False
1591-MQJTP,51,One year,Bank transfer (automatic),93.65,4839.15,No,0.18906924,Low,36.89,True
5295-PCJOO,4,Month-to-month,Electronic check,49.4,184.4,Yes,0.41971573,Medium,41.86,False
2369-FEVNO,1,Month-to-month,Mailed check,19.9,19.9,No,0.5142177,Medium,41.02,False
9863-JZAIC,35,Month-to-month,Mailed check,55.0,2010.55,Yes,0.13047811,Low,23.03,False
7471-MQPOS,71,One year,Bank transfer (automatic),72.9,5139.65,No,0.0713432,Low,23.41,False
7660-HDPJV,1,Month-to-month,Electronic check,69.2,69.2,Yes,0.8654336,High,78.06,False
5115-SQAAU,69,Two year,Bank transfer (automatic),25.6,1673.4,No,0.006953199,Low,6.95,False
9845-QOMAD,14,One year,Mailed check,19.75,309.35,No,0.033517048,Low,7.34,False
7672-VFMXZ,57,Month-to-month,Electronic check,55.7,3171.6,No,0.12470626,Low,22.8,False
9739-JLPQJ,72,Two year,Credit card (automatic),117.5,8670.1,No,0.011157747,Low,30.47,True
9916-AYHTC,48,Two year,Credit card (automatic),19.85,916.0,No,0.010706584,Low,5.76,False
3855-ONCAR,4,Month-to-month,Mailed check,78.9,299.75,No,0.6774096,High,67.35,False
1488-SYSFC,31,Month-to-month,Electronic check,20.65,702.05,No,0.057590175,Low,9.25,False
7931-PXHFC,38,One year,Mailed check,62.3,2354.8,Yes,0.15805393,Low,26.8,False
3990-QYKBE,37,Month-to-month,Electronic check,92.5,3473.4,Yes,0.51458573,Medium,59.39,True
0970-QXPXW,1,Month-to-month,Mailed check,19.65,19.65,No,0.34352085,Medium,29.01,False
3259-KNMRR,57,Two year,Bank transfer (automatic),79.75,4438.2,No,0.07174876,Low,25.17,False
6120-RJKLU,62,Two year,Credit card (automatic),79.95,4819.75,No,0.0295984,Low,22.27,False
9572-WUKSB,3,Month-to-month,Electronic check,29.9,92.25,No,0.49745008,Medium,42.38,False
5893-KCLGT,72,Two year,Mailed check,19.75,1567.0,No,0.00681477,Low,5.47,False
0076-LVEPS,29,Month-to-month,Mailed check,45.0,1242.45,No,0.06560184,Low,15.96,False
3640-JQGJG,13,Month-to-month,Bank transfer (automatic),44.8,559.2,No,0.16233864,Low,22.68,False
4919-MOAVT,3,Month-to-month,Electronic check,69.65,220.1,Yes,0.5178538,Medium,53.85,False
1596-OQSPS,11,Month-to-month,Electronic check,51.1,531.15,No,0.17096387,Low,24.88,False
9867-XOBQA,21,Two year,Mailed check,53.15,1183.2,No,0.018651322,Low,14.73,False
9546-KDTRB,19,Month-to-month,Bank transfer (automatic),24.7,465.85,No,0.08755939,Low,12.37,False
3090-HAWSU,61,Two year,Credit card (automatic),111.6,6876.05,Yes,0.16412386,Low,39.68,True
9820-RMCQV,11,Month-to-month,Credit card (automatic),48.55,501.0,Yes,0.15354463,Low,23.01,False
3174-RKMOW,35,Month-to-month,Electronic check,109.95,3782.4,No,0.2567524,Low,45.75,True
1760-CAZHT,25,Month-to-month,Mailed check,20.8,460.2,No,0.04095206,Low,8.12,False
7839-QRKXN,1,Month-to-month,Mailed check,20.2,20.2,Yes,0.4883396,Medium,39.29,False
8441-SHIPE,67,Two year,Bank transfer (automatic),25.6,1790.35,No,0.0072777895,Low,6.98,False
5204-QZXPU,19,Month-to-month,Electronic check,39.65,733.35,Yes,0.5806579,Medium,50.66,False
4597-ELFTS,56,One year,Electronic check,24.9,1334.0,Yes,0.053224694,Low,10.02,False
1320-GVNHT,72,Two year,Credit card (automatic),108.4,7767.25,No,0.023456322,Low,29.03,True
1047-RNXZV,43,Two year,Mailed check,19.55,876.15,No,0.011632104,Low,5.75,False
3541-ZNUHK,55,Month-to-month,Electronic check,85.1,4600.95,No,0.20271307,Low,35.69,False
8450-JOVAH,2,Month-to-month,Mailed check,56.7,113.55,Yes,0.2805153,Low,33.96,False
8725-JEDFD,27,Month-to-month,Mailed check,69.05,1793.25,No,0.2008821,Low,31.51,False
7562-UXTPG,13,Month-to-month,Mailed check,70.15,886.7,No,0.41154334,Medium,46.53,False
8071-SBTRN,70,Two year,Mailed check,111.15,7737.55,No,0.07709768,Low,33.48,True
1113-IUJYX,14,One year,Mailed check,105.95,1348.9,Yes,0.3193565,Medium,49.12,True
6668-CNMFP,19,One year,Bank transfer (automatic),89.35,1686.85,No,0.12802365,Low,31.53,False
5626-MGTUK,20,Month-to-month,Bank transfer (automatic),89.1,1879.25,No,0.37434262,Medium,48.71,False
5681-LLOEI,43,One year,Credit card (automatic),91.25,4013.8,No,0.047017686,Low,26.34,True
8212-DJRCH,5,Month-to-month,Mailed check,90.35,434.5,No,0.56337315,Medium,62.26,True
4323-OHFOW,70,One year,Bank transfer (automatic),105.55,7195.35,No,0.20832813,Low,41.25,True
4933-BSAIP,40,Two year,Mailed check,19.1,780.1,No,0.0056791496,Low,5.22,False
2030-BTZRO,6,Two year,Credit card (automatic),20.4,107.6,No,0.010747318,Low,5.91,False
1116-DXXDF,39,Two year,Electronic check,100.45,3801.7,No,0.08119682,Low,31.06,True
9274-CNFMO,4,Month-to-month,Electronic check,74.95,308.7,Yes,0.68098104,High,66.6,False
7758-XKCBS,15,Month-to-month,Electronic check,29.7,438.25,Yes,0.40016705,Medium,35.51,False
8992-JQYUN,1,Month-to-month,Electronic check,50.35,50.35,Yes,0.845234,High,71.89,False
6563-VNPMN,45,Month-to-month,Bank transfer (automatic),85.7,3778.1,No,0.14748132,Low,31.97,False
0617-AQNWT,64,Two year,Electronic check,47.85,3147.5,Yes,0.071173675,Low,17.07,False
2267-WTPYD,57,Month-to-month,Credit card (automatic),94.0,5438.95,No,0.23294649,Low,40.05,True
0270-THENM,72,Two year,Bank transfer (automatic),69.85,5102.35,No,0.0051919534,Low,18.01,False
2446-PLQVO,1,Month-to-month,Electronic check,70.3,70.3,Yes,0.7970987,High,73.56,False
4707-MAXGU,72,Two year,Credit card (automatic),25.85,1872.2,No,0.0042699147,Low,6.83,False
2710-WYVXG,3,Two year,Mailed check,71.1,213.35,No,0.015387317,Low,19.04,False
3005-NFMTA,55,Month-to-month,Electronic check,98.8,5617.75,Yes,0.5101922,Medium,60.67,True
6300-BWMJX,59,Month-to-month,Electronic check,93.35,5386.5,No,0.2375285,Low,40.21,True
8784-CGILN,18,Month-to-month,Bank transfer (automatic),99.85,1776.95,Yes,0.60451055,High,67.54,True
5389-FFVKB,32,Month-to-month,Credit card (automatic),80.3,2483.05,Yes,0.44660592,Medium,51.55,False
7009-LGECI,4,Month-to-month,Bank transfer (automatic),50.55,235.65,No,0.2610501,Low,31.04,False
8444-WRIDW,66,Month-to-month,Credit card (automatic),80.45,5224.35,Yes,0.35241303,Medium,44.99,False
5022-KVDQT,27,Month-to-month,Electronic check,81.3,2272.8,No,0.5269905,Medium,57.43,False
7976-CICYS,4,Month-to-month,Credit card (automatic),20.7,83.75,No,0.0920709,Low,11.67,False
1036-GUDCL,60,Month-to-month,Credit card (automatic),79.05,4663.4,No,0.052721806,Low,23.66,False
2005-DWQZJ,8,Two year,Mailed check,19.05,201.7,No,0.0073834145,Low,5.33,False
8148-WOCMK,8,Two year,Credit card (automatic),19.6,125.0,No,0.012405305,Low,5.82,False
7815-PDTHL,35,Two year,Mailed check,20.2,684.4,No,0.009839435,Low,5.79,False
9451-LPGOO,7,Month-to-month,Electronic check,86.8,620.35,Yes,0.797798,High,77.77,False
9173-IVZVP,53,Two year,Mailed check,20.9,1146.05,No,0.0128031755,Low,6.18,False
9129-UXERG,18,Month-to-month,Credit card (automatic),103.6,1806.35,No,0.52396965,Medium,62.85,True
3635-JBPSG,15,Two year,Mailed check,38.8,603.0,No,0.093062416,Low,16.32,False
7964-ZRKKG,67,One year,Bank transfer (automatic),88.4,5798.3,No,0.10603246,Low,29.75,False
5868-YWPDW,6,Month-to-month,Electronic check,84.2,519.15,Yes,0.7295787,High,72.34,False
6229-LSCKB,6,Month-to-month,Electronic check,79.7,497.6,No,0.71596986,High,70.25,False
2025-JKFWI,13,Month-to-month,Mailed check,99.0,1301.7,Yes,0.6977735,High,73.85,True
4078-SAYYN,11,Month-to-month,Electronic check,100.75,1129.75,Yes,0.87642103,High,86.8,True
1724-IQWNM,1,Month-to-month,Mailed check,19.3,19.3,No,0.36078662,Medium,30.13,False
8217-QYOHV,5,Month-to-month,Mailed check,55.75,266.95,No,0.18213314,Low,26.83,False
5546-QUERU,13,One year,Mailed check,19.95,257.0,No,0.027033836,Low,6.93,False
9940-HPQPG,9,Month-to-month,Bank transfer (automatic),91.75,865.8,Yes,0.525417,Medium,59.96,True
6897-UUBNU,29,Month-to-month,Mailed check,89.65,2623.65,No,0.20076095,Low,36.7,False
6127-IYJOZ,1,Month-to-month,Mailed check,45.85,45.85,No,0.68202245,High,59.32,False
6618-RYATB,1,Month-to-month,Mailed check,79.55,79.55,Yes,0.9019956,High,83.24,False
8930-XOTDP,18,Month-to-month,Mailed check,55.95,1082.8,No,0.22133806,Low,29.63,False
5916-QEWPT,2,Month-to-month,Credit card (automatic),69.0,147.8,No,0.39475945,Medium,45.06,False
5060-TQUQN,30,Month-to-month,Bank transfer (automatic),83.55,2570.2,No,0.2812747,Low,40.8,False
0531-XBKMM,66,Two year,Bank transfer (automatic),65.7,4378.9,No,0.009925884,Low,17.29,False
8465-SBRXP,38,Two year,Bank transfer (automatic),94.9,3616.25,No,0.056150913,Low,27.91,True
2408-PSJVE,44,Month-to-month,Mailed check,61.9,2924.05,No,0.07428446,Low,20.84,False
9079-YEXQJ,54,Month-to-month,Electronic check,111.1,6014.85,Yes,0.3392865,Medium,51.82,True
9700-ZCLOT,2,Month-to-month,Mailed check,20.0,32.7,No,0.16343643,Low,16.49,False
8738-JOKAR,42,One year,Mailed check,67.7,2882.25,No,0.060353767,Low,21.33,False
4534-WGCIR,58,Two year,Credit card (automatic),25.15,1509.9,No,0.01133169,Low,7.15,False
1930-WNXSB,58,Month-to-month,Electronic check,92.85,5305.05,No,0.25763535,Low,41.49,True
2685-SREOM,25,Month-to-month,Electronic check,89.1,2368.4,Yes,0.5749944,Medium,62.76,False
3508-CFVZL,71,Two year,Mailed check,111.3,7985.9,No,0.015304472,Low,29.19,True
0402-CQAJN,37,Month-to-month,Bank transfer (automatic),101.9,3545.35,Yes,0.4223023,Medium,55.3,True
6692-UDPJC,14,Month-to-month,Electronic check,91.65,1301.0,Yes,0.56165636,Medium,62.47,True
1273-MTETI,4,Month-to-month,Electronic check,88.85,372.45,Yes,0.81754875,High,79.67,False
0657-DOGUM,48,One year,Bank transfer (automatic),60.6,2985.25,No,0.050237153,Low,18.83,False
5480-HPRRX,3,Month-to-month,Electronic check,25.3,77.75,Yes,0.67285,High,53.49,False
8792-AOROI,8,Two year,Mailed check,65.5,564.35,No,0.01725952,Low,17.76,False
0295-PPHDO,1,Month-to-month,Electronic check,95.45,95.45,Yes,0.93129086,High,89.3,True
5146-YYFRZ,67,Two year,Bank transfer (automatic),19.95,1311.75,No,0.009196766,Low,5.68,False
1195-OIYEJ,13,Month-to-month,Electronic check,91.1,1135.7,Yes,0.7477517,High,75.36,True
5906-CVLHP,45,One year,Credit card (automatic),54.15,2319.8,Yes,0.10420623,Low,20.97,False
3452-SRFEG,49,Month-to-month,Bank transfer (automatic),74.6,3720.35,No,0.25184277,Low,36.48,False
4070-OKWVH,52,Month-to-month,Bank transfer (automatic),94.6,5025.8,No,0.2106678,Low,38.65,True
5297-MDOIR,63,One year,Credit card (automatic),81.15,5224.5,No,0.034935746,Low,22.95,False
6369-MCAKO,68,Two year,Bank transfer (automatic),89.05,6185.8,No,0.01871705,Low,23.81,False
4926-UMJZD,31,Month-to-month,Mailed check,49.2,1498.55,No,0.09142299,Low,18.83,False
6848-HJTXY,64,Two year,Credit card (automatic),19.45,1208.6,No,0.015314031,Low,5.99,False
6341-AEVKX,62,One year,Electronic check,104.3,6613.65,No,0.16133954,Low,37.64,True
4501-EQDRN,1,Month-to-month,Bank transfer (automatic),69.7,69.7,Yes,0.78943133,High,72.87,False
2990-HWIML,6,Month-to-month,Electronic check,89.5,573.3,Yes,0.7514482,High,75.21,False
0682-USIXD,21,Month-to-month,Electronic check,86.05,1818.9,No,0.37817055,Medium,48.21,False
6976-BWGLQ,72,Two year,Bank transfer (automatic),25.2,1787.35,No,0.0040414254,Low,6.65,False
7078-NVFAM,32,Month-to-month,Electronic check,35.15,1051.05,No,0.18881208,Low,22.1,False
8065-QBYTO,71,One year,Credit card (automatic),99.65,7181.25,No,0.03973122,Low,27.96,True
2133-TSRRM,34,Month-to-month,Bank transfer (automatic),105.35,3688.6,No,0.1932309,Low,40.14,True
7384-GHBPI,3,Month-to-month,Electronic check,35.15,99.75,Yes,0.7899644,High,64.18,False
7603-USHJS,12,Month-to-month,Credit card (automatic),73.75,871.4,Yes,0.45017636,Medium,50.14,False
7234-FECYN,8,Month-to-month,Electronic check,101.35,780.5,Yes,0.79903865,High,81.54,True
2511-ALLCS,35,Two year,Bank transfer (automatic),24.3,821.6,No,0.010146324,Low,6.85,False
3191-CSNMG,3,Month-to-month,Electronic check,80.7,239.45,No,0.6665904,High,67.05,False
7952-OBOYL,3,Month-to-month,Mailed check,89.85,244.45,No,0.65108246,High,68.27,True
7470-DYNOE,53,One year,Electronic check,61.1,3357.9,No,0.10549524,Low,22.82,False
7853-OETYL,4,Month-to-month,Electronic check,29.05,129.6,No,0.40494046,Medium,35.68,False
1545-ACTAS,48,One year,Bank transfer (automatic),99.7,4977.2,No,0.15226905,Low,35.85,True
5876-HZVZM,6,Month-to-month,Credit card (automatic),55.9,365.35,Yes,0.16067527,Low,25.37,False
1400-MMYXY,3,Month-to-month,Electronic check,105.9,334.65,Yes,0.8420487,High,85.7,True
5126-RCXYW,54,Two year,Credit card (automatic),46.0,2424.05,No,0.035872135,Low,14.13,False
3085-QUOZK,1,Month-to-month,Mailed check,43.95,43.95,Yes,0.433453,Medium,41.44,False
2363-BJLSL,62,Month-to-month,Bank transfer (automatic),80.4,4981.15,No,0.054746047,Low,24.14,False
1956-YIFGE,22,One year,Mailed check,100.05,2090.25,No,0.38415754,Medium,52.17,True
3926-CUQZX,1,Month-to-month,Bank transfer (automatic),45.1,45.1,Yes,0.56875646,Medium,51.21,False
7921-LMDFQ,51,One year,Bank transfer (automatic),94.0,4905.75,No,0.23844056,Low,40.44,True
2925-MXLSX,30,One year,Credit card (automatic),68.95,2038.7,No,0.080189385,Low,23.03,False
5820-PTRYM,56,One year,Credit card (automatic),68.45,4014.0,No,0.039167587,Low,20.03,False
9609-BENEA,35,One year,Electronic check,69.0,2441.7,No,0.13134591,Low,26.63,False
6211-WHMYA,64,Month-to-month,Electronic check,43.85,2751.0,No,0.2129343,Low,25.98,False
4459-BBGHE,30,Month-to-month,Electronic check,44.5,1307.8,No,0.22472504,Low,26.97,False
9945-PSVIP,25,Two year,Mailed check,18.7,383.65,No,0.008968567,Low,5.35,False
1041-RXHRA,41,Month-to-month,Bank transfer (automatic),70.25,2868.05,Yes,0.2625241,Low,36.12,False
1750-CSKKM,9,Month-to-month,Electronic check,55.35,449.75,Yes,0.34906706,Medium,38.42,False
9108-EJFJP,1,Month-to-month,Mailed check,53.55,53.55,No,0.4405762,Medium,44.37,False
0530-IJVDB,70,Two year,Electronic check,114.6,7882.5,No,0.046849355,Low,32.23,True
0508-SQWPL,57,Two year,Bank transfer (automatic),20.1,1087.7,No,0.022481283,Low,6.65,False
2215-ZAFGX,9,Month-to-month,Electronic check,85.5,791.7,No,0.7642095,High,75.09,False
8213-TAZPM,69,One year,Bank transfer (automatic),108.75,7493.05,No,0.17677487,Low,39.85,True
7142-HVGBG,43,Month-to-month,Electronic check,103.0,4414.3,Yes,0.7154873,High,76.11,True
1304-SEGFY,72,Two year,Electronic check,97.85,6841.3,No,0.10357234,Low,31.97,True
7242-EDTYC,44,Two year,Bank transfer (automatic),19.55,819.95,No,0.012076275,Low,5.78,False
2904-GGUAZ,72,Two year,Bank transfer (automatic),84.05,6052.25,No,0.0091161905,Low,21.87,False
8267-ZNYVZ,33,One year,Electronic check,103.75,3361.05,Yes,0.3391557,Medium,49.95,True
5136-GFPMB,54,Month-to-month,Credit card (automatic),89.4,4869.5,No,0.24646784,Low,39.84,False
2595-KIWPV,27,Two year,Credit card (automatic),19.7,509.3,No,0.008865345,Low,5.6,False
5243-SAOTC,54,Month-to-month,Bank transfer (automatic),79.85,4308.25,No,0.29620138,Low,40.91,False
9398-MMQTO,3,Month-to-month,Credit card (automatic),74.45,221.1,No,0.43381914,Medium,49.18,False
7619-PLRLP,53,One year,Bank transfer (automatic),74.1,3833.95,No,0.059406463,Low,22.88,False
6457-GIRWB,1,Month-to-month,Electronic check,69.35,69.35,Yes,0.862218,High,77.88,False
6508-NJYRO,15,One year,Mailed check,18.8,294.95,No,0.012522199,Low,5.63,False
1450-SKCVI,56,Month-to-month,Electronic check,73.85,4092.85,Yes,0.31134096,Medium,40.45,False
4710-NKCAW,5,Month-to-month,Credit card (automatic),64.4,316.9,No,0.12194747,Low,24.81,False
5306-BVTKJ,48,One year,Credit card (automatic),55.8,2651.2,No,0.10509368,Low,21.45,False
0357-NVCRI,25,Month-to-month,Credit card (automatic),20.05,471.7,No,0.044281736,Low,8.16,False
5570-PTWEH,3,Month-to-month,Credit card (automatic),75.15,216.75,Yes,0.7250967,High,69.74,False
2371-KFUOG,58,One year,Bank transfer (automatic),99.15,5720.95,No,0.12998967,Low,34.15,True
0463-ZSDNT,10,Month-to-month,Bank transfer (automatic),56.75,503.25,No,0.26453748,Low,32.85,False
6502-MJQAE,1,Month-to-month,Electronic check,69.6,69.6,Yes,0.86280483,High,77.98,False
6257-DTAYD,71,Two year,Credit card (automatic),104.15,7365.3,No,0.088307634,Low,32.49,True
4616-ULAOA,65,Two year,Credit card (automatic),110.8,7245.9,No,0.04161753,Low,30.9,True
7693-LCKZL,5,Month-to-month,Electronic check,80.15,385.0,Yes,0.74797803,High,72.61,False
7746-AWNQW,28,Month-to-month,Mailed check,35.75,961.4,No,0.15334307,Low,19.77,False
5996-EBTKM,67,Two year,Bank transfer (automatic),69.9,4615.9,No,0.03288984,Low,19.96,False
2758-RNWXS,35,One year,Electronic check,89.2,3251.3,No,0.109593004,Low,30.21,False
2314-TNDJQ,72,Two year,Credit card (automatic),55.65,3880.05,No,0.0038864457,Low,14.33,False
2405-LBMUW,61,One year,Bank transfer (automatic),50.7,3088.75,No,0.0428927,Low,15.81,False
3454-JFUBC,68,Two year,Credit card (automatic),20.0,1396.0,No,0.00944457,Low,5.71,False
0032-PGELS,1,Month-to-month,Bank transfer (automatic),30.5,30.5,Yes,0.4908662,Medium,42.07,False
9039-ZVJDC,3,Month-to-month,Mailed check,19.1,53.05,No,0.06312345,Low,9.24,False
6797-LNAQX,70,Two year,Bank transfer (automatic),98.3,6859.5,Yes,0.08272797,Low,30.62,True
9013-AQORL,48,Month-to-month,Credit card (automatic),45.55,2108.35,No,0.19502841,Low,25.16,False
2898-MRKPI,68,One year,Credit card (automatic),101.05,6770.5,No,0.24809529,Low,42.9,True
2750-BJLSB,47,One year,Electronic check,103.7,4730.6,No,0.24751021,Low,43.52,True
3648-GZPHF,32,One year,Mailed check,36.25,1151.05,No,0.0794868,Low,14.72,False
2075-RMJIK,5,Month-to-month,Mailed check,49.4,232.55,No,0.24389862,Low,29.55,False
9588-YRFHY,49,Two year,Credit card (automatic),19.9,1022.6,No,0.009092045,Low,5.66,False
6394-MFYNG,48,Month-to-month,Bank transfer (automatic),107.4,5121.3,Yes,0.4270192,Medium,57.02,True
1564-NTYXF,13,Month-to-month,Electronic check,82.0,1127.2,Yes,0.7711221,High,74.69,False
9364-YKUVW,15,Month-to-month,Mailed check,19.8,309.4,No,0.15490043,Low,15.85,False
5392-AKEMH,12,Month-to-month,Electronic check,45.05,523.1,No,0.31758502,Medium,33.61,False
2451-YMUXS,67,Two year,Bank transfer (automatic),64.55,4250.1,No,0.01579243,Low,17.41,False
3914-FDRHP,9,Month-to-month,Electronic check,86.25,770.5,No,0.49315593,Medium,56.31,False
3078-ZKNTS,13,Two year,Bank transfer (automatic),19.75,246.7,No,0.026567256,Low,6.85,False
1024-KPRBB,38,One year,Mailed check,89.1,3342.0,No,0.15572535,Low,33.41,False
4690-PKDQG,42,Month-to-month,Electronic check,95.55,3930.6,No,0.4569355,Medium,56.12,True
8155-IBNHG,24,Month-to-month,Credit card (automatic),75.4,1747.85,Yes,0.25684583,Low,37.03,False
0886-QGENL,27,Month-to-month,Electronic check,101.25,2754.45,Yes,0.63326216,High,69.91,True
9547-ITEFG,9,Month-to-month,Credit card (automatic),102.6,897.75,No,0.7285813,High,76.92,True
1264-FUHCX,49,One year,Credit card (automatic),56.3,2780.6,No,0.15901028,Low,25.35,False
7789-CRUVC,61,Month-to-month,Credit card (automatic),94.2,5895.45,No,0.08193955,Low,29.53,True
6598-KELSS,50,One year,Bank transfer (automatic),43.05,2208.05,No,0.05785916,Low,14.93,False
8739-WWKDU,25,Month-to-month,Electronic check,89.5,2196.15,Yes,0.6336444,High,66.97,False
8685-WHQPW,22,Month-to-month,Bank transfer (automatic),74.4,1692.6,Yes,0.39702216,Medium,46.59,False
4745-LSPLO,1,Month-to-month,Mailed check,20.5,20.5,Yes,0.3254794,Medium,27.96,False
8083-YTZES,4,Month-to-month,Electronic check,74.35,265.35,Yes,0.74729306,High,71.09,False
7240-FQLHE,18,Month-to-month,Bank transfer (automatic),99.75,1836.25,Yes,0.5771006,Medium,65.6,True
6664-FPDAC,56,One year,Electronic check,111.95,6418.9,Yes,0.23667021,Low,44.85,True
9972-VAFJJ,53,One year,Electronic check,94.0,4871.45,No,0.13389213,Low,33.12,True
0422-UXFAP,51,One year,Electronic check,98.85,4947.55,No,0.32335195,Medium,47.61,True
1904-WAJAA,24,Two year,Electronic check,64.35,1558.65,No,0.025642939,Low,18.05,False
5130-YPIRV,62,Two year,Credit card (automatic),72.0,4284.2,No,0.016520148,Low,19.35,False
2843-CQMEG,24,Month-to-month,Mailed check,49.7,1218.25,No,0.1365396,Low,22.11,False
6439-PKTRR,70,Two year,Electronic check,80.7,5617.95,No,0.024972057,Low,22.14,False
5351-QESIO,1,Month-to-month,Mailed check,24.2,24.2,No,0.47393346,Medium,39.29,False
0786-VSSUD,16,Month-to-month,Mailed check,39.0,679.85,Yes,0.43460882,Medium,40.28,False
5568-DMXZS,8,Month-to-month,Electronic check,65.45,554.45,No,0.24076055,Low,33.39,False
8468-FZTOE,72,Two year,Electronic check,74.35,5237.4,No,0.0130193755,Low,19.69,False
6633-SYEUS,23,Month-to-month,Bank transfer (automatic),83.2,2032.3,No,0.17729914,Low,33.43,False
6447-GORXK,31,Month-to-month,Credit card (automatic),25.0,789.2,No,0.15592551,Low,17.23,False
6967-PEJLL,37,One year,Electronic check,40.2,1525.35,No,0.042164184,Low,13.11,False
3976-BWUCK,30,Month-to-month,Credit card (automatic),94.1,2804.45,Yes,0.3497442,Medium,48.25,True
5981-ZVXOT,35,One year,Electronic check,108.35,3726.15,No,0.19897449,Low,41.3,True
1684-FLBGS,23,Month-to-month,Credit card (automatic),69.5,1652.1,No,0.09065425,Low,23.9,False
1389-WNUIB,20,One year,Bank transfer (automatic),76.0,1588.75,No,0.060671173,Low,23.45,False
0376-OIWME,36,Month-to-month,Electronic check,93.6,3366.05,No,0.2992374,Low,44.59,True
3585-ISXZP,8,Month-to-month,Bank transfer (automatic),95.65,778.1,Yes,0.7316891,High,75.38,True
0218-QNVAS,71,One year,Bank transfer (automatic),100.55,7113.75,No,0.10538236,Low,32.78,True
6583-QGCSI,50,Month-to-month,Electronic check,88.05,4367.35,Yes,0.48413834,Medium,56.13,False
0804-YGEQV,43,One year,Bank transfer (automatic),24.45,993.15,No,0.028137416,Low,8.15,False
7164-BPTUT,57,Two year,Mailed check,89.55,5012.35,No,0.012196029,Low,23.48,False
4174-LPGTI,41,One year,Bank transfer (automatic),66.5,2728.6,Yes,0.11738103,Low,25.02,False
2523-EWWZL,27,Month-to-month,Electronic check,76.1,2093.4,No,0.33330724,Medium,42.56,False
0928-XUTSN,13,Month-to-month,Electronic check,80.5,1011.8,No,0.5055269,Medium,55.72,False
2108-XWMPY,3,Month-to-month,Mailed check,35.45,106.85,Yes,0.4885734,Medium,43.16,False
0052-YNYOT,67,One year,Electronic check,20.55,1343.4,No,0.013850277,Low,6.16,False
6304-IJFSQ,3,Month-to-month,Mailed check,49.9,130.1,Yes,0.39714485,Medium,40.41,False
9586-JGQKH,64,Two year,Bank transfer (automatic),105.4,6794.75,No,0.045501508,Low,29.81,True
4501-VCPFK,26,Month-to-month,Electronic check,35.75,1022.5,No,0.16057038,Low,20.27,False
6075-SLNIL,38,Month-to-month,Credit card (automatic),95.1,3691.2,No,0.27921796,Low,43.57,True
9347-AERRL,23,One year,Credit card (automatic),19.3,486.2,No,0.013395407,Low,5.81,False
0093-XWZFY,40,Month-to-month,Credit card (automatic),104.5,4036.85,Yes,0.540938,Medium,64.27,True
2274-XUATA,72,Two year,Bank transfer (automatic),63.1,4685.55,No,0.011199482,Low,16.73,False
1980-KXVPM,3,Month-to-month,Credit card (automatic),75.05,256.25,Yes,0.7242875,High,69.66,False
7703-ZEKEF,23,Month-to-month,Electronic check,81.0,1917.1,Yes,0.5036407,Medium,55.72,False
0723-DRCLG,1,Month-to-month,Electronic check,74.45,74.45,Yes,0.89854765,High,81.71,False
5482-NUPNA,4,Month-to-month,Mailed check,60.4,272.15,Yes,0.16798693,Low,27.02,False
6691-CCIHA,62,Two year,Electronic check,84.95,5150.55,No,0.024274323,Low,23.16,False
1685-BQULA,40,Month-to-month,Bank transfer (automatic),93.4,3756.4,No,0.29795608,Low,44.45,True
9053-EJUNL,41,Month-to-month,Electronic check,89.2,3645.75,No,0.41652843,Medium,51.69,False
0666-UXTJO,34,Month-to-month,Credit card (automatic),85.2,2874.45,No,0.39281738,Medium,49.02,False
1471-GIQKQ,1,Month-to-month,Electronic check,49.95,49.95,No,0.39835995,Medium,40.5,False
4807-IZYOZ,51,Two year,Bank transfer (automatic),20.65,1020.75,No,0.008838504,Low,5.84,False
1122-JWTJW,1,Month-to-month,Mailed check,70.65,70.65,Yes,0.7673807,High,71.57,False
9710-NJERN,39,Two year,Mailed check,20.15,826.0,No,0.009507682,Low,5.76,False
9837-FWLCH,12,Month-to-month,Electronic check,19.2,239.0,No,0.06463293,Low,9.37,False
1699-HPSBG,12,One year,Electronic check,59.8,727.8,Yes,0.1251747,Low,23.87,False
7203-OYKCT,72,One year,Electronic check,104.95,7544.3,No,0.19705205,Low,40.31,True
1035-IPQPU,63,Month-to-month,Electronic check,103.5,6479.4,No,0.34453192,Medium,50.26,True
7398-LXGYX,44,Month-to-month,Credit card (automatic),84.8,3626.35,No,0.19890492,Low,35.35,False
2823-LKABH,18,Month-to-month,Bank transfer (automatic),95.05,1679.4,No,0.3385735,Medium,47.71,True
8775-CEBBJ,9,Month-to-month,Bank transfer (automatic),44.2,403.35,Yes,0.26846337,Low,29.96,False
0550-DCXLH,13,Month-to-month,Mailed check,73.35,931.55,No,0.1238137,Low,27.2,False
9281-CEDRU,68,Two year,Bank transfer (automatic),64.1,4326.25,No,0.013058169,Low,17.11,False
2235-DWLJU,6,Month-to-month,Electronic check,44.4,263.05,No,0.5821754,Medium,51.97,False
0871-OPBXW,2,Month-to-month,Mailed check,20.05,39.25,No,0.13960977,Low,14.84,False
3605-JISKB,55,One year,Credit card (automatic),60.0,3316.1,No,0.059288878,Low,19.31,False
6894-LFHLY,1,Month-to-month,Electronic check,75.75,75.75,Yes,0.9281292,High,84.11,False
9767-FFLEM,38,Month-to-month,Credit card (automatic),69.5,2625.25,No,0.32464847,Medium,40.28,False
0639-TSIQW,67,Month-to-month,Credit card (automatic),102.95,6886.25,Yes,0.286358,Low,46.05,True
8456-QDAVC,19,Month-to-month,Bank transfer (automatic),78.7,1495.1,No,0.37186804,Medium,45.91,False
7750-EYXWZ,12,One year,Electronic check,60.65,743.3,No,0.17165065,Low,27.34,False
2569-WGERO,72,Two year,Bank transfer (automatic),21.15,1419.4,No,0.005892004,Low,5.76,False
6840-RESVB,24,One year,Mailed check,84.8,1990.5,No,0.070549116,Low,26.36,False
2234-XADUH,72,One year,Credit card (automatic),103.2,7362.9,No,0.058670796,Low,30.18,True
4801-JZAZL,11,Month-to-month,Electronic check,29.6,346.45,No,0.22658779,Low,23.34,False
8361-LTMKD,4,Month-to-month,Mailed check,74.4,306.6,Yes,0.75504947,High,71.65,False
3186-AJIEK,66,Two year,Bank transfer (automatic),105.65,6844.5,No,0.17944582,Low,39.25,True
